order_id,customer_id,product_id,quantity,order_amount,order_status,order_timestamp
1,406,77,1,1438.1,PENDING,2025-11-13 12:09:41.465448
2,687,165,3,4280.67,COMPLETED,2025-11-25 23:10:41.465448
3,40,98,5,8138.75,COMPLETED,2026-04-30 01:16:41.465448
4,559,51,5,8711.4,COMPLETED,2026-05-23 13:44:41.465448
5,152,68,2,914.02,PENDING,2025-10-02 10:23:41.465448
6,139,158,5,4762.3,COMPLETED,2026-07-12 03:07:41.465448
7,602,133,3,3478.68,PENDING,2025-09-25 09:36:41.465448
8,651,117,5,2539.8,PENDING,2026-03-17 12:28:41.465448
9,679,154,3,3308.01,COMPLETED,2026-02-24 07:38:41.465448
10,208,163,4,4758.0,COMPLETED,2026-05-06 15:02:41.465448
11,903,94,3,5747.94,COMPLETED,2026-04-12 14:56:41.465448
12,53,11,2,939.3,COMPLETED,2026-08-11 18:48:41.465448
13,986,53,5,7046.4,CANCELLED,2026-06-19 07:24:41.465448
14,427,127,1,552.84,COMPLETED,2026-02-26 19:29:41.465448
15,929,18,4,2295.84,COMPLETED,2026-07-02 02:39:41.465448
16,638,192,2,2502.72,COMPLETED,2026-03-05 11:13:41.465448
17,478,131,3,2897.34,CANCELLED,2026-07-27 13:14:41.465448
18,261,94,3,5747.94,COMPLETED,2025-10-31 00:59:41.465448
19,716,54,3,1208.1,COMPLETED,2026-06-21 08:22:41.465448
20,657,126,1,1218.85,CANCELLED,2026-05-22 11:57:41.465448
21,322,82,4,6858.28,COMPLETED,2026-02-18 03:50:41.465448
22,8,10,1,840.97,PENDING,2026-04-28 22:24:41.465448
23,859,172,2,263.32,PENDING,2026-02-27 12:35:41.465448
24,381,59,3,3642.75,CANCELLED,2026-02-08 04:34:41.465448
25,675,25,1,1531.11,COMPLETED,2025-09-30 05:49:41.465448
26,753,191,5,3906.3,PENDING,2026-02-02 14:08:41.465448
27,474,42,2,3579.86,CANCELLED,2025-11-11 19:41:41.465448
28,643,74,4,790.88,COMPLETED,2026-03-16 03:21:41.465448
29,946,36,3,2704.14,CANCELLED,2026-08-13 15:23:41.465448
30,773,56,2,3526.44,PENDING,2026-05-29 16:59:41.465448
31,791,8,1,1182.52,COMPLETED,2026-07-26 09:12:41.465448
32,836,86,4,5685.0,CANCELLED,2026-07-28 13:20:41.465448
33,668,145,2,1138.68,COMPLETED,2026-02-19 22:22:41.465448
34,121,136,1,56.53,COMPLETED,2026-08-08 22:32:41.465448
35,666,49,2,1966.42,COMPLETED,2026-07-26 14:59:41.465448
36,43,34,2,3944.02,COMPLETED,2026-05-11 13:42:41.465448
37,115,144,4,1984.4,COMPLETED,2026-02-26 15:42:41.465448
38,112,102,3,1317.09,COMPLETED,2026-01-27 19:39:41.465448
39,836,67,4,6067.96,COMPLETED,2026-08-30 04:44:41.465448
40,871,191,3,2343.78,PENDING,2026-02-10 01:48:41.465448
41,187,90,2,280.44,PENDING,2026-05-17 20:58:41.465448
42,521,92,5,1717.7,COMPLETED,2026-07-18 05:44:41.465448
43,732,53,2,2818.56,PENDING,2026-01-28 11:42:41.465448
44,215,172,2,263.32,COMPLETED,2026-05-18 10:32:41.465448
45,380,68,1,457.01,COMPLETED,2026-08-04 14:28:41.465448
46,727,153,5,766.95,COMPLETED,2026-03-30 20:30:41.465448
47,82,49,4,3932.84,COMPLETED,2026-08-22 01:52:41.465448
48,873,90,3,420.66,COMPLETED,2026-07-25 02:22:41.465448
49,892,74,5,988.6,CANCELLED,2026-04-09 00:55:41.465448
50,776,85,1,995.72,COMPLETED,2026-01-11 14:20:41.465448
51,691,111,2,1513.24,COMPLETED,2025-11-06 05:49:41.465448
52,764,173,5,6340.35,COMPLETED,2026-01-10 05:32:41.465448
53,894,61,5,7354.8,COMPLETED,2025-10-18 20:27:41.465448
54,873,131,2,1931.56,COMPLETED,2025-09-18 11:09:41.465448
55,828,147,1,1984.98,CANCELLED,2026-01-13 01:08:41.465448
56,819,9,4,1285.64,COMPLETED,2026-09-10 19:32:41.465448
57,728,36,2,1802.76,PENDING,2025-10-05 22:28:41.465448
58,955,3,3,3280.38,COMPLETED,2025-09-30 09:56:41.465448
59,755,195,4,6596.52,CANCELLED,2026-01-07 07:54:41.465448
60,123,107,2,3150.78,PENDING,2026-07-21 12:02:41.465448
61,243,4,2,1809.48,COMPLETED,2025-09-30 03:58:41.465448
62,432,167,3,2172.48,COMPLETED,2026-07-30 19:50:41.465448
63,214,71,1,1547.32,COMPLETED,2025-11-08 23:53:41.465448
64,467,88,5,1804.9,COMPLETED,2026-08-04 10:03:41.465448
65,799,89,3,4135.89,CANCELLED,2026-04-27 08:43:41.465448
66,649,189,4,1544.16,CANCELLED,2026-08-06 07:13:41.465448
67,525,171,3,1183.53,PENDING,2026-03-01 16:17:41.465448
68,943,192,4,5005.44,COMPLETED,2025-10-21 21:35:41.465448
69,566,97,2,3571.9,CANCELLED,2026-03-16 00:03:41.465448
70,168,7,4,2612.64,COMPLETED,2026-06-07 06:06:41.465448
71,870,128,5,2076.95,COMPLETED,2025-12-08 19:20:41.465448
72,77,5,2,520.4,COMPLETED,2026-06-15 20:37:41.465448
73,89,163,4,4758.0,COMPLETED,2025-11-21 09:00:41.465448
74,994,143,1,1774.65,PENDING,2026-05-19 08:37:41.465448
75,644,43,2,3865.16,COMPLETED,2026-06-13 16:09:41.465448
76,586,27,5,361.4,COMPLETED,2026-05-14 13:09:41.465448
77,249,154,3,3308.01,PENDING,2025-11-14 23:09:41.465448
78,158,169,4,7381.36,CANCELLED,2026-08-14 12:06:41.465448
79,355,119,4,2823.04,COMPLETED,2026-05-28 13:24:41.465448
80,220,14,4,2883.72,CANCELLED,2025-10-05 10:40:41.465448
81,815,162,1,1243.83,PENDING,2026-02-08 10:44:41.465448
82,160,190,1,1783.39,COMPLETED,2025-09-19 00:01:41.465448
83,981,63,3,4942.98,COMPLETED,2025-11-03 17:57:41.465448
84,993,92,5,1717.7,CANCELLED,2026-01-07 00:05:41.465448
85,271,4,1,904.74,PENDING,2026-09-06 09:00:41.465448
86,349,137,5,4712.5,PENDING,2026-05-20 11:53:41.465448
87,472,23,4,6642.16,PENDING,2025-12-13 01:36:41.465448
88,27,8,2,2365.04,PENDING,2026-03-22 19:06:41.465448
89,380,13,3,5022.24,COMPLETED,2026-01-30 00:31:41.465448
90,828,191,3,2343.78,COMPLETED,2025-12-18 13:56:41.465448
91,698,76,5,1844.55,PENDING,2026-07-01 13:16:41.465448
92,584,166,1,362.13,COMPLETED,2025-10-21 05:25:41.465448
93,138,85,2,1991.44,COMPLETED,2026-04-05 02:46:41.465448
94,966,40,5,4613.1,COMPLETED,2026-06-27 07:34:41.465448
95,411,193,5,5201.05,COMPLETED,2026-08-02 21:26:41.465448
96,371,193,4,4160.84,COMPLETED,2026-05-18 11:27:41.465448
97,228,42,4,7159.72,COMPLETED,2026-04-14 07:30:41.465448
98,262,81,2,2722.8,COMPLETED,2026-02-21 08:58:41.465448
99,446,58,5,8046.2,PENDING,2026-01-18 21:48:41.465448
100,283,99,3,2473.8,CANCELLED,2026-02-26 02:16:41.465448
101,484,112,5,1934.05,COMPLETED,2025-11-26 11:20:41.465448
102,921,15,3,3606.96,PENDING,2026-06-11 12:54:41.465448
103,445,152,1,584.63,COMPLETED,2026-01-17 10:42:41.465448
104,208,151,2,433.4,COMPLETED,2025-10-01 14:16:41.465448
105,167,91,4,6969.72,CANCELLED,2025-10-01 00:35:41.465448
106,288,118,4,6204.76,COMPLETED,2026-04-15 02:23:41.465448
107,998,182,2,2038.24,COMPLETED,2025-12-04 06:23:41.465448
108,199,67,5,7584.95,COMPLETED,2026-02-01 06:11:41.465448
109,233,155,2,2026.4,COMPLETED,2026-07-11 03:03:41.465448
110,352,153,2,306.78,COMPLETED,2025-10-07 01:03:41.465448
111,18,59,3,3642.75,CANCELLED,2026-03-17 11:46:41.465448
112,638,103,2,3582.52,COMPLETED,2026-01-06 22:08:41.465448
113,516,143,1,1774.65,PENDING,2026-06-25 11:23:41.465448
114,552,59,5,6071.25,COMPLETED,2026-06-06 02:05:41.465448
115,122,194,3,5171.28,COMPLETED,2025-10-10 03:20:41.465448
116,942,57,1,1241.69,COMPLETED,2026-09-05 17:55:41.465448
117,332,31,1,690.91,COMPLETED,2026-07-01 19:37:41.465448
118,545,60,1,1876.8,COMPLETED,2026-03-08 18:20:41.465448
119,450,74,1,197.72,COMPLETED,2026-03-14 03:05:41.465448
120,213,191,5,3906.3,PENDING,2025-11-30 00:28:41.465448
121,774,51,4,6969.12,COMPLETED,2026-04-24 10:11:41.465448
122,335,156,2,1102.06,COMPLETED,2026-02-27 20:26:41.465448
123,803,45,1,737.39,COMPLETED,2026-03-29 08:28:41.465448
124,976,46,2,22.76,PENDING,2026-05-27 21:02:41.465448
125,872,68,4,1828.04,CANCELLED,2026-01-12 00:49:41.465448
126,209,43,2,3865.16,COMPLETED,2026-07-18 21:16:41.465448
127,110,45,3,2212.17,COMPLETED,2025-10-26 22:47:41.465448
128,645,124,4,5608.64,CANCELLED,2026-03-10 21:45:41.465448
129,752,140,3,4399.35,PENDING,2025-10-17 23:03:41.465448
130,477,115,1,1849.1,PENDING,2026-01-24 06:42:41.465448
131,60,68,1,457.01,COMPLETED,2025-10-14 06:21:41.465448
132,371,91,3,5227.29,COMPLETED,2025-12-18 22:11:41.465448
133,853,90,2,280.44,CANCELLED,2025-11-08 17:08:41.465448
134,826,178,4,2746.32,PENDING,2026-07-27 06:16:41.465448
135,768,38,5,6653.0,CANCELLED,2026-03-17 09:46:41.465448
136,668,93,2,2053.2,COMPLETED,2025-12-23 19:26:41.465448
137,660,74,4,790.88,COMPLETED,2025-09-27 12:53:41.465448
138,992,149,5,7664.55,PENDING,2026-06-09 21:06:41.465448
139,109,95,3,5147.82,COMPLETED,2026-04-17 13:30:41.465448
140,522,166,4,1448.52,COMPLETED,2026-04-20 03:06:41.465448
141,315,91,5,8712.15,COMPLETED,2026-02-08 03:33:41.465448
142,419,42,3,5369.79,COMPLETED,2026-02-09 02:58:41.465448
143,52,28,3,5571.6,PENDING,2025-12-19 04:23:41.465448
144,468,58,1,1609.24,CANCELLED,2026-01-20 14:43:41.465448
145,377,103,2,3582.52,CANCELLED,2026-01-08 13:18:41.465448
146,940,117,5,2539.8,COMPLETED,2026-08-02 06:20:41.465448
147,603,175,1,185.61,COMPLETED,2026-01-22 04:24:41.465448
148,837,52,1,1119.47,CANCELLED,2026-04-08 23:56:41.465448
149,920,13,5,8370.4,PENDING,2026-07-15 09:03:41.465448
150,442,20,3,4126.44,PENDING,2025-12-05 10:21:41.465448
151,604,63,2,3295.32,COMPLETED,2025-10-06 13:46:41.465448
152,543,160,4,6022.32,CANCELLED,2025-10-22 18:36:41.465448
153,261,37,2,2933.56,COMPLETED,2026-02-24 01:15:41.465448
154,87,179,4,2432.96,COMPLETED,2026-06-20 09:18:41.465448
155,567,181,3,1456.59,CANCELLED,2025-11-24 22:22:41.465448
156,37,20,5,6877.4,COMPLETED,2026-08-14 17:16:41.465448
157,108,153,2,306.78,COMPLETED,2026-03-10 00:30:41.465448
158,726,62,2,3832.42,COMPLETED,2026-06-09 20:37:41.465448
159,906,121,3,3553.23,PENDING,2026-06-20 08:39:41.465448
160,79,133,4,4638.24,COMPLETED,2025-12-20 14:42:41.465448
161,539,166,4,1448.52,COMPLETED,2026-05-30 10:45:41.465448
162,901,99,3,2473.8,COMPLETED,2026-08-20 11:49:41.465448
163,481,24,5,6751.5,COMPLETED,2026-06-24 02:11:41.465448
164,955,9,1,321.41,COMPLETED,2026-04-25 11:55:41.465448
165,848,68,1,457.01,COMPLETED,2026-03-18 13:27:41.465448
166,259,129,3,4146.99,COMPLETED,2025-12-27 05:54:41.465448
167,61,35,1,611.54,COMPLETED,2026-04-27 08:27:41.465448
168,907,47,1,291.02,CANCELLED,2025-12-21 01:07:41.465448
169,674,7,1,653.16,COMPLETED,2026-07-30 01:35:41.465448
170,887,184,2,501.66,COMPLETED,2025-11-23 07:36:41.465448
171,363,173,2,2536.14,COMPLETED,2025-10-19 12:20:41.465448
172,815,115,1,1849.1,COMPLETED,2025-12-16 23:52:41.465448
173,80,178,1,686.58,CANCELLED,2025-12-03 12:49:41.465448
174,571,121,5,5922.05,COMPLETED,2026-07-09 13:24:41.465448
175,496,39,3,5533.59,COMPLETED,2026-08-23 02:04:41.465448
176,294,122,4,5171.04,CANCELLED,2025-12-28 18:43:41.465448
177,100,38,2,2661.2,PENDING,2026-02-04 14:52:41.465448
178,787,67,4,6067.96,COMPLETED,2025-12-12 11:29:41.465448
179,318,41,3,3628.89,COMPLETED,2026-06-04 11:33:41.465448
180,309,174,2,1917.1,COMPLETED,2025-12-11 04:44:41.465448
181,769,199,1,518.67,CANCELLED,2025-10-11 06:53:41.465448
182,646,59,4,4857.0,COMPLETED,2025-12-04 01:16:41.465448
183,425,15,5,6011.6,PENDING,2026-07-11 05:11:41.465448
184,672,16,3,3297.39,COMPLETED,2026-02-03 03:36:41.465448
185,711,94,5,9579.9,CANCELLED,2026-03-27 18:42:41.465448
186,812,121,4,4737.64,CANCELLED,2026-09-11 03:56:41.465448
187,650,116,2,2339.22,COMPLETED,2026-02-07 18:09:41.465448
188,226,98,3,4883.25,PENDING,2025-09-23 11:46:41.465448
189,582,124,2,2804.32,COMPLETED,2026-02-11 20:59:41.465448
190,533,140,4,5865.8,COMPLETED,2026-01-22 21:20:41.465448
191,115,45,4,2949.56,PENDING,2026-07-30 21:37:41.465448
192,612,80,2,2610.84,PENDING,2025-11-07 10:14:41.465448
193,732,56,3,5289.66,PENDING,2026-02-09 02:17:41.465448
194,418,183,4,1517.04,CANCELLED,2026-04-11 00:21:41.465448
195,310,48,5,7182.4,CANCELLED,2026-01-01 08:19:41.465448
196,461,10,4,3363.88,COMPLETED,2026-02-06 18:30:41.465448
197,591,138,5,7490.25,CANCELLED,2026-01-01 17:36:41.465448
198,755,169,2,3690.68,COMPLETED,2026-07-03 12:35:41.465448
199,145,112,3,1160.43,COMPLETED,2026-08-01 15:50:41.465448
200,559,106,5,6221.8,COMPLETED,2026-02-22 10:49:41.465448
201,931,159,3,2454.63,PENDING,2026-02-08 16:29:41.465448
202,103,91,2,3484.86,COMPLETED,2026-03-20 04:23:41.465448
203,381,128,5,2076.95,COMPLETED,2025-10-27 00:56:41.465448
204,620,123,1,1800.64,COMPLETED,2026-03-26 23:44:41.465448
205,992,74,5,988.6,COMPLETED,2026-02-19 07:52:41.465448
206,838,136,1,56.53,CANCELLED,2026-02-02 07:16:41.465448
207,968,94,5,9579.9,COMPLETED,2026-04-01 18:46:41.465448
208,166,25,1,1531.11,PENDING,2026-05-04 18:47:41.465448
209,737,37,2,2933.56,COMPLETED,2026-04-22 09:56:41.465448
210,198,52,4,4477.88,CANCELLED,2026-03-05 21:03:41.465448
211,221,98,4,6511.0,PENDING,2026-07-03 16:53:41.465448
212,23,93,2,2053.2,COMPLETED,2026-05-03 06:23:41.465448
213,369,72,3,1006.74,COMPLETED,2026-05-17 06:07:41.465448
214,750,93,4,4106.4,PENDING,2026-03-13 18:20:41.465448
215,336,90,1,140.22,PENDING,2025-10-18 18:45:41.465448
216,880,125,1,780.97,PENDING,2025-12-23 19:39:41.465448
217,410,135,5,2378.1,COMPLETED,2026-04-24 03:46:41.465448
218,600,130,3,5750.73,COMPLETED,2025-12-24 04:24:41.465448
219,469,184,1,250.83,COMPLETED,2025-12-11 05:37:41.465448
220,585,20,2,2750.96,PENDING,2026-06-15 12:49:41.465448
221,359,86,4,5685.0,CANCELLED,2026-04-26 16:39:41.465448
222,910,151,3,650.1,PENDING,2026-03-04 13:10:41.465448
223,532,91,3,5227.29,COMPLETED,2026-08-14 22:41:41.465448
224,165,70,5,8365.25,PENDING,2026-06-24 20:11:41.465448
225,807,64,3,2576.07,COMPLETED,2026-06-16 04:45:41.465448
226,565,143,3,5323.95,PENDING,2026-09-07 15:52:41.465448
227,667,56,1,1763.22,PENDING,2026-03-27 09:18:41.465448
228,526,85,4,3982.88,COMPLETED,2025-12-20 09:19:41.465448
229,620,158,3,2857.38,COMPLETED,2025-11-11 07:11:41.465448
230,394,77,2,2876.2,COMPLETED,2026-04-25 03:50:41.465448
231,811,121,2,2368.82,PENDING,2026-08-02 01:55:41.465448
232,249,137,4,3770.0,COMPLETED,2025-11-18 12:31:41.465448
233,704,46,3,34.14,COMPLETED,2026-06-19 01:55:41.465448
234,230,164,5,9641.5,PENDING,2026-02-19 16:41:41.465448
235,930,52,1,1119.47,COMPLETED,2026-04-16 03:29:41.465448
236,530,61,4,5883.84,CANCELLED,2026-05-13 16:07:41.465448
237,192,73,1,856.75,COMPLETED,2026-07-07 10:19:41.465448
238,559,87,5,3004.8,CANCELLED,2026-04-01 05:12:41.465448
239,741,177,4,1473.84,COMPLETED,2026-03-21 22:11:41.465448
240,467,113,4,7948.84,COMPLETED,2025-10-16 02:40:41.465448
241,289,22,3,1339.62,COMPLETED,2026-03-25 17:32:41.465448
242,505,25,5,7655.55,PENDING,2025-10-27 05:28:41.465448
243,328,58,3,4827.72,COMPLETED,2026-06-18 16:33:41.465448
244,316,141,3,485.97,COMPLETED,2026-01-12 10:58:41.465448
245,316,167,1,724.16,COMPLETED,2026-05-07 07:16:41.465448
246,639,129,1,1382.33,COMPLETED,2026-01-02 02:39:41.465448
247,280,53,1,1409.28,CANCELLED,2026-05-18 16:18:41.465448
248,975,13,1,1674.08,COMPLETED,2026-06-26 18:43:41.465448
249,111,122,2,2585.52,PENDING,2026-03-03 17:29:41.465448
250,417,37,5,7333.9,COMPLETED,2026-03-07 21:52:41.465448
251,144,91,5,8712.15,COMPLETED,2026-07-28 03:04:41.465448
252,245,129,1,1382.33,COMPLETED,2026-02-16 13:01:41.465448
253,562,127,2,1105.68,PENDING,2025-12-08 18:42:41.465448
254,465,34,1,1972.01,COMPLETED,2026-05-05 13:40:41.465448
255,443,52,2,2238.94,PENDING,2026-04-22 09:52:41.465448
256,444,69,4,6935.28,PENDING,2026-07-07 13:48:41.465448
257,162,29,3,5967.96,COMPLETED,2025-09-30 19:14:41.465448
258,732,123,3,5401.92,COMPLETED,2026-04-04 00:12:41.465448
259,252,125,4,3123.88,COMPLETED,2026-05-11 00:56:41.465448
260,678,103,5,8956.3,PENDING,2026-02-27 07:27:41.465448
261,791,141,3,485.97,COMPLETED,2025-11-09 04:04:41.465448
262,387,132,5,794.4,COMPLETED,2026-05-16 14:24:41.465448
263,300,30,1,1124.6,COMPLETED,2026-01-13 03:57:41.465448
264,876,173,4,5072.28,CANCELLED,2026-07-30 02:25:41.465448
265,222,145,2,1138.68,CANCELLED,2026-04-18 13:11:41.465448
266,759,108,2,83.06,CANCELLED,2026-08-08 00:46:41.465448
267,403,36,2,1802.76,COMPLETED,2025-12-27 20:52:41.465448
268,483,178,3,2059.74,CANCELLED,2025-09-22 08:18:41.465448
269,530,11,2,939.3,COMPLETED,2026-04-11 18:15:41.465448
270,774,30,3,3373.8,COMPLETED,2025-11-25 22:13:41.465448
271,608,117,4,2031.84,CANCELLED,2026-03-13 22:58:41.465448
272,113,28,2,3714.4,CANCELLED,2026-01-09 11:10:41.465448
273,720,51,5,8711.4,COMPLETED,2026-03-15 09:38:41.465448
274,17,185,2,1503.48,CANCELLED,2026-04-06 10:06:41.465448
275,423,74,1,197.72,COMPLETED,2026-07-15 09:46:41.465448
276,721,86,4,5685.0,PENDING,2026-08-12 09:01:41.465448
277,323,81,1,1361.4,COMPLETED,2026-08-10 18:57:41.465448
278,233,158,3,2857.38,COMPLETED,2025-09-21 02:17:41.465448
279,272,25,1,1531.11,COMPLETED,2026-03-25 10:28:41.465448
280,921,115,5,9245.5,COMPLETED,2026-06-14 22:08:41.465448
281,419,14,3,2162.79,COMPLETED,2026-08-12 02:46:41.465448
282,718,182,3,3057.36,COMPLETED,2026-04-05 19:01:41.465448
283,514,23,2,3321.08,CANCELLED,2026-04-24 11:42:41.465448
284,120,23,2,3321.08,COMPLETED,2026-08-13 12:39:41.465448
285,704,180,4,244.52,PENDING,2025-09-18 22:43:41.465448
286,535,1,2,3136.16,PENDING,2026-06-04 01:44:41.465448
287,763,135,5,2378.1,COMPLETED,2026-06-18 20:42:41.465448
288,221,87,2,1201.92,COMPLETED,2025-10-20 20:59:41.465448
289,344,148,5,2723.95,PENDING,2025-09-16 11:44:41.465448
290,673,59,1,1214.25,COMPLETED,2026-06-30 17:47:41.465448
291,974,123,1,1800.64,PENDING,2025-11-06 18:08:41.465448
292,544,58,4,6436.96,COMPLETED,2026-03-22 06:36:41.465448
293,708,45,4,2949.56,COMPLETED,2025-10-26 07:41:41.465448
294,843,48,4,5745.92,COMPLETED,2026-04-16 17:49:41.465448
295,386,1,2,3136.16,COMPLETED,2026-02-15 19:19:41.465448
296,472,73,3,2570.25,COMPLETED,2025-12-11 01:58:41.465448
297,92,153,5,766.95,COMPLETED,2026-05-05 20:05:41.465448
298,711,106,2,2488.72,COMPLETED,2025-11-16 13:56:41.465448
299,125,128,4,1661.56,COMPLETED,2026-05-15 21:47:41.465448
300,733,16,5,5495.65,PENDING,2025-11-18 03:33:41.465448
301,298,99,5,4123.0,CANCELLED,2026-03-13 09:14:41.465448
302,224,69,2,3467.64,PENDING,2026-05-24 22:55:41.465448
303,322,66,2,932.7,PENDING,2026-05-08 11:45:41.465448
304,706,23,4,6642.16,COMPLETED,2026-06-27 15:53:41.465448
305,872,92,3,1030.62,COMPLETED,2025-11-04 23:27:41.465448
306,847,34,1,1972.01,COMPLETED,2026-01-26 23:03:41.465448
307,736,98,4,6511.0,COMPLETED,2025-10-21 14:52:41.465448
308,785,108,2,83.06,COMPLETED,2026-01-22 18:37:41.465448
309,18,68,1,457.01,COMPLETED,2026-05-29 07:00:41.465448
310,800,132,3,476.64,COMPLETED,2026-08-20 07:41:41.465448
311,136,74,2,395.44,COMPLETED,2025-10-21 02:28:41.465448
312,580,157,2,1264.8,COMPLETED,2026-07-25 21:47:41.465448
313,767,62,3,5748.63,COMPLETED,2026-05-16 15:52:41.465448
314,846,92,3,1030.62,COMPLETED,2025-09-26 23:33:41.465448
315,798,80,1,1305.42,COMPLETED,2026-03-21 23:49:41.465448
316,765,192,4,5005.44,COMPLETED,2025-09-14 16:59:41.465448
317,370,100,3,402.12,COMPLETED,2026-05-17 21:03:41.465448
318,621,70,3,5019.15,COMPLETED,2026-01-26 04:49:41.465448
319,888,9,4,1285.64,CANCELLED,2026-08-25 14:14:41.465448
320,942,165,5,7134.45,COMPLETED,2026-01-21 16:35:41.465448
321,406,175,5,928.05,COMPLETED,2026-08-05 09:47:41.465448
322,292,103,3,5373.78,CANCELLED,2026-03-13 22:39:41.465448
323,83,42,4,7159.72,PENDING,2026-03-29 14:06:41.465448
324,793,71,1,1547.32,CANCELLED,2026-04-23 07:16:41.465448
325,834,151,5,1083.5,CANCELLED,2026-05-21 04:40:41.465448
326,822,111,2,1513.24,COMPLETED,2026-05-19 01:32:41.465448
327,893,137,5,4712.5,COMPLETED,2026-06-29 17:05:41.465448
328,560,123,2,3601.28,PENDING,2026-03-03 20:09:41.465448
329,642,57,1,1241.69,COMPLETED,2026-06-18 16:59:41.465448
330,838,171,1,394.51,CANCELLED,2026-05-22 21:26:41.465448
331,3,162,3,3731.49,COMPLETED,2026-02-25 12:44:41.465448
332,515,112,2,773.62,COMPLETED,2026-08-30 21:35:41.465448
333,183,193,5,5201.05,COMPLETED,2026-02-22 11:29:41.465448
334,251,46,4,45.52,CANCELLED,2026-08-08 12:19:41.465448
335,557,148,1,544.79,COMPLETED,2026-02-09 03:24:41.465448
336,815,187,1,841.67,PENDING,2026-04-29 14:49:41.465448
337,539,137,5,4712.5,PENDING,2025-11-24 17:32:41.465448
338,252,17,3,2772.54,COMPLETED,2026-06-21 14:00:41.465448
339,415,23,1,1660.54,COMPLETED,2026-04-25 16:42:41.465448
340,959,181,5,2427.65,COMPLETED,2026-08-21 07:37:41.465448
341,545,5,5,1301.0,COMPLETED,2025-12-23 03:20:41.465448
342,131,19,4,2102.72,CANCELLED,2025-09-20 13:58:41.465448
343,191,130,2,3833.82,COMPLETED,2026-07-12 06:19:41.465448
344,189,99,5,4123.0,CANCELLED,2025-12-12 02:42:41.465448
345,934,101,3,5762.1,COMPLETED,2026-08-20 01:21:41.465448
346,728,157,5,3162.0,COMPLETED,2026-02-14 06:58:41.465448
347,669,150,5,6491.5,PENDING,2026-07-24 16:57:41.465448
348,375,134,3,4801.02,PENDING,2026-06-18 00:31:41.465448
349,107,121,2,2368.82,CANCELLED,2026-07-06 11:13:41.465448
350,411,140,5,7332.25,COMPLETED,2026-03-17 05:34:41.465448
351,780,167,4,2896.64,CANCELLED,2026-08-06 03:08:41.465448
352,616,170,4,4042.84,PENDING,2026-04-27 02:28:41.465448
353,798,117,5,2539.8,COMPLETED,2025-12-17 02:14:41.465448
354,920,193,5,5201.05,COMPLETED,2026-05-12 20:10:41.465448
355,658,32,2,2540.68,COMPLETED,2026-04-29 11:32:41.465448
356,516,97,4,7143.8,COMPLETED,2026-03-15 06:42:41.465448
357,120,195,5,8245.65,COMPLETED,2026-04-26 08:47:41.465448
358,727,151,2,433.4,COMPLETED,2026-01-13 14:28:41.465448
359,700,100,4,536.16,PENDING,2026-04-27 06:42:41.465448
360,205,87,5,3004.8,CANCELLED,2025-09-25 05:25:41.465448
361,325,1,1,1568.08,COMPLETED,2025-11-14 18:31:41.465448
362,138,138,2,2996.1,COMPLETED,2026-05-25 08:54:41.465448
363,7,95,1,1715.94,CANCELLED,2026-01-03 03:43:41.465448
364,21,118,4,6204.76,COMPLETED,2025-11-01 12:57:41.465448
365,131,98,2,3255.5,PENDING,2025-10-19 03:31:41.465448
366,346,76,4,1475.64,COMPLETED,2026-06-20 20:18:41.465448
367,458,86,1,1421.25,COMPLETED,2026-08-20 22:59:41.465448
368,328,160,2,3011.16,COMPLETED,2026-05-30 15:09:41.465448
369,117,115,3,5547.3,COMPLETED,2025-12-08 21:11:41.465448
370,6,15,5,6011.6,COMPLETED,2026-04-16 17:45:41.465448
371,525,118,2,3102.38,COMPLETED,2025-09-28 11:08:41.465448
372,72,7,2,1306.32,COMPLETED,2025-10-25 10:48:41.465448
373,476,133,2,2319.12,PENDING,2026-05-14 00:51:41.465448
374,635,87,4,2403.84,PENDING,2026-06-03 05:19:41.465448
375,417,170,4,4042.84,PENDING,2026-02-18 00:37:41.465448
376,262,44,1,1640.3,COMPLETED,2026-01-07 15:14:41.465448
377,738,186,5,2540.45,CANCELLED,2026-07-14 09:19:41.465448
378,799,34,5,9860.05,COMPLETED,2026-03-19 20:27:41.465448
379,103,103,5,8956.3,PENDING,2026-04-17 16:25:41.465448
380,22,42,1,1789.93,CANCELLED,2025-11-20 23:54:41.465448
381,999,156,5,2755.15,CANCELLED,2026-07-16 20:16:41.465448
382,478,138,2,2996.1,PENDING,2026-03-18 08:51:41.465448
383,557,113,5,9936.05,PENDING,2026-05-18 21:21:41.465448
384,461,42,1,1789.93,COMPLETED,2025-11-21 11:44:41.465448
385,454,137,5,4712.5,PENDING,2025-12-22 21:37:41.465448
386,407,85,5,4978.6,PENDING,2026-07-25 02:42:41.465448
387,292,41,3,3628.89,CANCELLED,2026-01-04 14:16:41.465448
388,7,28,3,5571.6,CANCELLED,2026-01-15 06:20:41.465448
389,727,32,3,3811.02,COMPLETED,2026-05-27 05:05:41.465448
390,349,43,2,3865.16,COMPLETED,2026-03-01 10:08:41.465448
391,55,124,2,2804.32,COMPLETED,2026-02-23 19:08:41.465448
392,111,37,1,1466.78,PENDING,2026-05-06 20:42:41.465448
393,175,81,1,1361.4,CANCELLED,2026-08-04 10:52:41.465448
394,474,185,3,2255.22,CANCELLED,2026-03-19 04:26:41.465448
395,878,59,5,6071.25,CANCELLED,2026-09-02 15:52:41.465448
396,1000,27,4,289.12,COMPLETED,2026-05-17 10:49:41.465448
397,37,133,4,4638.24,COMPLETED,2026-07-14 13:48:41.465448
398,107,65,3,5147.85,COMPLETED,2026-03-26 01:15:41.465448
399,890,126,5,6094.25,COMPLETED,2025-11-10 06:10:41.465448
400,510,98,5,8138.75,CANCELLED,2025-10-18 01:17:41.465448
401,957,3,3,3280.38,COMPLETED,2025-12-28 04:12:41.465448
402,499,180,3,183.39,PENDING,2026-07-12 14:30:41.465448
403,666,183,1,379.26,COMPLETED,2025-10-10 21:16:41.465448
404,376,43,4,7730.32,COMPLETED,2025-12-27 06:36:41.465448
405,548,10,3,2522.91,COMPLETED,2026-07-09 22:21:41.465448
406,532,146,2,2133.92,CANCELLED,2025-12-12 19:15:41.465448
407,55,131,4,3863.12,COMPLETED,2025-11-19 12:29:41.465448
408,513,57,1,1241.69,PENDING,2025-11-24 13:11:41.465448
409,550,111,3,2269.86,COMPLETED,2025-09-26 15:10:41.465448
410,820,138,4,5992.2,COMPLETED,2026-06-22 14:29:41.465448
411,97,105,2,3415.9,COMPLETED,2026-02-09 19:44:41.465448
412,395,116,1,1169.61,COMPLETED,2026-06-29 21:28:41.465448
413,305,101,1,1920.7,PENDING,2026-06-21 05:49:41.465448
414,177,53,1,1409.28,COMPLETED,2026-03-29 17:47:41.465448
415,487,17,5,4620.9,CANCELLED,2025-10-28 21:25:41.465448
416,436,87,4,2403.84,COMPLETED,2025-11-02 05:49:41.465448
417,433,60,5,9384.0,COMPLETED,2025-12-03 18:26:41.465448
418,783,78,2,44.2,CANCELLED,2026-05-13 08:47:41.465448
419,515,64,4,3434.76,PENDING,2026-07-17 21:40:41.465448
420,200,163,5,5947.5,COMPLETED,2026-05-06 01:36:41.465448
421,661,102,5,2195.15,CANCELLED,2026-09-01 06:54:41.465448
422,827,118,5,7755.95,CANCELLED,2026-07-20 19:46:41.465448
423,476,105,2,3415.9,COMPLETED,2025-11-09 06:09:41.465448
424,22,94,3,5747.94,COMPLETED,2025-11-26 09:48:41.465448
425,57,49,5,4916.05,COMPLETED,2025-09-28 07:56:41.465448
426,182,142,4,1823.52,COMPLETED,2026-09-10 16:16:41.465448
427,165,182,2,2038.24,COMPLETED,2026-01-12 08:22:41.465448
428,331,123,4,7202.56,COMPLETED,2025-10-16 00:20:41.465448
429,224,48,3,4309.44,CANCELLED,2026-03-01 05:26:41.465448
430,270,12,3,5034.48,COMPLETED,2026-05-19 01:24:41.465448
431,568,134,2,3200.68,PENDING,2026-01-28 17:09:41.465448
432,289,172,1,131.66,COMPLETED,2026-06-17 11:59:41.465448
433,158,101,4,7682.8,COMPLETED,2025-11-05 10:57:41.465448
434,593,171,2,789.02,COMPLETED,2026-06-25 04:30:41.465448
435,160,195,3,4947.39,PENDING,2026-02-19 14:41:41.465448
436,437,2,2,3036.16,PENDING,2026-01-27 01:23:41.465448
437,432,96,3,878.1,PENDING,2026-09-07 23:03:41.465448
438,906,172,3,394.98,COMPLETED,2025-12-11 17:31:41.465448
439,830,165,1,1426.89,PENDING,2026-09-07 03:02:41.465448
440,174,77,2,2876.2,CANCELLED,2025-12-24 07:23:41.465448
441,423,55,1,1189.97,COMPLETED,2026-01-16 09:24:41.465448
442,524,180,3,183.39,PENDING,2026-02-13 15:53:41.465448
443,940,47,4,1164.08,COMPLETED,2025-09-28 07:22:41.465448
444,444,47,3,873.06,PENDING,2026-02-25 08:31:41.465448
445,632,34,1,1972.01,COMPLETED,2026-05-11 23:07:41.465448
446,725,134,4,6401.36,PENDING,2025-09-16 02:44:41.465448
447,742,63,5,8238.3,COMPLETED,2026-03-12 02:44:41.465448
448,1,195,3,4947.39,CANCELLED,2025-11-16 04:34:41.465448
449,93,48,5,7182.4,COMPLETED,2026-08-27 15:53:41.465448
450,976,14,2,1441.86,CANCELLED,2026-07-06 17:50:41.465448
451,623,148,1,544.79,CANCELLED,2026-09-09 03:03:41.465448
452,963,98,3,4883.25,PENDING,2025-12-12 06:31:41.465448
453,891,70,2,3346.1,CANCELLED,2026-07-14 05:53:41.465448
454,994,197,5,5334.6,PENDING,2026-07-04 02:00:41.465448
455,137,9,3,964.23,COMPLETED,2025-09-30 01:09:41.465448
456,223,125,4,3123.88,COMPLETED,2025-11-08 06:07:41.465448
457,799,1,4,6272.32,CANCELLED,2025-09-22 02:36:41.465448
458,12,173,1,1268.07,PENDING,2025-09-27 22:01:41.465448
459,24,49,3,2949.63,COMPLETED,2026-08-02 06:08:41.465448
460,141,58,3,4827.72,COMPLETED,2025-12-11 14:32:41.465448
461,722,173,1,1268.07,COMPLETED,2026-07-26 03:22:41.465448
462,137,86,2,2842.5,COMPLETED,2025-10-17 09:10:41.465448
463,294,128,4,1661.56,CANCELLED,2025-11-21 22:08:41.465448
464,268,83,3,2654.58,COMPLETED,2026-07-29 02:58:41.465448
465,330,143,5,8873.25,COMPLETED,2025-11-18 02:10:41.465448
466,743,105,2,3415.9,COMPLETED,2026-05-23 10:20:41.465448
467,845,159,2,1636.42,PENDING,2026-02-17 08:26:41.465448
468,227,193,2,2080.42,COMPLETED,2025-11-29 08:51:41.465448
469,24,36,3,2704.14,COMPLETED,2026-03-02 07:29:41.465448
470,878,13,3,5022.24,CANCELLED,2025-09-20 15:55:41.465448
471,986,88,4,1443.92,COMPLETED,2026-08-21 14:32:41.465448
472,281,98,5,8138.75,COMPLETED,2026-01-03 00:53:41.465448
473,585,35,4,2446.16,COMPLETED,2026-06-21 21:06:41.465448
474,295,151,4,866.8,CANCELLED,2025-10-03 19:09:41.465448
475,814,20,5,6877.4,COMPLETED,2025-12-03 19:08:41.465448
476,599,117,4,2031.84,CANCELLED,2026-01-19 16:28:41.465448
477,444,56,4,7052.88,COMPLETED,2026-07-07 01:03:41.465448
478,825,150,4,5193.2,COMPLETED,2025-10-22 20:05:41.465448
479,325,89,1,1378.63,COMPLETED,2026-05-08 03:50:41.465448
480,353,116,4,4678.44,COMPLETED,2026-05-09 01:26:41.465448
481,625,8,3,3547.56,COMPLETED,2025-11-12 20:13:41.465448
482,196,65,1,1715.95,COMPLETED,2026-08-24 01:33:41.465448
483,476,104,3,716.91,COMPLETED,2025-12-24 07:41:41.465448
484,544,25,5,7655.55,CANCELLED,2026-02-14 18:25:41.465448
485,940,118,2,3102.38,COMPLETED,2026-08-25 08:12:41.465448
486,539,144,3,1488.3,COMPLETED,2026-05-17 18:50:41.465448
487,348,197,4,4267.68,CANCELLED,2026-08-12 22:37:41.465448
488,896,57,2,2483.38,PENDING,2026-07-04 18:05:41.465448
489,747,106,4,4977.44,COMPLETED,2025-12-30 02:30:41.465448
490,379,75,5,6199.5,COMPLETED,2026-01-20 10:24:41.465448
491,117,26,3,4908.78,CANCELLED,2026-06-25 16:15:41.465448
492,441,13,2,3348.16,COMPLETED,2026-02-18 13:24:41.465448
493,649,17,5,4620.9,COMPLETED,2026-01-14 09:03:41.465448
494,498,68,1,457.01,PENDING,2026-04-12 17:47:41.465448
495,243,103,4,7165.04,COMPLETED,2026-08-20 20:55:41.465448
496,69,47,2,582.04,PENDING,2026-08-25 22:00:41.465448
497,957,153,4,613.56,PENDING,2026-03-02 03:34:41.465448
498,703,97,5,8929.75,COMPLETED,2025-10-23 03:45:41.465448
499,724,105,2,3415.9,COMPLETED,2025-12-12 08:12:41.465448
500,743,158,4,3809.84,COMPLETED,2026-07-08 10:51:41.465448
501,4,90,4,560.88,CANCELLED,2026-03-13 21:51:41.465448
502,251,194,2,3447.52,COMPLETED,2026-02-05 08:54:41.465448
503,989,113,3,5961.63,CANCELLED,2026-04-18 02:20:41.465448
504,841,78,5,110.5,COMPLETED,2026-07-31 07:39:41.465448
505,90,11,2,939.3,COMPLETED,2025-11-11 20:22:41.465448
506,816,132,4,635.52,COMPLETED,2026-09-05 08:17:41.465448
507,834,32,1,1270.34,COMPLETED,2025-12-10 01:41:41.465448
508,730,110,1,1999.92,COMPLETED,2026-05-05 03:15:41.465448
509,369,128,1,415.39,COMPLETED,2026-06-22 05:39:41.465448
510,313,133,5,5797.8,COMPLETED,2025-11-02 23:41:41.465448
511,421,51,3,5226.84,COMPLETED,2025-12-05 21:41:41.465448
512,782,39,5,9222.65,COMPLETED,2026-05-25 21:21:41.465448
513,453,125,4,3123.88,PENDING,2026-04-13 22:58:41.465448
514,68,81,2,2722.8,COMPLETED,2026-01-19 10:47:41.465448
515,726,81,5,6807.0,PENDING,2025-12-26 19:48:41.465448
516,948,50,5,4798.05,COMPLETED,2026-08-19 08:23:41.465448
517,34,48,5,7182.4,COMPLETED,2026-06-25 07:45:41.465448
518,865,84,5,9253.6,PENDING,2025-10-31 02:19:41.465448
519,564,168,2,2535.44,CANCELLED,2025-10-24 16:45:41.465448
520,750,35,2,1223.08,COMPLETED,2025-09-21 05:48:41.465448
521,408,73,1,856.75,COMPLETED,2026-06-09 10:46:41.465448
522,919,97,3,5357.85,CANCELLED,2025-11-16 15:37:41.465448
523,321,69,4,6935.28,COMPLETED,2026-02-28 15:42:41.465448
524,70,197,4,4267.68,COMPLETED,2025-10-05 00:30:41.465448
525,379,57,4,4966.76,COMPLETED,2025-10-18 07:19:41.465448
526,604,86,4,5685.0,COMPLETED,2026-05-09 08:43:41.465448
527,534,57,1,1241.69,PENDING,2026-02-03 20:01:41.465448
528,38,40,2,1845.24,COMPLETED,2025-12-10 14:03:41.465448
529,101,174,3,2875.65,PENDING,2026-03-21 10:12:41.465448
530,552,24,1,1350.3,COMPLETED,2026-02-17 18:10:41.465448
531,869,81,4,5445.6,PENDING,2025-12-14 08:18:41.465448
532,793,199,5,2593.35,COMPLETED,2026-05-24 09:17:41.465448
533,499,87,5,3004.8,CANCELLED,2026-01-07 19:07:41.465448
534,969,179,3,1824.72,COMPLETED,2026-05-25 01:47:41.465448
535,772,86,1,1421.25,COMPLETED,2025-10-11 19:49:41.465448
536,266,100,3,402.12,CANCELLED,2025-12-26 02:45:41.465448
537,969,81,5,6807.0,COMPLETED,2026-03-14 15:00:41.465448
538,67,7,4,2612.64,CANCELLED,2026-04-16 14:01:41.465448
539,142,167,2,1448.32,COMPLETED,2026-05-06 19:22:41.465448
540,426,150,2,2596.6,PENDING,2026-09-04 15:58:41.465448
541,268,118,3,4653.57,COMPLETED,2026-02-14 21:24:41.465448
542,468,166,3,1086.39,CANCELLED,2026-01-23 06:11:41.465448
543,148,152,3,1753.89,CANCELLED,2026-05-14 14:25:41.465448
544,300,145,4,2277.36,PENDING,2026-07-29 05:06:41.465448
545,990,143,5,8873.25,PENDING,2025-11-02 23:07:41.465448
546,373,101,3,5762.1,COMPLETED,2026-04-29 02:49:41.465448
547,74,59,2,2428.5,PENDING,2025-10-31 08:09:41.465448
548,240,124,5,7010.8,CANCELLED,2026-07-21 22:23:41.465448
549,495,143,3,5323.95,CANCELLED,2026-08-12 09:28:41.465448
550,220,141,2,323.98,COMPLETED,2026-08-07 22:26:41.465448
551,381,63,4,6590.64,PENDING,2025-11-23 21:39:41.465448
552,504,14,1,720.93,COMPLETED,2026-08-26 18:44:41.465448
553,418,56,5,8816.1,CANCELLED,2026-03-07 15:25:41.465448
554,919,147,4,7939.92,PENDING,2025-12-19 02:41:41.465448
555,390,171,1,394.51,COMPLETED,2026-07-10 19:02:41.465448
556,454,2,4,6072.32,COMPLETED,2025-09-23 17:31:41.465448
557,277,95,3,5147.82,COMPLETED,2026-06-07 21:31:41.465448
558,764,99,1,824.6,COMPLETED,2025-09-29 02:52:41.465448
559,645,26,3,4908.78,COMPLETED,2025-11-18 23:18:41.465448
560,322,114,4,1951.44,COMPLETED,2026-08-24 22:21:41.465448
561,662,168,4,5070.88,COMPLETED,2026-03-19 15:58:41.465448
562,304,76,2,737.82,COMPLETED,2025-11-09 01:20:41.465448
563,272,167,1,724.16,COMPLETED,2026-02-05 01:18:41.465448
564,537,108,4,166.12,COMPLETED,2026-08-30 06:40:41.465448
565,15,197,1,1066.92,CANCELLED,2025-11-22 22:17:41.465448
566,678,161,5,9505.6,COMPLETED,2026-07-26 05:23:41.465448
567,798,111,3,2269.86,CANCELLED,2025-12-09 02:42:41.465448
568,473,48,5,7182.4,COMPLETED,2026-01-14 17:03:41.465448
569,966,51,5,8711.4,COMPLETED,2026-06-21 14:21:41.465448
570,862,43,1,1932.58,PENDING,2026-05-14 01:46:41.465448
571,891,86,3,4263.75,COMPLETED,2025-11-16 02:10:41.465448
572,659,62,1,1916.21,COMPLETED,2025-09-24 04:06:41.465448
573,596,20,4,5501.92,COMPLETED,2026-08-16 08:15:41.465448
574,265,101,2,3841.4,PENDING,2025-11-27 19:43:41.465448
575,630,112,1,386.81,COMPLETED,2026-04-23 09:44:41.465448
576,947,80,2,2610.84,CANCELLED,2026-04-15 17:04:41.465448
577,218,30,4,4498.4,COMPLETED,2025-09-22 14:19:41.465448
578,618,151,5,1083.5,CANCELLED,2026-06-22 16:19:41.465448
579,433,189,3,1158.12,CANCELLED,2025-12-01 11:16:41.465448
580,968,159,3,2454.63,COMPLETED,2026-07-25 00:28:41.465448
581,498,17,5,4620.9,PENDING,2026-05-24 02:57:41.465448
582,315,30,5,5623.0,CANCELLED,2026-08-23 17:26:41.465448
583,184,95,1,1715.94,PENDING,2025-10-31 07:16:41.465448
584,14,200,3,3234.42,COMPLETED,2026-06-23 09:45:41.465448
585,563,179,5,3041.2,CANCELLED,2025-12-26 14:39:41.465448
586,936,54,1,402.7,CANCELLED,2026-09-07 18:49:41.465448
587,529,31,5,3454.55,COMPLETED,2026-08-01 07:07:41.465448
588,970,66,5,2331.75,CANCELLED,2026-08-02 00:59:41.465448
589,676,39,4,7378.12,COMPLETED,2026-01-08 14:09:41.465448
590,377,143,3,5323.95,COMPLETED,2026-05-21 16:24:41.465448
591,254,81,3,4084.2,COMPLETED,2025-10-16 14:56:41.465448
592,735,62,3,5748.63,COMPLETED,2026-06-16 23:25:41.465448
593,888,79,2,632.2,CANCELLED,2026-09-05 22:43:41.465448
594,11,151,2,433.4,PENDING,2025-11-18 01:16:41.465448
595,269,133,2,2319.12,COMPLETED,2025-09-15 12:04:41.465448
596,620,194,2,3447.52,COMPLETED,2026-08-23 06:50:41.465448
597,257,42,2,3579.86,COMPLETED,2025-12-14 04:48:41.465448
598,726,20,2,2750.96,COMPLETED,2026-07-22 16:10:41.465448
599,852,95,2,3431.88,COMPLETED,2026-04-28 08:57:41.465448
600,849,150,4,5193.2,COMPLETED,2026-04-24 08:25:41.465448
601,120,155,5,5066.0,COMPLETED,2026-08-04 21:24:41.465448
602,64,195,1,1649.13,COMPLETED,2026-05-10 01:37:41.465448
603,152,29,1,1989.32,COMPLETED,2025-09-21 07:24:41.465448
604,458,155,1,1013.2,COMPLETED,2026-03-13 09:02:41.465448
605,283,30,5,5623.0,COMPLETED,2025-09-22 19:05:41.465448
606,101,70,4,6692.2,COMPLETED,2025-10-24 03:14:41.465448
607,621,20,5,6877.4,CANCELLED,2026-01-24 04:26:41.465448
608,145,126,2,2437.7,PENDING,2025-09-16 04:54:41.465448
609,456,21,3,5898.33,PENDING,2026-08-20 11:51:41.465448
610,329,1,1,1568.08,COMPLETED,2026-07-08 07:04:41.465448
611,979,111,1,756.62,COMPLETED,2025-10-11 09:38:41.465448
612,532,144,4,1984.4,COMPLETED,2026-04-25 02:57:41.465448
613,823,38,3,3991.8,COMPLETED,2026-03-30 23:33:41.465448
614,700,128,1,415.39,COMPLETED,2026-08-15 15:34:41.465448
615,451,66,2,932.7,COMPLETED,2026-05-11 23:52:41.465448
616,316,164,4,7713.2,CANCELLED,2025-11-21 11:32:41.465448
617,554,45,2,1474.78,COMPLETED,2025-11-06 13:57:41.465448
618,529,127,5,2764.2,PENDING,2026-04-10 06:24:41.465448
619,838,76,1,368.91,CANCELLED,2026-05-17 16:57:41.465448
620,642,10,3,2522.91,COMPLETED,2026-06-21 21:11:41.465448
621,173,200,4,4312.56,COMPLETED,2026-05-25 01:46:41.465448
622,839,170,5,5053.55,PENDING,2026-05-16 21:40:41.465448
623,402,21,1,1966.11,COMPLETED,2025-12-03 22:11:41.465448
624,890,165,3,4280.67,COMPLETED,2026-01-29 07:10:41.465448
625,384,152,2,1169.26,CANCELLED,2025-10-07 19:38:41.465448
626,727,134,1,1600.34,COMPLETED,2026-06-19 08:31:41.465448
627,30,35,2,1223.08,PENDING,2026-05-11 15:53:41.465448
628,816,160,4,6022.32,COMPLETED,2025-12-29 08:41:41.465448
629,145,81,4,5445.6,CANCELLED,2026-08-04 16:23:41.465448
630,631,182,1,1019.12,PENDING,2026-01-25 05:02:41.465448
631,292,21,4,7864.44,COMPLETED,2026-08-14 18:59:41.465448
632,360,75,4,4959.6,COMPLETED,2026-04-09 22:49:41.465448
633,855,189,2,772.08,COMPLETED,2026-08-05 20:31:41.465448
634,896,169,2,3690.68,COMPLETED,2026-04-01 05:11:41.465448
635,536,78,4,88.4,COMPLETED,2026-01-31 04:23:41.465448
636,675,149,3,4598.73,COMPLETED,2026-09-09 02:12:41.465448
637,360,186,4,2032.36,CANCELLED,2026-07-31 16:18:41.465448
638,467,196,4,5109.64,CANCELLED,2026-03-24 20:26:41.465448
639,11,99,5,4123.0,COMPLETED,2026-05-10 14:46:41.465448
640,670,86,3,4263.75,CANCELLED,2026-04-22 09:03:41.465448
641,840,1,1,1568.08,COMPLETED,2026-08-18 01:03:41.465448
642,713,93,5,5133.0,CANCELLED,2026-09-09 20:33:41.465448
643,654,101,4,7682.8,COMPLETED,2025-10-07 02:08:41.465448
644,956,29,4,7957.28,PENDING,2026-08-28 22:40:41.465448
645,762,15,2,2404.64,COMPLETED,2026-02-04 11:19:41.465448
646,828,2,3,4554.24,COMPLETED,2025-12-16 00:23:41.465448
647,753,51,5,8711.4,PENDING,2026-04-05 20:06:41.465448
648,445,157,2,1264.8,COMPLETED,2026-04-02 03:35:41.465448
649,39,128,5,2076.95,COMPLETED,2026-03-17 05:08:41.465448
650,909,139,4,4936.16,COMPLETED,2025-10-12 23:54:41.465448
651,920,87,1,600.96,CANCELLED,2025-10-07 21:25:41.465448
652,749,15,1,1202.32,CANCELLED,2026-06-11 07:18:41.465448
653,715,99,4,3298.4,COMPLETED,2026-03-27 13:13:41.465448
654,960,138,1,1498.05,PENDING,2026-07-02 18:51:41.465448
655,702,190,5,8916.95,PENDING,2026-01-23 02:41:41.465448
656,992,159,5,4091.05,COMPLETED,2026-07-04 09:05:41.465448
657,164,47,3,873.06,COMPLETED,2026-02-06 03:34:41.465448
658,63,2,5,7590.4,CANCELLED,2025-10-23 10:18:41.465448
659,353,41,2,2419.26,COMPLETED,2025-09-14 03:38:41.465448
660,444,89,5,6893.15,CANCELLED,2025-11-01 13:18:41.465448
661,653,71,2,3094.64,COMPLETED,2026-08-04 11:20:41.465448
662,372,82,3,5143.71,CANCELLED,2026-09-06 07:21:41.465448
663,918,67,1,1516.99,CANCELLED,2025-10-12 14:37:41.465448
664,637,77,4,5752.4,COMPLETED,2026-01-16 23:42:41.465448
665,896,153,3,460.17,COMPLETED,2026-07-26 08:25:41.465448
666,81,172,5,658.3,COMPLETED,2026-03-28 02:40:41.465448
667,222,97,3,5357.85,COMPLETED,2026-07-14 20:40:41.465448
668,669,31,2,1381.82,PENDING,2025-11-11 07:28:41.465448
669,888,113,3,5961.63,COMPLETED,2026-02-18 05:47:41.465448
670,206,52,4,4477.88,COMPLETED,2026-05-02 07:08:41.465448
671,607,143,5,8873.25,COMPLETED,2026-08-10 16:35:41.465448
672,33,5,4,1040.8,COMPLETED,2026-07-31 20:36:41.465448
673,606,43,5,9662.9,PENDING,2026-09-10 07:30:41.465448
674,191,118,5,7755.95,COMPLETED,2026-09-10 17:43:41.465448
675,528,11,2,939.3,PENDING,2026-07-21 22:38:41.465448
676,952,157,4,2529.6,COMPLETED,2026-06-28 18:28:41.465448
677,870,23,1,1660.54,COMPLETED,2026-03-30 04:54:41.465448
678,280,29,3,5967.96,PENDING,2026-07-01 17:00:41.465448
679,193,149,2,3065.82,COMPLETED,2026-03-15 22:28:41.465448
680,396,148,2,1089.58,PENDING,2026-02-08 04:05:41.465448
681,773,90,2,280.44,COMPLETED,2025-10-01 22:18:41.465448
682,974,19,1,525.68,CANCELLED,2026-07-24 06:11:41.465448
683,258,74,5,988.6,CANCELLED,2026-06-13 21:09:41.465448
684,592,140,4,5865.8,COMPLETED,2026-05-26 12:09:41.465448
685,54,193,3,3120.63,COMPLETED,2026-07-19 10:10:41.465448
686,574,10,5,4204.85,PENDING,2026-07-10 20:14:41.465448
687,663,27,5,361.4,PENDING,2026-04-14 16:50:41.465448
688,805,13,1,1674.08,COMPLETED,2026-03-17 20:33:41.465448
689,323,95,2,3431.88,COMPLETED,2026-05-06 19:49:41.465448
690,478,88,5,1804.9,PENDING,2025-11-07 12:38:41.465448
691,812,41,4,4838.52,CANCELLED,2026-04-15 16:31:41.465448
692,22,113,3,5961.63,COMPLETED,2026-01-31 13:40:41.465448
693,781,77,5,7190.5,COMPLETED,2025-09-30 07:24:41.465448
694,500,28,1,1857.2,CANCELLED,2026-08-16 10:32:41.465448
695,803,131,5,4828.9,COMPLETED,2025-10-05 18:11:41.465448
696,656,130,2,3833.82,COMPLETED,2026-05-31 00:59:41.465448
697,676,56,4,7052.88,COMPLETED,2026-06-21 00:04:41.465448
698,787,49,4,3932.84,COMPLETED,2026-01-26 12:28:41.465448
699,38,77,5,7190.5,COMPLETED,2025-11-30 20:37:41.465448
700,498,162,2,2487.66,PENDING,2026-04-01 09:45:41.465448
701,554,9,4,1285.64,COMPLETED,2026-08-11 13:43:41.465448
702,171,175,2,371.22,COMPLETED,2025-12-31 10:53:41.465448
703,600,107,4,6301.56,PENDING,2026-02-16 04:49:41.465448
704,261,113,2,3974.42,CANCELLED,2025-10-08 22:08:41.465448
705,144,87,4,2403.84,CANCELLED,2025-11-17 07:17:41.465448
706,454,183,1,379.26,COMPLETED,2026-06-30 00:37:41.465448
707,66,119,4,2823.04,CANCELLED,2026-03-05 06:57:41.465448
708,945,22,1,446.54,COMPLETED,2026-08-07 16:11:41.465448
709,53,120,4,6042.8,COMPLETED,2025-10-24 12:48:41.465448
710,391,56,5,8816.1,COMPLETED,2025-12-28 11:14:41.465448
711,750,191,1,781.26,PENDING,2026-03-04 09:56:41.465448
712,459,22,2,893.08,CANCELLED,2026-05-01 15:52:41.465448
713,317,28,4,7428.8,COMPLETED,2026-05-27 11:35:41.465448
714,743,106,2,2488.72,CANCELLED,2026-02-08 14:48:41.465448
715,808,151,5,1083.5,CANCELLED,2026-03-13 16:20:41.465448
716,369,190,3,5350.17,CANCELLED,2026-09-05 06:01:41.465448
717,525,14,2,1441.86,PENDING,2026-02-26 01:29:41.465448
718,391,176,3,1812.3,PENDING,2025-09-17 20:33:41.465448
719,452,4,3,2714.22,COMPLETED,2025-09-27 03:00:41.465448
720,418,200,1,1078.14,COMPLETED,2026-01-19 15:43:41.465448
721,782,65,1,1715.95,PENDING,2026-08-18 20:27:41.465448
722,450,6,1,813.51,COMPLETED,2026-01-30 13:29:41.465448
723,28,151,1,216.7,CANCELLED,2026-01-28 00:03:41.465448
724,554,165,5,7134.45,PENDING,2026-08-17 10:22:41.465448
725,764,67,2,3033.98,COMPLETED,2026-08-04 05:02:41.465448
726,952,6,3,2440.53,COMPLETED,2025-10-02 17:57:41.465448
727,599,183,4,1517.04,COMPLETED,2026-05-06 17:20:41.465448
728,841,184,3,752.49,COMPLETED,2025-12-01 02:22:41.465448
729,771,68,4,1828.04,PENDING,2026-06-14 15:21:41.465448
730,442,32,2,2540.68,COMPLETED,2026-07-08 13:11:41.465448
731,871,94,2,3831.96,CANCELLED,2026-01-01 16:11:41.465448
732,980,103,4,7165.04,COMPLETED,2026-05-05 04:22:41.465448
733,716,197,2,2133.84,COMPLETED,2026-08-09 18:38:41.465448
734,184,108,3,124.59,COMPLETED,2026-03-24 06:43:41.465448
735,705,183,1,379.26,PENDING,2026-03-26 16:12:41.465448
736,226,30,1,1124.6,COMPLETED,2026-03-25 08:57:41.465448
737,235,186,3,1524.27,COMPLETED,2025-10-04 05:20:41.465448
738,551,28,3,5571.6,COMPLETED,2026-04-14 17:57:41.465448
739,511,129,4,5529.32,PENDING,2025-12-26 03:34:41.465448
740,926,52,4,4477.88,COMPLETED,2025-10-28 10:56:41.465448
741,292,132,3,476.64,COMPLETED,2025-09-15 05:40:41.465448
742,217,117,2,1015.92,PENDING,2026-04-22 10:00:41.465448
743,66,1,4,6272.32,CANCELLED,2025-12-22 09:57:41.465448
744,204,101,5,9603.5,COMPLETED,2026-03-11 19:40:41.465448
745,681,57,3,3725.07,COMPLETED,2026-01-14 23:43:41.465448
746,446,19,2,1051.36,COMPLETED,2026-07-14 15:31:41.465448
747,197,46,4,45.52,COMPLETED,2026-07-30 21:18:41.465448
748,169,6,2,1627.02,COMPLETED,2025-10-06 00:55:41.465448
749,652,193,4,4160.84,COMPLETED,2026-08-05 17:38:41.465448
750,374,88,2,721.96,COMPLETED,2026-04-05 04:55:41.465448
751,403,145,1,569.34,COMPLETED,2026-01-07 04:44:41.465448
752,770,4,4,3618.96,COMPLETED,2026-06-01 08:18:41.465448
753,942,62,2,3832.42,COMPLETED,2025-10-01 06:47:41.465448
754,460,120,2,3021.4,COMPLETED,2026-05-15 09:57:41.465448
755,681,68,4,1828.04,COMPLETED,2025-10-01 23:27:41.465448
756,590,183,1,379.26,COMPLETED,2026-03-01 22:33:41.465448
757,429,90,1,140.22,COMPLETED,2026-09-10 14:53:41.465448
758,725,58,1,1609.24,PENDING,2025-11-08 08:53:41.465448
759,247,20,2,2750.96,CANCELLED,2026-08-11 22:09:41.465448
760,593,176,5,3020.5,COMPLETED,2025-12-31 17:49:41.465448
761,558,24,4,5401.2,PENDING,2026-08-25 01:49:41.465448
762,744,70,5,8365.25,PENDING,2025-11-11 19:33:41.465448
763,938,152,5,2923.15,CANCELLED,2026-07-09 14:52:41.465448
764,241,64,5,4293.45,COMPLETED,2026-04-26 01:24:41.465448
765,812,172,4,526.64,COMPLETED,2025-12-14 00:07:41.465448
766,355,59,3,3642.75,PENDING,2026-08-01 23:03:41.465448
767,384,138,5,7490.25,CANCELLED,2026-09-04 07:58:41.465448
768,636,85,4,3982.88,COMPLETED,2026-01-08 04:18:41.465448
769,200,62,3,5748.63,COMPLETED,2025-10-18 16:50:41.465448
770,64,180,3,183.39,CANCELLED,2026-06-22 13:38:41.465448
771,278,132,4,635.52,COMPLETED,2026-02-05 05:50:41.465448
772,926,64,3,2576.07,COMPLETED,2025-10-30 11:11:41.465448
773,857,115,3,5547.3,PENDING,2025-10-17 05:58:41.465448
774,528,139,1,1234.04,COMPLETED,2026-05-05 18:38:41.465448
775,78,16,2,2198.26,COMPLETED,2026-04-09 21:02:41.465448
776,850,77,1,1438.1,CANCELLED,2025-10-30 02:00:41.465448
777,579,150,4,5193.2,COMPLETED,2026-06-30 07:20:41.465448
778,596,60,3,5630.4,COMPLETED,2025-10-19 09:52:41.465448
779,352,150,2,2596.6,COMPLETED,2025-10-15 10:26:41.465448
780,400,68,1,457.01,COMPLETED,2026-01-09 16:46:41.465448
781,322,20,2,2750.96,COMPLETED,2025-11-03 11:03:41.465448
782,699,175,3,556.83,COMPLETED,2026-08-06 21:14:41.465448
783,639,53,4,5637.12,COMPLETED,2026-02-23 11:59:41.465448
784,240,118,5,7755.95,PENDING,2026-01-06 20:10:41.465448
785,779,196,3,3832.23,COMPLETED,2025-09-17 18:52:41.465448
786,720,19,4,2102.72,CANCELLED,2026-05-05 16:12:41.465448
787,377,101,2,3841.4,COMPLETED,2025-12-04 10:27:41.465448
788,289,147,4,7939.92,CANCELLED,2026-06-20 11:58:41.465448
789,274,15,5,6011.6,COMPLETED,2026-03-12 00:24:41.465448
790,186,192,4,5005.44,COMPLETED,2026-04-11 15:27:41.465448
791,30,77,1,1438.1,COMPLETED,2026-04-15 02:09:41.465448
792,441,192,1,1251.36,COMPLETED,2026-01-08 15:47:41.465448
793,941,50,3,2878.83,COMPLETED,2026-09-07 18:27:41.465448
794,354,134,5,8001.7,CANCELLED,2026-03-29 05:32:41.465448
795,293,75,4,4959.6,COMPLETED,2025-10-11 00:57:41.465448
796,338,46,2,22.76,CANCELLED,2025-10-19 19:58:41.465448
797,780,30,3,3373.8,CANCELLED,2025-10-02 07:52:41.465448
798,879,144,5,2480.5,COMPLETED,2026-07-25 20:20:41.465448
799,754,103,5,8956.3,COMPLETED,2026-02-05 09:19:41.465448
800,345,26,1,1636.26,COMPLETED,2026-08-06 07:38:41.465448
801,544,102,1,439.03,COMPLETED,2026-02-25 01:24:41.465448
802,142,164,3,5784.9,COMPLETED,2025-10-05 18:35:41.465448
803,252,88,2,721.96,CANCELLED,2026-08-03 10:19:41.465448
804,762,75,3,3719.7,COMPLETED,2025-12-13 23:12:41.465448
805,750,96,5,1463.5,PENDING,2025-09-17 06:33:41.465448
806,278,119,3,2117.28,COMPLETED,2026-05-12 12:18:41.465448
807,182,45,3,2212.17,COMPLETED,2026-03-08 06:28:41.465448
808,689,48,4,5745.92,CANCELLED,2026-08-01 18:30:41.465448
809,416,155,5,5066.0,COMPLETED,2026-08-03 09:59:41.465448
810,389,68,3,1371.03,COMPLETED,2026-05-07 09:08:41.465448
811,609,103,2,3582.52,CANCELLED,2026-08-18 23:07:41.465448
812,409,126,4,4875.4,COMPLETED,2026-08-30 06:56:41.465448
813,428,86,3,4263.75,COMPLETED,2026-05-26 05:04:41.465448
814,610,23,3,4981.62,COMPLETED,2026-03-31 12:45:41.465448
815,946,161,1,1901.12,COMPLETED,2025-12-28 05:14:41.465448
816,529,157,5,3162.0,COMPLETED,2025-12-21 15:51:41.465448
817,637,76,1,368.91,COMPLETED,2025-11-05 03:12:41.465448
818,829,95,2,3431.88,COMPLETED,2026-06-24 06:09:41.465448
819,78,77,4,5752.4,COMPLETED,2026-04-24 20:09:41.465448
820,266,177,3,1105.38,COMPLETED,2026-06-24 02:17:41.465448
821,440,132,3,476.64,COMPLETED,2026-06-09 20:59:41.465448
822,453,49,2,1966.42,COMPLETED,2025-11-05 02:03:41.465448
823,978,115,3,5547.3,PENDING,2025-12-18 22:21:41.465448
824,572,128,5,2076.95,CANCELLED,2026-06-21 19:23:41.465448
825,388,165,4,5707.56,COMPLETED,2026-06-09 04:36:41.465448
826,883,81,5,6807.0,COMPLETED,2026-02-01 20:11:41.465448
827,459,112,3,1160.43,COMPLETED,2026-07-12 08:08:41.465448
828,910,92,2,687.08,COMPLETED,2026-05-29 16:02:41.465448
829,508,144,2,992.2,COMPLETED,2026-07-28 07:00:41.465448
830,906,194,4,6895.04,CANCELLED,2026-04-04 06:09:41.465448
831,992,62,3,5748.63,CANCELLED,2026-02-28 14:50:41.465448
832,848,106,5,6221.8,CANCELLED,2025-10-12 00:42:41.465448
833,184,43,5,9662.9,CANCELLED,2026-05-04 03:47:41.465448
834,405,100,1,134.04,COMPLETED,2025-12-16 11:20:41.465448
835,12,174,1,958.55,PENDING,2025-12-18 18:01:41.465448
836,719,72,5,1677.9,COMPLETED,2026-02-19 16:48:41.465448
837,775,133,1,1159.56,COMPLETED,2025-11-22 14:03:41.465448
838,798,99,1,824.6,COMPLETED,2026-08-08 12:50:41.465448
839,440,134,5,8001.7,COMPLETED,2026-06-09 02:49:41.465448
840,454,15,1,1202.32,PENDING,2026-07-24 02:39:41.465448
841,648,123,2,3601.28,COMPLETED,2025-11-11 19:52:41.465448
842,941,183,3,1137.78,PENDING,2026-09-10 15:56:41.465448
843,556,191,4,3125.04,COMPLETED,2026-07-10 10:26:41.465448
844,56,62,5,9581.05,COMPLETED,2026-06-24 14:43:41.465448
845,263,43,2,3865.16,PENDING,2025-12-05 02:56:41.465448
846,343,72,1,335.58,COMPLETED,2026-08-12 00:39:41.465448
847,25,46,1,11.38,COMPLETED,2026-05-30 11:08:41.465448
848,880,119,4,2823.04,PENDING,2026-02-12 10:18:41.465448
849,743,88,4,1443.92,COMPLETED,2025-12-23 23:34:41.465448
850,277,4,1,904.74,CANCELLED,2026-09-09 01:28:41.465448
851,817,22,5,2232.7,COMPLETED,2026-06-10 01:04:41.465448
852,615,165,3,4280.67,COMPLETED,2026-03-11 22:15:41.465448
853,607,184,1,250.83,PENDING,2026-03-26 09:10:41.465448
854,633,112,4,1547.24,COMPLETED,2026-06-14 19:50:41.465448
855,993,24,3,4050.9,COMPLETED,2026-03-25 22:20:41.465448
856,455,21,5,9830.55,CANCELLED,2026-05-24 03:52:41.465448
857,306,171,4,1578.04,COMPLETED,2025-09-13 19:04:41.465448
858,190,18,4,2295.84,CANCELLED,2025-10-08 20:29:41.465448
859,279,51,4,6969.12,CANCELLED,2026-06-30 08:59:41.465448
860,63,85,2,1991.44,CANCELLED,2025-09-19 17:28:41.465448
861,975,162,4,4975.32,COMPLETED,2026-08-10 08:43:41.465448
862,868,158,3,2857.38,CANCELLED,2025-12-31 12:01:41.465448
863,654,83,2,1769.72,COMPLETED,2026-02-25 20:55:41.465448
864,73,178,2,1373.16,CANCELLED,2025-11-08 16:00:41.465448
865,980,50,2,1919.22,CANCELLED,2026-04-24 00:32:41.465448
866,548,1,1,1568.08,COMPLETED,2026-09-03 20:46:41.465448
867,843,67,1,1516.99,PENDING,2026-01-24 10:08:41.465448
868,551,63,1,1647.66,COMPLETED,2026-01-08 04:35:41.465448
869,995,120,2,3021.4,COMPLETED,2026-01-28 20:31:41.465448
870,866,70,3,5019.15,COMPLETED,2026-03-29 11:55:41.465448
871,652,164,4,7713.2,COMPLETED,2026-08-25 10:30:41.465448
872,113,189,5,1930.2,COMPLETED,2026-02-05 09:04:41.465448
873,142,97,1,1785.95,CANCELLED,2026-01-15 02:34:41.465448
874,297,87,3,1802.88,COMPLETED,2025-11-15 00:12:41.465448
875,265,23,1,1660.54,COMPLETED,2025-11-23 01:51:41.465448
876,250,49,1,983.21,CANCELLED,2025-12-10 10:19:41.465448
877,904,107,4,6301.56,COMPLETED,2025-12-27 02:15:41.465448
878,471,164,3,5784.9,COMPLETED,2025-10-26 00:03:41.465448
879,183,72,2,671.16,CANCELLED,2026-04-20 23:29:41.465448
880,370,129,4,5529.32,COMPLETED,2026-02-09 03:01:41.465448
881,922,184,3,752.49,COMPLETED,2026-05-03 14:02:41.465448
882,136,91,2,3484.86,CANCELLED,2025-12-19 11:45:41.465448
883,30,127,4,2211.36,COMPLETED,2026-08-03 19:27:41.465448
884,230,147,5,9924.9,COMPLETED,2026-05-14 23:05:41.465448
885,641,96,5,1463.5,COMPLETED,2026-05-18 14:13:41.465448
886,14,122,5,6463.8,CANCELLED,2026-03-12 18:41:41.465448
887,433,48,5,7182.4,COMPLETED,2025-10-12 18:49:41.465448
888,296,42,5,8949.65,PENDING,2025-10-03 23:19:41.465448
889,302,25,4,6124.44,COMPLETED,2025-09-27 12:48:41.465448
890,398,28,2,3714.4,COMPLETED,2026-06-20 11:11:41.465448
891,415,162,4,4975.32,COMPLETED,2026-04-14 10:55:41.465448
892,900,28,5,9286.0,PENDING,2025-11-04 07:35:41.465448
893,193,84,5,9253.6,COMPLETED,2026-09-10 02:21:41.465448
894,903,50,1,959.61,COMPLETED,2026-03-11 03:25:41.465448
895,863,194,1,1723.76,COMPLETED,2026-03-23 10:44:41.465448
896,227,193,3,3120.63,PENDING,2025-11-26 10:17:41.465448
897,699,23,1,1660.54,COMPLETED,2026-07-10 09:26:41.465448
898,902,101,5,9603.5,CANCELLED,2026-03-04 20:03:41.465448
899,39,71,3,4641.96,COMPLETED,2026-05-19 13:32:41.465448
900,973,49,4,3932.84,CANCELLED,2026-01-21 11:05:41.465448
901,763,35,1,611.54,COMPLETED,2025-09-14 22:15:41.465448
902,472,187,1,841.67,COMPLETED,2026-02-15 01:16:41.465448
903,708,39,5,9222.65,COMPLETED,2026-09-03 10:28:41.465448
904,310,56,3,5289.66,CANCELLED,2025-11-23 05:58:41.465448
905,964,64,4,3434.76,PENDING,2026-07-28 08:28:41.465448
906,622,7,5,3265.8,COMPLETED,2026-08-20 07:33:41.465448
907,65,128,1,415.39,COMPLETED,2026-05-12 05:50:41.465448
908,199,194,1,1723.76,COMPLETED,2026-09-10 07:15:41.465448
909,754,191,5,3906.3,PENDING,2026-06-15 12:47:41.465448
910,940,45,5,3686.95,PENDING,2025-12-01 05:55:41.465448
911,205,16,3,3297.39,CANCELLED,2026-01-12 07:43:41.465448
912,654,198,3,3068.52,COMPLETED,2025-11-18 21:15:41.465448
913,118,61,4,5883.84,CANCELLED,2025-10-11 15:22:41.465448
914,920,89,5,6893.15,CANCELLED,2026-05-30 05:00:41.465448
915,409,47,1,291.02,COMPLETED,2026-04-02 05:42:41.465448
916,242,26,1,1636.26,CANCELLED,2025-12-01 10:58:41.465448
917,432,180,1,61.13,COMPLETED,2026-02-11 03:51:41.465448
918,485,53,3,4227.84,COMPLETED,2026-08-11 14:13:41.465448
919,768,70,5,8365.25,CANCELLED,2026-05-06 09:09:41.465448
920,628,79,5,1580.5,PENDING,2026-06-05 04:39:41.465448
921,202,114,2,975.72,CANCELLED,2026-04-26 09:54:41.465448
922,547,24,4,5401.2,CANCELLED,2026-04-05 19:47:41.465448
923,484,105,4,6831.8,COMPLETED,2026-04-16 05:34:41.465448
924,62,190,3,5350.17,COMPLETED,2026-03-05 05:51:41.465448
925,875,151,3,650.1,COMPLETED,2025-10-16 01:34:41.465448
926,650,113,1,1987.21,COMPLETED,2026-04-09 10:21:41.465448
927,37,106,1,1244.36,CANCELLED,2025-12-18 21:08:41.465448
928,820,1,2,3136.16,COMPLETED,2025-11-03 08:39:41.465448
929,458,146,1,1066.96,CANCELLED,2026-06-17 00:01:41.465448
930,834,189,4,1544.16,CANCELLED,2025-12-22 15:06:41.465448
931,311,4,3,2714.22,COMPLETED,2026-09-11 03:16:41.465448
932,844,38,1,1330.6,PENDING,2026-07-25 22:42:41.465448
933,555,46,3,34.14,COMPLETED,2025-10-27 16:25:41.465448
934,817,105,5,8539.75,PENDING,2026-08-08 15:51:41.465448
935,83,152,4,2338.52,COMPLETED,2025-12-31 10:12:41.465448
936,628,87,4,2403.84,COMPLETED,2025-11-26 16:57:41.465448
937,530,141,1,161.99,COMPLETED,2026-07-08 13:02:41.465448
938,874,7,2,1306.32,CANCELLED,2025-10-22 13:32:41.465448
939,985,53,2,2818.56,COMPLETED,2026-08-14 06:47:41.465448
940,663,181,1,485.53,COMPLETED,2025-12-09 05:04:41.465448
941,733,130,1,1916.91,COMPLETED,2026-04-18 07:15:41.465448
942,799,121,5,5922.05,COMPLETED,2026-08-11 09:10:41.465448
943,504,13,4,6696.32,COMPLETED,2026-08-06 22:39:41.465448
944,50,42,4,7159.72,COMPLETED,2026-09-03 05:13:41.465448
945,545,155,4,4052.8,PENDING,2026-08-28 22:22:41.465448
946,71,111,2,1513.24,COMPLETED,2026-04-26 18:55:41.465448
947,857,5,5,1301.0,COMPLETED,2026-09-11 07:44:41.465448
948,342,182,3,3057.36,PENDING,2025-09-22 01:44:41.465448
949,21,66,4,1865.4,COMPLETED,2026-06-20 08:10:41.465448
950,95,8,3,3547.56,COMPLETED,2025-09-30 12:19:41.465448
951,302,95,3,5147.82,COMPLETED,2026-08-27 23:01:41.465448
952,302,1,3,4704.24,COMPLETED,2026-08-06 01:32:41.465448
953,432,106,1,1244.36,COMPLETED,2026-03-09 03:02:41.465448
954,88,128,3,1246.17,PENDING,2026-02-01 02:01:41.465448
955,319,178,1,686.58,COMPLETED,2026-03-22 13:15:41.465448
956,595,139,3,3702.12,COMPLETED,2026-03-10 01:48:41.465448
957,990,69,4,6935.28,COMPLETED,2026-06-04 14:27:41.465448
958,128,136,1,56.53,COMPLETED,2026-05-13 16:09:41.465448
959,740,90,5,701.1,PENDING,2025-10-07 14:33:41.465448
960,658,60,4,7507.2,COMPLETED,2025-12-28 02:09:41.465448
961,51,151,3,650.1,COMPLETED,2026-05-27 09:44:41.465448
962,342,50,4,3838.44,CANCELLED,2026-08-28 14:18:41.465448
963,956,43,1,1932.58,COMPLETED,2025-09-23 22:36:41.465448
964,810,20,4,5501.92,COMPLETED,2026-08-10 01:42:41.465448
965,850,187,4,3366.68,COMPLETED,2026-03-29 16:24:41.465448
966,740,21,2,3932.22,COMPLETED,2025-12-17 04:27:41.465448
967,753,52,5,5597.35,PENDING,2026-06-21 13:05:41.465448
968,866,156,2,1102.06,CANCELLED,2026-03-09 05:26:41.465448
969,832,90,3,420.66,PENDING,2025-10-12 02:54:41.465448
970,753,139,2,2468.08,PENDING,2025-09-24 12:10:41.465448
971,990,57,1,1241.69,CANCELLED,2026-04-25 00:21:41.465448
972,724,184,4,1003.32,COMPLETED,2026-08-14 08:14:41.465448
973,662,135,2,951.24,PENDING,2026-07-10 04:51:41.465448
974,287,16,5,5495.65,CANCELLED,2026-08-03 04:20:41.465448
975,365,199,3,1556.01,COMPLETED,2026-04-16 15:45:41.465448
976,313,53,3,4227.84,CANCELLED,2025-11-26 16:13:41.465448
977,862,49,1,983.21,CANCELLED,2026-01-13 01:22:41.465448
978,293,160,4,6022.32,PENDING,2026-08-09 14:28:41.465448
979,85,20,2,2750.96,COMPLETED,2026-01-22 12:00:41.465448
980,630,61,1,1470.96,CANCELLED,2026-09-10 17:05:41.465448
981,925,147,3,5954.94,COMPLETED,2026-06-20 11:59:41.465448
982,67,105,2,3415.9,COMPLETED,2026-01-13 21:26:41.465448
983,527,48,1,1436.48,CANCELLED,2026-03-10 16:28:41.465448
984,424,197,3,3200.76,COMPLETED,2026-08-04 17:21:41.465448
985,886,121,4,4737.64,CANCELLED,2026-08-29 11:18:41.465448
986,339,52,3,3358.41,COMPLETED,2025-12-13 10:09:41.465448
987,125,114,2,975.72,CANCELLED,2026-02-10 08:10:41.465448
988,211,55,5,5949.85,COMPLETED,2026-03-15 08:50:41.465448
989,343,115,2,3698.2,COMPLETED,2026-03-26 12:30:41.465448
990,863,60,3,5630.4,COMPLETED,2026-04-18 15:34:41.465448
991,897,144,4,1984.4,COMPLETED,2026-05-29 18:30:41.465448
992,126,161,1,1901.12,COMPLETED,2025-12-06 22:40:41.465448
993,106,145,3,1708.02,PENDING,2026-04-02 20:02:41.465448
994,394,48,1,1436.48,COMPLETED,2026-07-08 14:36:41.465448
995,150,21,5,9830.55,COMPLETED,2026-05-19 10:53:41.465448
996,193,109,5,4909.3,COMPLETED,2026-06-17 11:40:41.465448
997,840,88,1,360.98,PENDING,2025-11-16 11:02:41.465448
998,128,149,5,7664.55,COMPLETED,2026-03-28 05:44:41.465448
999,26,22,1,446.54,PENDING,2026-03-25 03:16:41.465448
1000,993,85,2,1991.44,COMPLETED,2026-03-11 19:30:41.465448
1001,49,38,1,1330.6,CANCELLED,2025-11-28 06:34:41.465448
1002,433,28,5,9286.0,PENDING,2026-07-18 18:36:41.465448
1003,579,69,1,1733.82,CANCELLED,2026-03-17 20:37:41.465448
1004,822,109,2,1963.72,COMPLETED,2026-03-13 08:59:41.465448
1005,375,186,4,2032.36,COMPLETED,2025-11-21 03:59:41.465448
1006,203,119,2,1411.52,COMPLETED,2025-10-05 13:08:41.465448
1007,585,94,2,3831.96,COMPLETED,2026-02-26 16:46:41.465448
1008,506,182,2,2038.24,COMPLETED,2026-03-14 09:05:41.465448
1009,233,181,3,1456.59,COMPLETED,2026-02-17 12:21:41.465448
1010,547,153,2,306.78,COMPLETED,2026-08-01 21:24:41.465448
1011,578,177,4,1473.84,COMPLETED,2025-11-09 16:24:41.465448
1012,389,20,5,6877.4,PENDING,2025-12-25 23:19:41.465448
1013,33,159,4,3272.84,COMPLETED,2026-02-25 14:54:41.465448
1014,201,119,3,2117.28,CANCELLED,2026-03-14 02:18:41.465448
1015,551,34,5,9860.05,PENDING,2026-03-07 05:23:41.465448
1016,634,184,1,250.83,CANCELLED,2025-11-04 07:16:41.465448
1017,438,118,5,7755.95,COMPLETED,2026-01-30 04:11:41.465448
1018,738,167,4,2896.64,COMPLETED,2025-11-01 12:35:41.465448
1019,836,182,5,5095.6,COMPLETED,2026-07-23 17:46:41.465448
1020,806,180,3,183.39,CANCELLED,2026-01-19 15:00:41.465448
1021,44,50,5,4798.05,COMPLETED,2026-05-21 17:08:41.465448
1022,495,158,2,1904.92,PENDING,2026-03-27 16:28:41.465448
1023,798,99,1,824.6,PENDING,2026-05-02 14:54:41.465448
1024,591,1,2,3136.16,CANCELLED,2026-02-28 03:10:41.465448
1025,799,111,1,756.62,COMPLETED,2025-11-04 07:42:41.465448
1026,960,137,2,1885.0,PENDING,2026-08-19 03:00:41.465448
1027,286,148,5,2723.95,COMPLETED,2026-05-30 23:42:41.465448
1028,13,131,5,4828.9,PENDING,2026-07-06 02:18:41.465448
1029,842,149,3,4598.73,PENDING,2026-04-29 14:22:41.465448
1030,543,165,3,4280.67,COMPLETED,2026-04-13 11:16:41.465448
1031,697,57,5,6208.45,PENDING,2026-08-22 15:18:41.465448
1032,893,154,3,3308.01,COMPLETED,2026-04-08 02:07:41.465448
1033,770,150,1,1298.3,PENDING,2026-02-16 06:07:41.465448
1034,237,102,5,2195.15,COMPLETED,2026-02-25 07:28:41.465448
1035,880,122,2,2585.52,COMPLETED,2026-01-30 15:04:41.465448
1036,731,85,1,995.72,COMPLETED,2026-08-11 19:28:41.465448
1037,632,121,2,2368.82,PENDING,2026-02-03 14:14:41.465448
1038,739,6,2,1627.02,PENDING,2026-05-06 00:51:41.465448
1039,394,159,3,2454.63,COMPLETED,2026-02-15 16:08:41.465448
1040,446,14,2,1441.86,PENDING,2026-07-11 05:12:41.465448
1041,579,192,3,3754.08,COMPLETED,2026-04-01 19:11:41.465448
1042,767,125,5,3904.85,COMPLETED,2026-04-19 06:17:41.465448
1043,137,187,2,1683.34,CANCELLED,2026-05-03 04:23:41.465448
1044,55,120,3,4532.1,PENDING,2025-12-31 14:20:41.465448
1045,323,193,2,2080.42,COMPLETED,2026-04-20 06:40:41.465448
1046,347,119,4,2823.04,COMPLETED,2026-02-04 12:28:41.465448
1047,122,51,4,6969.12,PENDING,2025-09-12 19:17:41.465448
1048,405,178,3,2059.74,COMPLETED,2026-03-24 15:11:41.465448
1049,761,182,4,4076.48,CANCELLED,2025-09-28 19:19:41.465448
1050,575,196,2,2554.82,CANCELLED,2026-02-26 10:10:41.465448
1051,946,192,3,3754.08,COMPLETED,2025-11-12 23:21:41.465448
1052,804,101,1,1920.7,COMPLETED,2026-01-28 10:25:41.465448
1053,50,38,4,5322.4,CANCELLED,2026-07-22 19:44:41.465448
1054,992,146,3,3200.88,COMPLETED,2025-10-19 09:16:41.465448
1055,154,6,1,813.51,COMPLETED,2026-06-23 07:26:41.465448
1056,788,139,2,2468.08,COMPLETED,2026-08-25 12:33:41.465448
1057,591,59,1,1214.25,COMPLETED,2026-06-14 15:28:41.465448
1058,21,182,2,2038.24,COMPLETED,2025-10-14 04:55:41.465448
1059,508,28,3,5571.6,COMPLETED,2026-03-08 18:43:41.465448
1060,301,199,2,1037.34,COMPLETED,2026-08-15 20:25:41.465448
1061,327,17,2,1848.36,COMPLETED,2026-05-07 23:08:41.465448
1062,31,113,1,1987.21,PENDING,2026-05-28 15:34:41.465448
1063,693,146,4,4267.84,PENDING,2025-09-26 23:31:41.465448
1064,46,3,3,3280.38,COMPLETED,2025-12-02 17:12:41.465448
1065,765,191,1,781.26,PENDING,2025-10-09 11:55:41.465448
1066,437,190,2,3566.78,PENDING,2025-12-31 21:54:41.465448
1067,473,179,2,1216.48,COMPLETED,2026-07-06 22:36:41.465448
1068,90,8,3,3547.56,COMPLETED,2026-02-18 18:41:41.465448
1069,464,101,1,1920.7,COMPLETED,2026-04-26 11:05:41.465448
1070,407,125,3,2342.91,PENDING,2026-07-21 08:57:41.465448
1071,328,194,5,8618.8,COMPLETED,2025-12-24 06:47:41.465448
1072,378,41,3,3628.89,COMPLETED,2026-06-17 02:21:41.465448
1073,914,85,2,1991.44,COMPLETED,2026-07-23 20:39:41.465448
1074,742,63,5,8238.3,COMPLETED,2025-09-30 11:26:41.465448
1075,168,96,2,585.4,CANCELLED,2026-01-01 21:59:41.465448
1076,106,61,1,1470.96,COMPLETED,2025-10-20 06:29:41.465448
1077,19,166,2,724.26,COMPLETED,2025-12-03 15:55:41.465448
1078,387,181,2,971.06,COMPLETED,2025-10-21 20:29:41.465448
1079,625,33,5,2749.05,PENDING,2026-07-27 13:43:41.465448
1080,443,4,5,4523.7,COMPLETED,2026-08-31 04:56:41.465448
1081,131,136,4,226.12,PENDING,2025-09-15 18:19:41.465448
1082,316,41,4,4838.52,PENDING,2026-01-12 08:20:41.465448
1083,934,50,2,1919.22,COMPLETED,2026-02-23 07:15:41.465448
1084,17,30,1,1124.6,CANCELLED,2026-01-24 17:56:41.465448
1085,471,75,1,1239.9,COMPLETED,2025-10-04 13:15:41.465448
1086,538,31,4,2763.64,CANCELLED,2025-10-03 13:04:41.465448
1087,673,100,4,536.16,COMPLETED,2025-12-20 21:01:41.465448
1088,889,140,4,5865.8,COMPLETED,2026-03-22 01:16:41.465448
1089,403,189,4,1544.16,PENDING,2026-01-13 22:27:41.465448
1090,814,122,5,6463.8,PENDING,2026-06-19 16:23:41.465448
1091,534,179,4,2432.96,PENDING,2026-04-14 10:42:41.465448
1092,290,173,5,6340.35,CANCELLED,2026-04-02 07:07:41.465448
1093,769,100,1,134.04,COMPLETED,2026-07-06 14:43:41.465448
1094,290,189,4,1544.16,COMPLETED,2026-06-02 08:27:41.465448
1095,963,7,4,2612.64,COMPLETED,2026-06-11 11:55:41.465448
1096,583,119,2,1411.52,COMPLETED,2025-10-29 05:56:41.465448
1097,233,48,1,1436.48,COMPLETED,2025-09-16 17:45:41.465448
1098,525,151,4,866.8,COMPLETED,2025-12-20 15:04:41.465448
1099,736,178,3,2059.74,COMPLETED,2026-02-13 06:21:41.465448
1100,812,88,4,1443.92,COMPLETED,2026-08-21 03:04:41.465448
1101,827,98,4,6511.0,PENDING,2025-10-07 08:03:41.465448
1102,475,101,3,5762.1,COMPLETED,2026-06-01 15:21:41.465448
1103,913,42,3,5369.79,COMPLETED,2026-05-18 15:31:41.465448
1104,397,145,1,569.34,COMPLETED,2025-12-28 14:47:41.465448
1105,189,88,1,360.98,COMPLETED,2025-12-26 17:20:41.465448
1106,267,74,4,790.88,COMPLETED,2026-07-30 05:38:41.465448
1107,377,13,2,3348.16,CANCELLED,2025-12-06 21:51:41.465448
1108,263,191,5,3906.3,COMPLETED,2025-12-22 13:34:41.465448
1109,138,142,2,911.76,COMPLETED,2026-01-11 09:20:41.465448
1110,901,190,4,7133.56,COMPLETED,2026-07-19 17:13:41.465448
1111,473,65,1,1715.95,COMPLETED,2026-07-03 12:13:41.465448
1112,567,133,4,4638.24,COMPLETED,2026-06-04 06:31:41.465448
1113,152,185,2,1503.48,COMPLETED,2026-03-19 20:06:41.465448
1114,817,28,2,3714.4,COMPLETED,2025-12-27 14:08:41.465448
1115,777,32,2,2540.68,COMPLETED,2025-12-21 21:58:41.465448
1116,766,75,3,3719.7,CANCELLED,2026-03-20 02:22:41.465448
1117,783,91,4,6969.72,CANCELLED,2026-07-19 09:10:41.465448
1118,445,73,2,1713.5,CANCELLED,2025-12-07 06:00:41.465448
1119,1,23,1,1660.54,COMPLETED,2025-11-04 07:52:41.465448
1120,862,77,1,1438.1,COMPLETED,2026-06-04 12:10:41.465448
1121,756,98,3,4883.25,CANCELLED,2026-06-11 13:02:41.465448
1122,621,10,5,4204.85,CANCELLED,2026-07-17 02:12:41.465448
1123,118,190,4,7133.56,CANCELLED,2025-10-16 22:53:41.465448
1124,160,158,3,2857.38,PENDING,2026-08-15 15:56:41.465448
1125,947,107,1,1575.39,COMPLETED,2025-10-20 16:25:41.465448
1126,520,61,4,5883.84,COMPLETED,2026-03-29 21:27:41.465448
1127,125,167,4,2896.64,COMPLETED,2025-10-12 09:15:41.465448
1128,865,183,3,1137.78,COMPLETED,2025-11-05 06:38:41.465448
1129,827,176,1,604.1,PENDING,2026-08-31 04:20:41.465448
1130,937,10,4,3363.88,COMPLETED,2025-12-01 02:26:41.465448
1131,150,173,4,5072.28,COMPLETED,2026-09-07 14:56:41.465448
1132,788,188,4,450.24,CANCELLED,2026-08-18 02:54:41.465448
1133,823,92,5,1717.7,COMPLETED,2026-07-04 02:26:41.465448
1134,389,48,3,4309.44,PENDING,2026-07-31 23:05:41.465448
1135,837,111,5,3783.1,COMPLETED,2026-01-23 14:26:41.465448
1136,76,76,2,737.82,COMPLETED,2026-02-13 09:36:41.465448
1137,850,68,4,1828.04,COMPLETED,2026-04-30 12:17:41.465448
1138,233,138,5,7490.25,COMPLETED,2025-12-13 07:37:41.465448
1139,770,110,2,3999.84,CANCELLED,2026-06-01 12:21:41.465448
1140,163,71,3,4641.96,COMPLETED,2026-01-17 01:39:41.465448
1141,357,14,1,720.93,PENDING,2026-03-09 05:02:41.465448
1142,414,77,3,4314.3,PENDING,2025-09-23 11:48:41.465448
1143,121,6,4,3254.04,COMPLETED,2026-02-13 22:46:41.465448
1144,707,60,4,7507.2,COMPLETED,2026-07-15 03:15:41.465448
1145,158,159,4,3272.84,PENDING,2026-03-30 08:39:41.465448
1146,375,12,1,1678.16,COMPLETED,2025-10-02 11:25:41.465448
1147,96,47,4,1164.08,COMPLETED,2025-12-04 08:56:41.465448
1148,352,41,2,2419.26,COMPLETED,2026-04-29 18:18:41.465448
1149,326,129,2,2764.66,PENDING,2026-03-13 01:41:41.465448
1150,766,99,2,1649.2,CANCELLED,2026-03-28 00:14:41.465448
1151,692,162,5,6219.15,COMPLETED,2026-03-07 03:23:41.465448
1152,858,49,4,3932.84,CANCELLED,2026-01-20 20:53:41.465448
1153,360,23,2,3321.08,COMPLETED,2026-05-27 02:46:41.465448
1154,847,27,1,72.28,COMPLETED,2026-04-09 18:46:41.465448
1155,598,12,5,8390.8,PENDING,2026-08-27 00:46:41.465448
1156,332,99,3,2473.8,PENDING,2026-04-29 05:42:41.465448
1157,241,173,2,2536.14,COMPLETED,2025-12-29 17:34:41.465448
1158,728,27,2,144.56,COMPLETED,2026-03-17 10:42:41.465448
1159,276,152,2,1169.26,COMPLETED,2026-02-03 10:11:41.465448
1160,416,183,1,379.26,COMPLETED,2026-01-31 12:32:41.465448
1161,581,8,4,4730.08,CANCELLED,2026-05-26 16:15:41.465448
1162,481,72,5,1677.9,COMPLETED,2026-04-25 17:11:41.465448
1163,738,30,1,1124.6,PENDING,2026-03-29 06:29:41.465448
1164,461,46,5,56.9,COMPLETED,2026-05-09 12:56:41.465448
1165,13,88,3,1082.94,CANCELLED,2026-07-09 15:23:41.465448
1166,374,195,3,4947.39,CANCELLED,2026-03-15 13:11:41.465448
1167,835,114,3,1463.58,PENDING,2026-05-10 05:39:41.465448
1168,680,77,3,4314.3,COMPLETED,2026-05-19 03:01:41.465448
1169,439,172,1,131.66,CANCELLED,2026-04-29 16:26:41.465448
1170,432,85,3,2987.16,COMPLETED,2025-11-22 00:49:41.465448
1171,681,89,3,4135.89,COMPLETED,2026-03-24 06:43:41.465448
1172,343,48,4,5745.92,COMPLETED,2025-11-24 04:27:41.465448
1173,111,37,4,5867.12,COMPLETED,2026-01-31 03:39:41.465448
1174,635,56,4,7052.88,COMPLETED,2025-10-26 02:22:41.465448
1175,414,131,4,3863.12,PENDING,2026-07-28 05:31:41.465448
1176,507,200,3,3234.42,COMPLETED,2026-03-24 18:06:41.465448
1177,882,122,1,1292.76,COMPLETED,2026-01-31 07:32:41.465448
1178,951,115,1,1849.1,COMPLETED,2026-07-14 08:25:41.465448
1179,314,173,3,3804.21,PENDING,2026-04-21 10:48:41.465448
1180,786,61,2,2941.92,COMPLETED,2025-12-23 02:43:41.465448
1181,940,168,3,3803.16,COMPLETED,2025-12-31 23:22:41.465448
1182,197,90,5,701.1,COMPLETED,2025-11-30 12:18:41.465448
1183,236,116,4,4678.44,COMPLETED,2026-09-11 08:58:41.465448
1184,403,91,1,1742.43,CANCELLED,2026-07-16 16:53:41.465448
1185,122,140,4,5865.8,COMPLETED,2025-09-22 19:01:41.465448
1186,270,137,1,942.5,COMPLETED,2026-06-07 09:02:41.465448
1187,980,18,2,1147.92,COMPLETED,2026-02-08 11:28:41.465448
1188,85,1,1,1568.08,CANCELLED,2025-10-01 07:51:41.465448
1189,597,145,2,1138.68,PENDING,2025-09-28 20:16:41.465448
1190,170,22,5,2232.7,COMPLETED,2026-03-16 19:40:41.465448
1191,148,128,3,1246.17,CANCELLED,2026-02-06 23:07:41.465448
1192,795,173,4,5072.28,COMPLETED,2026-06-04 04:20:41.465448
1193,132,199,1,518.67,COMPLETED,2026-09-06 00:12:41.465448
1194,590,107,1,1575.39,COMPLETED,2026-05-17 17:06:41.465448
1195,602,73,1,856.75,CANCELLED,2025-12-17 19:00:41.465448
1196,404,45,2,1474.78,COMPLETED,2026-07-31 01:56:41.465448
1197,691,68,1,457.01,COMPLETED,2026-06-21 17:27:41.465448
1198,6,8,3,3547.56,COMPLETED,2026-07-15 19:17:41.465448
1199,887,180,2,122.26,COMPLETED,2025-11-29 13:42:41.465448
1200,589,137,4,3770.0,COMPLETED,2026-01-10 20:21:41.465448
1201,879,180,5,305.65,CANCELLED,2026-06-07 08:22:41.465448
1202,52,154,3,3308.01,CANCELLED,2026-01-05 22:04:41.465448
1203,395,57,1,1241.69,PENDING,2026-06-19 11:31:41.465448
1204,518,23,4,6642.16,COMPLETED,2026-01-03 14:12:41.465448
1205,129,34,2,3944.02,COMPLETED,2026-05-22 08:46:41.465448
1206,300,67,5,7584.95,PENDING,2026-01-19 23:14:41.465448
1207,107,142,1,455.88,CANCELLED,2025-12-12 22:18:41.465448
1208,274,72,5,1677.9,COMPLETED,2025-09-19 13:43:41.465448
1209,250,179,1,608.24,COMPLETED,2026-07-12 11:38:41.465448
1210,124,171,4,1578.04,COMPLETED,2026-02-02 13:38:41.465448
1211,946,73,2,1713.5,COMPLETED,2025-10-08 23:18:41.465448
1212,917,87,5,3004.8,COMPLETED,2025-10-28 04:59:41.465448
1213,833,103,4,7165.04,CANCELLED,2025-12-20 16:19:41.465448
1214,321,150,5,6491.5,COMPLETED,2026-08-17 01:20:41.465448
1215,368,44,3,4920.9,PENDING,2026-06-26 04:13:41.465448
1216,562,144,4,1984.4,COMPLETED,2026-04-09 05:47:41.465448
1217,82,91,5,8712.15,PENDING,2026-04-23 21:38:41.465448
1218,245,94,5,9579.9,COMPLETED,2026-01-17 07:37:41.465448
1219,379,72,1,335.58,PENDING,2026-06-11 01:22:41.465448
1220,75,31,1,690.91,PENDING,2026-07-27 12:50:41.465448
1221,426,42,2,3579.86,COMPLETED,2026-06-20 16:28:41.465448
1222,44,162,1,1243.83,COMPLETED,2026-03-21 05:24:41.465448
1223,186,160,3,4516.74,COMPLETED,2026-01-13 08:54:41.465448
1224,635,55,2,2379.94,PENDING,2025-09-19 07:20:41.465448
1225,15,128,4,1661.56,COMPLETED,2025-09-30 14:52:41.465448
1226,683,104,4,955.88,CANCELLED,2026-05-29 08:11:41.465448
1227,364,181,4,1942.12,COMPLETED,2026-03-13 23:05:41.465448
1228,842,109,3,2945.58,COMPLETED,2026-01-08 05:58:41.465448
1229,975,198,2,2045.68,PENDING,2026-02-28 14:56:41.465448
1230,284,63,3,4942.98,COMPLETED,2025-12-13 10:27:41.465448
1231,588,71,3,4641.96,PENDING,2025-11-08 01:35:41.465448
1232,229,139,1,1234.04,CANCELLED,2026-05-22 01:02:41.465448
1233,544,136,2,113.06,COMPLETED,2026-02-19 05:02:41.465448
1234,935,189,5,1930.2,CANCELLED,2025-12-11 07:56:41.465448
1235,612,3,1,1093.46,CANCELLED,2025-10-12 21:49:41.465448
1236,358,53,3,4227.84,COMPLETED,2025-12-26 05:16:41.465448
1237,464,32,2,2540.68,COMPLETED,2026-07-16 03:49:41.465448
1238,914,14,4,2883.72,PENDING,2026-01-09 09:19:41.465448
1239,267,191,1,781.26,COMPLETED,2026-01-07 15:04:41.465448
1240,333,169,1,1845.34,COMPLETED,2026-02-18 17:10:41.465448
1241,708,183,5,1896.3,PENDING,2025-11-12 23:39:41.465448
1242,253,170,5,5053.55,COMPLETED,2026-03-14 04:21:41.465448
1243,277,162,1,1243.83,COMPLETED,2025-10-15 22:34:41.465448
1244,275,80,4,5221.68,COMPLETED,2026-06-27 18:42:41.465448
1245,751,155,2,2026.4,COMPLETED,2026-05-24 12:50:41.465448
1246,698,145,5,2846.7,CANCELLED,2025-11-18 22:06:41.465448
1247,636,162,4,4975.32,PENDING,2026-09-07 15:21:41.465448
1248,276,180,3,183.39,PENDING,2026-06-05 11:29:41.465448
1249,557,127,1,552.84,COMPLETED,2026-07-05 00:44:41.465448
1250,226,101,4,7682.8,CANCELLED,2025-11-10 14:09:41.465448
1251,482,134,5,8001.7,COMPLETED,2026-02-13 23:18:41.465448
1252,517,50,5,4798.05,PENDING,2025-11-27 22:12:41.465448
1253,243,156,1,551.03,CANCELLED,2026-09-08 08:33:41.465448
1254,924,64,4,3434.76,COMPLETED,2026-09-11 04:04:41.465448
1255,724,128,2,830.78,COMPLETED,2026-07-14 06:11:41.465448
1256,352,28,1,1857.2,COMPLETED,2026-08-12 22:25:41.465448
1257,841,192,4,5005.44,COMPLETED,2026-02-14 03:14:41.465448
1258,427,53,1,1409.28,COMPLETED,2026-02-14 13:46:41.465448
1259,814,136,1,56.53,PENDING,2026-07-16 12:54:41.465448
1260,28,186,1,508.09,COMPLETED,2026-08-21 08:01:41.465448
1261,67,5,3,780.6,COMPLETED,2026-01-19 12:18:41.465448
1262,646,32,3,3811.02,COMPLETED,2025-11-11 16:50:41.465448
1263,975,138,4,5992.2,COMPLETED,2026-08-06 11:12:41.465448
1264,432,138,1,1498.05,COMPLETED,2026-09-10 07:53:41.465448
1265,165,125,5,3904.85,CANCELLED,2026-09-06 19:10:41.465448
1266,801,149,3,4598.73,CANCELLED,2026-03-25 18:51:41.465448
1267,278,180,3,183.39,COMPLETED,2025-12-04 20:06:41.465448
1268,761,194,4,6895.04,COMPLETED,2026-03-14 14:20:41.465448
1269,630,142,3,1367.64,COMPLETED,2026-05-01 13:34:41.465448
1270,638,134,2,3200.68,PENDING,2026-04-16 09:30:41.465448
1271,237,117,2,1015.92,CANCELLED,2026-07-12 16:53:41.465448
1272,472,64,1,858.69,COMPLETED,2026-01-01 00:56:41.465448
1273,425,30,2,2249.2,PENDING,2026-02-14 19:52:41.465448
1274,223,10,2,1681.94,COMPLETED,2026-01-14 09:57:41.465448
1275,214,200,1,1078.14,CANCELLED,2026-07-07 05:43:41.465448
1276,557,30,3,3373.8,COMPLETED,2026-08-24 03:49:41.465448
1277,591,94,5,9579.9,COMPLETED,2025-10-08 17:11:41.465448
1278,569,133,5,5797.8,COMPLETED,2026-04-21 08:37:41.465448
1279,410,181,3,1456.59,COMPLETED,2026-08-15 06:25:41.465448
1280,261,78,1,22.1,PENDING,2026-06-07 15:06:41.465448
1281,801,62,3,5748.63,COMPLETED,2026-09-10 00:42:41.465448
1282,750,23,3,4981.62,CANCELLED,2026-03-04 05:57:41.465448
1283,927,90,5,701.1,COMPLETED,2026-02-01 10:44:41.465448
1284,237,144,3,1488.3,CANCELLED,2025-12-30 03:04:41.465448
1285,51,112,3,1160.43,PENDING,2025-12-29 11:05:41.465448
1286,184,77,4,5752.4,CANCELLED,2026-01-18 18:24:41.465448
1287,330,193,3,3120.63,COMPLETED,2025-12-11 17:57:41.465448
1288,899,138,1,1498.05,PENDING,2025-11-10 13:15:41.465448
1289,811,44,4,6561.2,COMPLETED,2026-08-17 07:47:41.465448
1290,227,61,2,2941.92,COMPLETED,2025-12-23 21:32:41.465448
1291,960,186,4,2032.36,PENDING,2026-02-11 01:26:41.465448
1292,953,1,1,1568.08,PENDING,2026-08-16 01:20:41.465448
1293,797,131,2,1931.56,CANCELLED,2026-04-11 17:59:41.465448
1294,643,16,1,1099.13,COMPLETED,2026-07-17 14:05:41.465448
1295,789,191,1,781.26,CANCELLED,2025-10-02 00:46:41.465448
1296,238,181,5,2427.65,COMPLETED,2026-01-18 16:16:41.465448
1297,852,163,5,5947.5,COMPLETED,2025-09-14 14:29:41.465448
1298,213,29,5,9946.6,CANCELLED,2026-03-26 02:53:41.465448
1299,990,90,2,280.44,COMPLETED,2026-07-03 09:29:41.465448
1300,543,62,2,3832.42,COMPLETED,2025-09-22 20:09:41.465448
1301,737,130,5,9584.55,COMPLETED,2026-02-24 23:34:41.465448
1302,573,99,2,1649.2,COMPLETED,2026-08-31 15:00:41.465448
1303,659,79,2,632.2,COMPLETED,2025-10-14 03:59:41.465448
1304,131,87,4,2403.84,PENDING,2026-04-21 09:11:41.465448
1305,130,184,4,1003.32,PENDING,2026-06-04 23:07:41.465448
1306,167,110,4,7999.68,COMPLETED,2025-10-30 04:02:41.465448
1307,615,76,1,368.91,COMPLETED,2025-10-11 09:31:41.465448
1308,296,130,1,1916.91,COMPLETED,2026-01-01 06:43:41.465448
1309,123,110,3,5999.76,COMPLETED,2026-05-25 19:47:41.465448
1310,39,74,2,395.44,COMPLETED,2025-11-08 10:33:41.465448
1311,257,110,3,5999.76,COMPLETED,2026-01-13 13:57:41.465448
1312,52,31,4,2763.64,CANCELLED,2025-09-12 18:15:41.465448
1313,921,187,2,1683.34,COMPLETED,2026-06-22 13:19:41.465448
1314,136,196,3,3832.23,COMPLETED,2025-11-09 14:53:41.465448
1315,936,155,3,3039.6,COMPLETED,2026-04-02 06:35:41.465448
1316,536,42,5,8949.65,COMPLETED,2026-04-10 12:33:41.465448
1317,697,31,4,2763.64,COMPLETED,2025-10-15 17:24:41.465448
1318,995,79,2,632.2,COMPLETED,2026-05-16 16:05:41.465448
1319,366,110,5,9999.6,COMPLETED,2025-11-22 05:55:41.465448
1320,913,193,2,2080.42,CANCELLED,2025-11-27 04:27:41.465448
1321,730,21,4,7864.44,COMPLETED,2026-05-11 19:52:41.465448
1322,967,4,5,4523.7,COMPLETED,2026-07-28 05:41:41.465448
1323,979,124,2,2804.32,PENDING,2025-11-27 17:19:41.465448
1324,712,196,5,6387.05,PENDING,2025-11-17 14:01:41.465448
1325,745,28,5,9286.0,COMPLETED,2025-10-07 13:11:41.465448
1326,80,187,3,2525.01,COMPLETED,2026-04-22 19:06:41.465448
1327,561,185,5,3758.7,COMPLETED,2026-08-13 08:16:41.465448
1328,605,88,2,721.96,COMPLETED,2025-12-01 14:59:41.465448
1329,412,13,1,1674.08,CANCELLED,2026-01-31 11:01:41.465448
1330,107,127,1,552.84,CANCELLED,2026-05-22 10:41:41.465448
1331,158,167,1,724.16,COMPLETED,2026-05-17 23:38:41.465448
1332,572,135,3,1426.86,COMPLETED,2025-10-21 22:11:41.465448
1333,872,60,5,9384.0,COMPLETED,2026-08-09 18:58:41.465448
1334,253,6,3,2440.53,COMPLETED,2025-11-05 16:16:41.465448
1335,68,144,3,1488.3,COMPLETED,2026-09-05 05:16:41.465448
1336,173,69,5,8669.1,COMPLETED,2026-04-27 18:29:41.465448
1337,321,132,2,317.76,COMPLETED,2025-10-27 13:18:41.465448
1338,6,85,1,995.72,COMPLETED,2025-12-08 00:44:41.465448
1339,841,50,3,2878.83,COMPLETED,2026-08-27 21:55:41.465448
1340,715,91,5,8712.15,PENDING,2025-12-14 15:07:41.465448
1341,676,7,5,3265.8,COMPLETED,2026-07-05 00:57:41.465448
1342,722,164,3,5784.9,CANCELLED,2026-05-21 16:21:41.465448
1343,190,105,1,1707.95,COMPLETED,2026-05-23 19:49:41.465448
1344,624,180,3,183.39,COMPLETED,2025-12-19 11:47:41.465448
1345,335,161,2,3802.24,COMPLETED,2026-07-16 15:54:41.465448
1346,289,134,4,6401.36,PENDING,2026-06-15 10:02:41.465448
1347,400,110,3,5999.76,COMPLETED,2026-07-23 08:58:41.465448
1348,650,71,2,3094.64,PENDING,2025-11-23 21:42:41.465448
1349,261,117,2,1015.92,PENDING,2026-06-23 02:28:41.465448
1350,352,124,1,1402.16,CANCELLED,2026-02-14 21:42:41.465448
1351,238,140,1,1466.45,COMPLETED,2025-12-29 20:32:41.465448
1352,634,3,1,1093.46,PENDING,2026-07-23 04:32:41.465448
1353,919,158,5,4762.3,PENDING,2026-07-31 16:30:41.465448
1354,230,115,1,1849.1,PENDING,2026-05-01 10:57:41.465448
1355,501,145,5,2846.7,COMPLETED,2026-06-04 01:06:41.465448
1356,408,17,5,4620.9,COMPLETED,2025-11-04 04:38:41.465448
1357,983,14,4,2883.72,COMPLETED,2026-07-18 08:23:41.465448
1358,601,89,1,1378.63,COMPLETED,2026-05-25 16:09:41.465448
1359,249,191,2,1562.52,COMPLETED,2025-09-24 23:24:41.465448
1360,826,52,1,1119.47,PENDING,2026-05-25 17:21:41.465448
1361,988,51,4,6969.12,PENDING,2026-01-07 06:37:41.465448
1362,590,140,4,5865.8,COMPLETED,2026-04-09 08:53:41.465448
1363,822,142,4,1823.52,CANCELLED,2026-04-27 01:20:41.465448
1364,361,51,2,3484.56,COMPLETED,2025-11-09 04:37:41.465448
1365,155,34,3,5916.03,COMPLETED,2025-12-29 07:24:41.465448
1366,120,101,2,3841.4,CANCELLED,2026-03-02 10:11:41.465448
1367,445,33,1,549.81,COMPLETED,2026-04-23 19:10:41.465448
1368,606,87,1,600.96,COMPLETED,2026-07-03 13:25:41.465448
1369,117,170,4,4042.84,COMPLETED,2026-09-04 04:25:41.465448
1370,584,137,1,942.5,CANCELLED,2026-02-14 04:10:41.465448
1371,139,172,1,131.66,CANCELLED,2025-12-14 18:40:41.465448
1372,187,74,5,988.6,PENDING,2025-12-12 11:57:41.465448
1373,874,37,2,2933.56,COMPLETED,2026-02-28 07:41:41.465448
1374,645,69,4,6935.28,COMPLETED,2026-06-05 05:28:41.465448
1375,903,16,2,2198.26,CANCELLED,2026-02-11 17:06:41.465448
1376,620,147,3,5954.94,COMPLETED,2026-06-10 04:49:41.465448
1377,836,197,1,1066.92,COMPLETED,2026-07-16 20:20:41.465448
1378,476,132,4,635.52,PENDING,2026-07-28 10:02:41.465448
1379,584,54,4,1610.8,CANCELLED,2026-01-02 23:05:41.465448
1380,73,109,2,1963.72,PENDING,2026-08-05 22:23:41.465448
1381,313,168,1,1267.72,CANCELLED,2026-02-25 18:39:41.465448
1382,109,180,1,61.13,CANCELLED,2026-06-24 08:53:41.465448
1383,183,117,2,1015.92,COMPLETED,2026-04-28 23:45:41.465448
1384,345,177,4,1473.84,CANCELLED,2025-12-23 22:24:41.465448
1385,461,184,1,250.83,CANCELLED,2025-09-26 19:36:41.465448
1386,381,54,1,402.7,COMPLETED,2026-03-17 05:45:41.465448
1387,947,161,5,9505.6,PENDING,2026-09-12 15:25:41.465448
1388,398,118,2,3102.38,COMPLETED,2026-04-26 12:59:41.465448
1389,801,196,3,3832.23,COMPLETED,2026-03-10 14:31:41.465448
1390,944,181,4,1942.12,COMPLETED,2025-10-30 09:30:41.465448
1391,291,10,2,1681.94,COMPLETED,2026-02-11 20:53:41.465448
1392,795,166,2,724.26,COMPLETED,2026-04-19 08:30:41.465448
1393,279,128,3,1246.17,COMPLETED,2026-03-09 13:30:41.465448
1394,48,178,4,2746.32,PENDING,2025-11-16 09:21:41.465448
1395,675,128,2,830.78,CANCELLED,2026-03-31 23:25:41.465448
1396,331,141,3,485.97,COMPLETED,2025-10-13 15:24:41.465448
1397,253,159,4,3272.84,CANCELLED,2025-09-13 04:04:41.465448
1398,480,39,5,9222.65,COMPLETED,2026-02-17 21:05:41.465448
1399,114,116,5,5848.05,PENDING,2025-09-25 02:11:41.465448
1400,843,55,4,4759.88,CANCELLED,2025-11-10 08:08:41.465448
1401,499,53,4,5637.12,COMPLETED,2025-10-14 17:13:41.465448
1402,806,88,3,1082.94,COMPLETED,2026-08-06 00:17:41.465448
1403,631,80,5,6527.1,COMPLETED,2026-04-10 11:53:41.465448
1404,99,191,4,3125.04,CANCELLED,2026-06-17 08:33:41.465448
1405,604,54,3,1208.1,COMPLETED,2026-01-04 04:12:41.465448
1406,354,159,5,4091.05,PENDING,2026-06-23 21:08:41.465448
1407,67,139,5,6170.2,COMPLETED,2026-04-18 05:36:41.465448
1408,249,43,1,1932.58,COMPLETED,2025-10-24 10:36:41.465448
1409,104,155,5,5066.0,COMPLETED,2026-06-26 07:57:41.465448
1410,297,70,2,3346.1,CANCELLED,2025-09-17 00:52:41.465448
1411,507,170,5,5053.55,COMPLETED,2025-09-26 17:47:41.465448
1412,839,177,5,1842.3,CANCELLED,2026-03-03 07:39:41.465448
1413,375,111,4,3026.48,PENDING,2026-01-23 07:33:41.465448
1414,134,3,4,4373.84,CANCELLED,2026-04-26 21:11:41.465448
1415,362,170,2,2021.42,PENDING,2026-02-20 09:35:41.465448
1416,575,109,5,4909.3,COMPLETED,2026-02-15 10:38:41.465448
1417,304,74,3,593.16,CANCELLED,2025-11-23 23:32:41.465448
1418,394,4,2,1809.48,COMPLETED,2026-01-20 11:36:41.465448
1419,478,28,3,5571.6,CANCELLED,2026-09-09 13:58:41.465448
1420,989,55,5,5949.85,CANCELLED,2025-12-19 13:54:41.465448
1421,327,99,1,824.6,COMPLETED,2026-05-03 15:49:41.465448
1422,223,179,5,3041.2,CANCELLED,2026-01-22 08:59:41.465448
1423,41,133,4,4638.24,COMPLETED,2025-10-17 07:49:41.465448
1424,750,141,3,485.97,PENDING,2026-03-28 13:49:41.465448
1425,917,183,5,1896.3,CANCELLED,2026-02-23 20:21:41.465448
1426,409,109,4,3927.44,COMPLETED,2026-05-04 03:42:41.465448
1427,540,147,3,5954.94,COMPLETED,2026-04-02 10:52:41.465448
1428,666,25,2,3062.22,COMPLETED,2025-09-29 13:59:41.465448
1429,256,115,5,9245.5,PENDING,2026-03-29 05:08:41.465448
1430,142,79,5,1580.5,CANCELLED,2026-01-05 22:33:41.465448
1431,120,44,1,1640.3,CANCELLED,2025-12-23 02:05:41.465448
1432,126,6,4,3254.04,PENDING,2026-04-10 15:12:41.465448
1433,559,107,1,1575.39,PENDING,2026-02-27 18:28:41.465448
1434,875,12,2,3356.32,COMPLETED,2025-11-26 17:17:41.465448
1435,864,97,2,3571.9,COMPLETED,2026-02-19 11:13:41.465448
1436,356,56,2,3526.44,COMPLETED,2026-06-28 15:03:41.465448
1437,170,65,5,8579.75,PENDING,2026-06-21 10:18:41.465448
1438,309,108,2,83.06,CANCELLED,2025-11-04 13:04:41.465448
1439,857,96,2,585.4,COMPLETED,2026-06-22 15:57:41.465448
1440,348,115,3,5547.3,COMPLETED,2026-07-08 16:15:41.465448
1441,729,64,1,858.69,COMPLETED,2026-04-13 00:18:41.465448
1442,513,2,2,3036.16,COMPLETED,2025-09-26 02:03:41.465448
1443,927,94,1,1915.98,COMPLETED,2025-12-19 12:02:41.465448
1444,536,119,5,3528.8,COMPLETED,2025-10-20 17:40:41.465448
1445,628,11,1,469.65,CANCELLED,2025-10-11 00:15:41.465448
1446,244,161,1,1901.12,COMPLETED,2026-05-08 20:00:41.465448
1447,820,186,4,2032.36,COMPLETED,2026-05-07 06:35:41.465448
1448,26,116,4,4678.44,COMPLETED,2026-06-20 18:09:41.465448
1449,665,12,1,1678.16,PENDING,2026-08-21 12:13:41.465448
1450,992,99,1,824.6,PENDING,2026-04-05 08:55:41.465448
1451,208,58,4,6436.96,PENDING,2025-09-27 03:08:41.465448
1452,300,115,2,3698.2,COMPLETED,2025-10-26 18:46:41.465448
1453,647,135,5,2378.1,CANCELLED,2026-05-17 12:26:41.465448
1454,367,108,5,207.65,COMPLETED,2026-02-03 00:25:41.465448
1455,189,95,5,8579.7,COMPLETED,2026-03-16 10:29:41.465448
1456,152,179,4,2432.96,CANCELLED,2026-01-12 02:01:41.465448
1457,979,126,2,2437.7,COMPLETED,2026-06-30 02:56:41.465448
1458,641,183,5,1896.3,COMPLETED,2026-04-18 17:57:41.465448
1459,879,185,4,3006.96,COMPLETED,2026-04-19 18:08:41.465448
1460,807,175,4,742.44,CANCELLED,2025-11-17 04:19:41.465448
1461,128,152,4,2338.52,COMPLETED,2025-11-28 06:33:41.465448
1462,979,116,2,2339.22,COMPLETED,2025-10-10 06:07:41.465448
1463,719,111,1,756.62,CANCELLED,2026-02-18 16:20:41.465448
1464,309,8,4,4730.08,COMPLETED,2025-12-03 11:25:41.465448
1465,400,8,1,1182.52,COMPLETED,2026-02-01 22:54:41.465448
1466,452,21,4,7864.44,CANCELLED,2026-07-05 07:01:41.465448
1467,135,67,1,1516.99,CANCELLED,2026-01-03 07:32:41.465448
1468,894,31,3,2072.73,PENDING,2026-01-23 06:43:41.465448
1469,350,30,3,3373.8,COMPLETED,2026-04-02 05:17:41.465448
1470,738,109,5,4909.3,COMPLETED,2026-05-11 02:41:41.465448
1471,678,99,3,2473.8,PENDING,2026-07-09 12:21:41.465448
1472,675,24,5,6751.5,COMPLETED,2025-10-09 06:44:41.465448
1473,168,100,3,402.12,COMPLETED,2026-08-10 01:34:41.465448
1474,242,181,3,1456.59,CANCELLED,2026-05-02 12:30:41.465448
1475,949,39,2,3689.06,COMPLETED,2025-12-10 02:14:41.465448
1476,292,138,3,4494.15,PENDING,2026-08-19 02:04:41.465448
1477,269,164,4,7713.2,CANCELLED,2025-09-25 09:25:41.465448
1478,385,127,3,1658.52,CANCELLED,2026-04-19 11:17:41.465448
1479,452,107,1,1575.39,COMPLETED,2026-01-10 22:41:41.465448
1480,736,102,3,1317.09,COMPLETED,2026-05-31 02:18:41.465448
1481,115,14,2,1441.86,CANCELLED,2026-06-11 17:32:41.465448
1482,777,166,5,1810.65,COMPLETED,2026-04-30 11:25:41.465448
1483,635,194,2,3447.52,COMPLETED,2025-11-24 16:13:41.465448
1484,209,54,2,805.4,COMPLETED,2026-05-03 16:48:41.465448
1485,76,31,1,690.91,COMPLETED,2026-06-14 14:20:41.465448
1486,974,50,2,1919.22,PENDING,2026-04-16 09:47:41.465448
1487,577,96,2,585.4,CANCELLED,2026-03-15 20:44:41.465448
1488,621,67,5,7584.95,CANCELLED,2026-04-16 16:00:41.465448
1489,185,133,4,4638.24,COMPLETED,2025-12-22 16:41:41.465448
1490,133,194,3,5171.28,COMPLETED,2025-09-18 05:18:41.465448
1491,260,167,2,1448.32,COMPLETED,2026-07-31 03:20:41.465448
1492,755,82,1,1714.57,COMPLETED,2026-03-29 09:15:41.465448
1493,465,27,2,144.56,COMPLETED,2026-05-27 01:43:41.465448
1494,564,48,1,1436.48,COMPLETED,2026-01-27 02:34:41.465448
1495,279,84,4,7402.88,COMPLETED,2026-05-17 10:24:41.465448
1496,37,120,1,1510.7,PENDING,2026-01-09 14:46:41.465448
1497,477,117,4,2031.84,COMPLETED,2025-11-27 02:11:41.465448
1498,531,64,1,858.69,PENDING,2026-01-10 04:42:41.465448
1499,487,99,3,2473.8,CANCELLED,2026-02-11 21:44:41.465448
1500,459,37,3,4400.34,COMPLETED,2026-06-24 06:03:41.465448
1501,990,168,4,5070.88,COMPLETED,2025-12-15 20:29:41.465448
1502,602,50,2,1919.22,COMPLETED,2026-01-09 11:26:41.465448
1503,787,148,5,2723.95,PENDING,2025-10-30 15:08:41.465448
1504,470,23,2,3321.08,PENDING,2026-06-18 18:14:41.465448
1505,560,11,2,939.3,PENDING,2026-04-13 12:44:41.465448
1506,778,152,3,1753.89,COMPLETED,2025-12-19 10:15:41.465448
1507,789,110,4,7999.68,COMPLETED,2026-08-12 22:20:41.465448
1508,960,49,5,4916.05,COMPLETED,2026-02-12 08:12:41.465448
1509,893,186,2,1016.18,COMPLETED,2025-09-20 15:36:41.465448
1510,770,5,3,780.6,COMPLETED,2026-06-09 18:38:41.465448
1511,769,129,3,4146.99,CANCELLED,2026-03-05 15:13:41.465448
1512,362,44,2,3280.6,COMPLETED,2026-01-31 04:32:41.465448
1513,930,133,2,2319.12,CANCELLED,2026-03-13 20:52:41.465448
1514,830,17,1,924.18,COMPLETED,2025-12-22 12:53:41.465448
1515,563,177,4,1473.84,CANCELLED,2025-10-26 11:38:41.465448
1516,507,93,3,3079.8,CANCELLED,2026-03-30 03:15:41.465448
1517,650,165,1,1426.89,COMPLETED,2026-09-06 14:14:41.465448
1518,754,60,3,5630.4,COMPLETED,2026-06-01 18:12:41.465448
1519,275,30,3,3373.8,COMPLETED,2026-08-26 01:48:41.465448
1520,498,100,2,268.08,COMPLETED,2026-08-27 05:09:41.465448
1521,98,161,2,3802.24,PENDING,2026-06-21 16:34:41.465448
1522,626,185,1,751.74,CANCELLED,2025-12-10 04:47:41.465448
1523,40,185,1,751.74,COMPLETED,2026-08-21 16:06:41.465448
1524,796,183,1,379.26,COMPLETED,2026-05-02 17:48:41.465448
1525,560,152,4,2338.52,COMPLETED,2026-06-11 00:58:41.465448
1526,879,144,1,496.1,COMPLETED,2026-02-04 00:59:41.465448
1527,334,82,3,5143.71,PENDING,2026-05-15 11:16:41.465448
1528,234,153,4,613.56,PENDING,2025-12-05 21:30:41.465448
1529,803,51,1,1742.28,CANCELLED,2026-04-22 09:42:41.465448
1530,311,200,1,1078.14,CANCELLED,2025-10-08 22:01:41.465448
1531,993,44,1,1640.3,CANCELLED,2025-10-18 21:22:41.465448
1532,856,122,3,3878.28,CANCELLED,2026-04-04 10:52:41.465448
1533,676,119,5,3528.8,PENDING,2026-04-16 14:46:41.465448
1534,745,77,3,4314.3,COMPLETED,2026-01-23 11:17:41.465448
1535,505,146,1,1066.96,COMPLETED,2025-09-29 11:35:41.465448
1536,15,124,2,2804.32,COMPLETED,2026-04-23 02:21:41.465448
1537,624,15,5,6011.6,COMPLETED,2026-05-03 00:03:41.465448
1538,510,67,2,3033.98,COMPLETED,2026-02-03 10:46:41.465448
1539,969,99,5,4123.0,PENDING,2026-02-15 12:36:41.465448
1540,649,53,1,1409.28,COMPLETED,2026-03-26 04:18:41.465448
1541,110,5,1,260.2,CANCELLED,2025-09-28 06:01:41.465448
1542,808,2,3,4554.24,CANCELLED,2025-11-12 17:34:41.465448
1543,737,16,3,3297.39,COMPLETED,2026-07-19 23:46:41.465448
1544,348,120,4,6042.8,COMPLETED,2026-04-26 04:16:41.465448
1545,131,108,4,166.12,CANCELLED,2026-07-18 08:20:41.465448
1546,456,77,1,1438.1,COMPLETED,2025-10-04 05:53:41.465448
1547,740,52,1,1119.47,CANCELLED,2025-10-18 03:54:41.465448
1548,591,37,1,1466.78,COMPLETED,2026-03-27 11:10:41.465448
1549,678,10,1,840.97,PENDING,2026-04-17 18:15:41.465448
1550,581,166,5,1810.65,COMPLETED,2026-02-20 03:33:41.465448
1551,873,39,2,3689.06,COMPLETED,2025-11-28 03:07:41.465448
1552,723,58,1,1609.24,COMPLETED,2026-02-25 06:32:41.465448
1553,407,30,5,5623.0,PENDING,2025-10-03 16:23:41.465448
1554,424,79,1,316.1,COMPLETED,2026-08-01 13:23:41.465448
1555,283,165,1,1426.89,COMPLETED,2026-04-17 00:17:41.465448
1556,459,107,3,4726.17,COMPLETED,2025-11-08 12:06:41.465448
1557,170,100,3,402.12,COMPLETED,2025-09-14 03:59:41.465448
1558,118,29,2,3978.64,PENDING,2026-04-24 19:41:41.465448
1559,341,39,1,1844.53,CANCELLED,2025-10-18 16:42:41.465448
1560,407,145,3,1708.02,COMPLETED,2026-04-30 17:15:41.465448
1561,949,88,4,1443.92,COMPLETED,2025-09-22 19:24:41.465448
1562,76,163,4,4758.0,CANCELLED,2025-09-12 23:29:41.465448
1563,491,122,4,5171.04,PENDING,2026-02-12 18:00:41.465448
1564,649,42,3,5369.79,COMPLETED,2026-04-20 12:19:41.465448
1565,572,198,3,3068.52,COMPLETED,2025-12-16 16:33:41.465448
1566,239,61,2,2941.92,COMPLETED,2026-04-04 14:50:41.465448
1567,985,158,1,952.46,COMPLETED,2026-08-03 10:02:41.465448
1568,414,13,3,5022.24,PENDING,2026-01-26 09:59:41.465448
1569,984,169,1,1845.34,COMPLETED,2026-05-07 05:14:41.465448
1570,982,175,3,556.83,COMPLETED,2026-08-26 05:59:41.465448
1571,648,127,3,1658.52,COMPLETED,2026-07-22 08:01:41.465448
1572,363,65,2,3431.9,PENDING,2026-06-01 12:47:41.465448
1573,818,69,5,8669.1,PENDING,2026-03-17 06:27:41.465448
1574,356,44,3,4920.9,CANCELLED,2026-02-26 13:25:41.465448
1575,757,65,1,1715.95,CANCELLED,2025-09-26 21:18:41.465448
1576,545,121,2,2368.82,COMPLETED,2026-07-15 07:24:41.465448
1577,891,133,1,1159.56,COMPLETED,2026-08-08 06:37:41.465448
1578,240,150,5,6491.5,PENDING,2026-02-17 17:22:41.465448
1579,983,162,5,6219.15,COMPLETED,2026-08-17 13:29:41.465448
1580,175,92,5,1717.7,COMPLETED,2025-09-24 22:32:41.465448
1581,52,115,3,5547.3,COMPLETED,2026-08-30 14:52:41.465448
1582,902,136,5,282.65,CANCELLED,2026-03-16 22:28:41.465448
1583,644,38,2,2661.2,COMPLETED,2025-10-22 21:28:41.465448
1584,53,137,2,1885.0,CANCELLED,2026-04-09 21:57:41.465448
1585,896,7,5,3265.8,COMPLETED,2026-06-23 18:29:41.465448
1586,168,1,5,7840.4,CANCELLED,2026-03-29 10:49:41.465448
1587,299,10,1,840.97,PENDING,2026-03-02 06:57:41.465448
1588,985,58,1,1609.24,COMPLETED,2025-10-05 12:53:41.465448
1589,275,63,1,1647.66,CANCELLED,2025-12-13 01:49:41.465448
1590,227,115,4,7396.4,CANCELLED,2026-07-08 18:12:41.465448
1591,153,173,1,1268.07,COMPLETED,2025-11-25 21:02:41.465448
1592,327,107,5,7876.95,PENDING,2026-05-06 05:18:41.465448
1593,869,46,5,56.9,PENDING,2026-08-06 01:04:41.465448
1594,367,188,3,337.68,COMPLETED,2026-06-25 08:24:41.465448
1595,942,5,5,1301.0,CANCELLED,2025-10-10 10:35:41.465448
1596,873,127,1,552.84,CANCELLED,2026-05-04 21:27:41.465448
1597,671,65,1,1715.95,COMPLETED,2026-07-19 07:09:41.465448
1598,887,116,5,5848.05,CANCELLED,2025-12-31 08:05:41.465448
1599,335,100,2,268.08,COMPLETED,2025-12-04 00:44:41.465448
1600,69,108,1,41.53,PENDING,2026-09-10 05:49:41.465448
1601,783,116,2,2339.22,COMPLETED,2026-06-10 14:49:41.465448
1602,684,167,2,1448.32,COMPLETED,2026-07-15 15:32:41.465448
1603,233,55,3,3569.91,COMPLETED,2026-06-29 13:43:41.465448
1604,559,93,3,3079.8,PENDING,2026-07-14 15:28:41.465448
1605,308,197,4,4267.68,COMPLETED,2026-06-28 06:51:41.465448
1606,448,160,5,7527.9,COMPLETED,2026-08-16 03:11:41.465448
1607,229,166,2,724.26,CANCELLED,2026-06-23 06:17:41.465448
1608,584,11,4,1878.6,COMPLETED,2026-03-04 07:40:41.465448
1609,142,35,2,1223.08,PENDING,2025-12-10 02:46:41.465448
1610,544,54,1,402.7,COMPLETED,2025-12-12 04:16:41.465448
1611,102,34,3,5916.03,PENDING,2026-04-08 04:15:41.465448
1612,620,180,5,305.65,COMPLETED,2026-06-02 12:38:41.465448
1613,496,195,2,3298.26,CANCELLED,2025-09-24 07:17:41.465448
1614,432,193,2,2080.42,CANCELLED,2026-04-12 08:41:41.465448
1615,617,96,1,292.7,PENDING,2026-01-04 16:36:41.465448
1616,868,30,4,4498.4,PENDING,2026-05-25 02:25:41.465448
1617,114,29,2,3978.64,COMPLETED,2026-09-04 09:25:41.465448
1618,511,112,4,1547.24,COMPLETED,2025-10-06 09:15:41.465448
1619,830,57,3,3725.07,COMPLETED,2026-01-09 17:46:41.465448
1620,178,20,5,6877.4,PENDING,2026-04-19 18:38:41.465448
1621,873,42,5,8949.65,COMPLETED,2026-05-24 17:02:41.465448
1622,706,149,1,1532.91,CANCELLED,2026-03-10 01:53:41.465448
1623,755,149,1,1532.91,CANCELLED,2025-09-22 02:22:41.465448
1624,217,182,5,5095.6,CANCELLED,2026-07-30 14:47:41.465448
1625,859,116,2,2339.22,COMPLETED,2026-03-23 23:13:41.465448
1626,738,48,3,4309.44,PENDING,2026-05-08 01:19:41.465448
1627,1,64,5,4293.45,COMPLETED,2025-09-17 11:06:41.465448
1628,128,144,3,1488.3,COMPLETED,2026-08-02 07:24:41.465448
1629,269,91,4,6969.72,PENDING,2026-06-05 20:38:41.465448
1630,308,186,2,1016.18,COMPLETED,2025-11-01 02:12:41.465448
1631,86,61,5,7354.8,PENDING,2026-02-16 20:57:41.465448
1632,484,31,2,1381.82,COMPLETED,2026-08-28 03:41:41.465448
1633,328,28,3,5571.6,COMPLETED,2026-01-15 17:25:41.465448
1634,439,80,3,3916.26,COMPLETED,2026-04-12 00:55:41.465448
1635,346,170,4,4042.84,COMPLETED,2026-01-20 23:34:41.465448
1636,643,150,2,2596.6,CANCELLED,2025-12-20 03:24:41.465448
1637,652,53,5,7046.4,COMPLETED,2026-03-18 13:21:41.465448
1638,32,133,1,1159.56,COMPLETED,2025-12-12 16:29:41.465448
1639,239,20,5,6877.4,COMPLETED,2026-01-11 11:28:41.465448
1640,662,89,2,2757.26,COMPLETED,2026-08-02 00:45:41.465448
1641,490,18,2,1147.92,COMPLETED,2025-10-07 14:00:41.465448
1642,5,34,5,9860.05,CANCELLED,2025-09-24 05:09:41.465448
1643,721,115,5,9245.5,COMPLETED,2026-07-11 23:16:41.465448
1644,833,148,5,2723.95,COMPLETED,2025-09-18 08:23:41.465448
1645,741,200,5,5390.7,COMPLETED,2026-01-21 14:54:41.465448
1646,22,86,4,5685.0,COMPLETED,2026-06-22 15:42:41.465448
1647,799,162,4,4975.32,COMPLETED,2026-03-19 18:18:41.465448
1648,527,144,2,992.2,CANCELLED,2025-09-17 15:29:41.465448
1649,928,44,4,6561.2,CANCELLED,2026-05-02 13:24:41.465448
1650,707,106,3,3733.08,CANCELLED,2026-07-08 07:25:41.465448
1651,205,97,4,7143.8,COMPLETED,2026-06-08 05:53:41.465448
1652,450,101,2,3841.4,COMPLETED,2026-06-18 02:04:41.465448
1653,936,27,4,289.12,PENDING,2025-10-22 02:50:41.465448
1654,810,19,1,525.68,CANCELLED,2026-03-03 19:55:41.465448
1655,128,183,2,758.52,COMPLETED,2026-03-24 22:06:41.465448
1656,443,168,5,6338.6,COMPLETED,2025-11-04 07:17:41.465448
1657,107,85,2,1991.44,CANCELLED,2026-06-20 07:02:41.465448
1658,322,8,3,3547.56,CANCELLED,2025-10-24 22:56:41.465448
1659,53,69,1,1733.82,PENDING,2026-08-14 07:28:41.465448
1660,222,171,3,1183.53,CANCELLED,2025-11-16 09:56:41.465448
1661,238,187,3,2525.01,PENDING,2026-07-13 12:49:41.465448
1662,805,125,3,2342.91,CANCELLED,2026-02-08 14:03:41.465448
1663,237,1,5,7840.4,COMPLETED,2026-01-14 19:54:41.465448
1664,681,86,5,7106.25,COMPLETED,2025-10-01 18:04:41.465448
1665,613,116,3,3508.83,PENDING,2025-11-02 06:28:41.465448
1666,839,67,3,4550.97,COMPLETED,2026-07-12 12:23:41.465448
1667,104,188,2,225.12,COMPLETED,2025-11-05 10:41:41.465448
1668,357,163,5,5947.5,COMPLETED,2025-10-26 11:39:41.465448
1669,801,26,2,3272.52,COMPLETED,2026-07-03 21:36:41.465448
1670,986,8,4,4730.08,COMPLETED,2026-01-29 06:49:41.465448
1671,963,90,3,420.66,COMPLETED,2026-01-20 17:38:41.465448
1672,804,121,3,3553.23,PENDING,2026-05-14 01:22:41.465448
1673,333,97,5,8929.75,COMPLETED,2026-04-27 06:24:41.465448
1674,617,83,3,2654.58,COMPLETED,2026-03-23 01:11:41.465448
1675,643,79,3,948.3,COMPLETED,2026-04-29 13:41:41.465448
1676,404,151,3,650.1,COMPLETED,2026-01-09 09:47:41.465448
1677,250,169,2,3690.68,PENDING,2026-08-25 00:52:41.465448
1678,58,77,5,7190.5,COMPLETED,2025-09-19 17:59:41.465448
1679,948,78,5,110.5,CANCELLED,2025-09-26 13:32:41.465448
1680,233,76,3,1106.73,CANCELLED,2026-04-13 17:08:41.465448
1681,2,200,2,2156.28,CANCELLED,2026-01-07 18:57:41.465448
1682,658,32,3,3811.02,CANCELLED,2025-09-24 19:45:41.465448
1683,548,118,4,6204.76,CANCELLED,2025-12-07 10:51:41.465448
1684,479,124,2,2804.32,COMPLETED,2025-10-26 02:25:41.465448
1685,876,124,1,1402.16,CANCELLED,2026-09-07 14:12:41.465448
1686,32,95,1,1715.94,COMPLETED,2026-04-03 03:58:41.465448
1687,376,134,2,3200.68,PENDING,2025-10-27 09:32:41.465448
1688,1,114,4,1951.44,COMPLETED,2026-03-22 08:53:41.465448
1689,695,10,5,4204.85,COMPLETED,2026-08-26 00:35:41.465448
1690,854,179,3,1824.72,COMPLETED,2025-10-13 22:42:41.465448
1691,307,114,4,1951.44,COMPLETED,2025-10-25 13:14:41.465448
1692,526,49,5,4916.05,COMPLETED,2026-06-30 01:43:41.465448
1693,156,19,3,1577.04,COMPLETED,2026-04-21 16:11:41.465448
1694,496,12,5,8390.8,COMPLETED,2026-08-29 12:54:41.465448
1695,617,74,3,593.16,COMPLETED,2025-12-22 19:07:41.465448
1696,936,155,3,3039.6,CANCELLED,2026-02-01 19:55:41.465448
1697,893,91,1,1742.43,CANCELLED,2026-03-12 11:01:41.465448
1698,565,28,4,7428.8,CANCELLED,2025-10-14 08:38:41.465448
1699,856,172,5,658.3,PENDING,2025-11-19 08:00:41.465448
1700,555,171,2,789.02,COMPLETED,2026-08-26 04:26:41.465448
1701,487,6,3,2440.53,COMPLETED,2026-01-13 12:17:41.465448
1702,795,129,5,6911.65,COMPLETED,2026-03-04 23:48:41.465448
1703,909,37,4,5867.12,COMPLETED,2026-06-10 23:02:41.465448
1704,284,47,1,291.02,COMPLETED,2026-05-26 20:09:41.465448
1705,254,17,2,1848.36,CANCELLED,2026-02-18 21:46:41.465448
1706,201,122,4,5171.04,COMPLETED,2025-10-18 12:14:41.465448
1707,27,170,3,3032.13,COMPLETED,2025-10-24 11:10:41.465448
1708,501,199,5,2593.35,COMPLETED,2026-07-18 04:03:41.465448
1709,447,23,4,6642.16,PENDING,2026-05-16 02:47:41.465448
1710,281,27,3,216.84,COMPLETED,2026-08-07 12:51:41.465448
1711,477,61,3,4412.88,COMPLETED,2026-07-22 12:42:41.465448
1712,416,13,1,1674.08,COMPLETED,2026-06-20 02:31:41.465448
1713,417,65,5,8579.75,COMPLETED,2026-01-08 02:01:41.465448
1714,336,177,1,368.46,CANCELLED,2025-10-27 04:56:41.465448
1715,262,40,2,1845.24,CANCELLED,2026-03-08 05:08:41.465448
1716,628,55,1,1189.97,COMPLETED,2026-01-10 08:31:41.465448
1717,428,199,5,2593.35,COMPLETED,2026-01-18 11:23:41.465448
1718,321,84,3,5552.16,COMPLETED,2026-01-19 09:27:41.465448
1719,835,29,1,1989.32,CANCELLED,2025-11-25 21:16:41.465448
1720,83,94,5,9579.9,COMPLETED,2025-11-26 22:23:41.465448
1721,307,68,2,914.02,CANCELLED,2026-09-07 12:20:41.465448
1722,303,9,3,964.23,COMPLETED,2025-11-24 11:03:41.465448
1723,162,176,2,1208.2,PENDING,2025-10-31 20:00:41.465448
1724,516,190,4,7133.56,CANCELLED,2026-04-25 12:42:41.465448
1725,574,145,5,2846.7,CANCELLED,2025-10-12 13:44:41.465448
1726,160,96,1,292.7,PENDING,2026-06-29 19:09:41.465448
1727,828,74,4,790.88,PENDING,2026-04-07 05:12:41.465448
1728,245,53,5,7046.4,CANCELLED,2026-08-15 22:18:41.465448
1729,66,167,4,2896.64,COMPLETED,2025-11-04 04:14:41.465448
1730,943,75,5,6199.5,PENDING,2026-02-14 09:08:41.465448
1731,777,121,5,5922.05,PENDING,2026-07-03 16:13:41.465448
1732,918,13,1,1674.08,COMPLETED,2025-10-28 13:01:41.465448
1733,790,190,5,8916.95,COMPLETED,2026-07-01 10:53:41.465448
1734,236,63,2,3295.32,COMPLETED,2026-05-04 09:07:41.465448
1735,726,32,5,6351.7,CANCELLED,2026-09-01 02:10:41.465448
1736,895,111,4,3026.48,COMPLETED,2026-05-01 03:38:41.465448
1737,532,33,3,1649.43,CANCELLED,2025-12-16 08:54:41.465448
1738,69,185,5,3758.7,PENDING,2025-12-06 00:12:41.465448
1739,931,61,5,7354.8,COMPLETED,2026-08-13 23:21:41.465448
1740,771,66,2,932.7,COMPLETED,2026-07-03 05:01:41.465448
1741,881,121,1,1184.41,CANCELLED,2025-12-27 07:38:41.465448
1742,355,5,3,780.6,COMPLETED,2026-01-16 09:02:41.465448
1743,68,13,5,8370.4,COMPLETED,2025-12-20 15:41:41.465448
1744,363,102,3,1317.09,PENDING,2026-07-19 06:36:41.465448
1745,320,171,2,789.02,PENDING,2026-08-14 19:19:41.465448
1746,46,146,4,4267.84,CANCELLED,2025-11-19 04:17:41.465448
1747,510,180,1,61.13,COMPLETED,2026-03-05 13:42:41.465448
1748,7,94,2,3831.96,COMPLETED,2026-02-18 19:44:41.465448
1749,111,73,4,3427.0,COMPLETED,2025-12-26 09:37:41.465448
1750,191,33,1,549.81,PENDING,2026-04-24 04:28:41.465448
1751,581,127,4,2211.36,COMPLETED,2025-10-30 21:10:41.465448
1752,472,78,1,22.1,COMPLETED,2026-04-29 07:00:41.465448
1753,694,139,2,2468.08,PENDING,2025-11-07 02:01:41.465448
1754,701,71,1,1547.32,CANCELLED,2026-08-25 21:29:41.465448
1755,865,112,3,1160.43,COMPLETED,2026-04-07 17:03:41.465448
1756,319,28,1,1857.2,COMPLETED,2025-10-07 14:42:41.465448
1757,652,188,1,112.56,COMPLETED,2026-03-17 00:51:41.465448
1758,45,148,2,1089.58,COMPLETED,2026-06-10 22:51:41.465448
1759,62,57,3,3725.07,PENDING,2025-11-23 22:36:41.465448
1760,714,118,3,4653.57,PENDING,2026-05-30 05:53:41.465448
1761,51,24,3,4050.9,PENDING,2026-04-12 22:08:41.465448
1762,687,95,4,6863.76,PENDING,2026-03-01 14:36:41.465448
1763,157,128,1,415.39,CANCELLED,2025-11-08 22:33:41.465448
1764,204,93,2,2053.2,CANCELLED,2025-10-07 01:02:41.465448
1765,265,177,2,736.92,CANCELLED,2026-03-12 13:45:41.465448
1766,912,25,3,4593.33,CANCELLED,2026-03-10 11:15:41.465448
1767,623,82,1,1714.57,COMPLETED,2026-01-29 01:17:41.465448
1768,399,187,3,2525.01,COMPLETED,2026-01-04 22:48:41.465448
1769,890,106,3,3733.08,COMPLETED,2026-05-20 09:22:41.465448
1770,275,56,1,1763.22,COMPLETED,2026-07-12 23:18:41.465448
1771,444,23,5,8302.7,CANCELLED,2025-11-06 15:43:41.465448
1772,162,169,3,5536.02,COMPLETED,2025-11-12 23:31:41.465448
1773,85,133,1,1159.56,PENDING,2026-04-23 04:32:41.465448
1774,362,105,4,6831.8,COMPLETED,2025-12-20 16:21:41.465448
1775,961,146,2,2133.92,CANCELLED,2025-12-05 19:42:41.465448
1776,60,49,3,2949.63,COMPLETED,2026-07-12 17:52:41.465448
1777,732,37,5,7333.9,COMPLETED,2025-12-10 21:07:41.465448
1778,11,194,3,5171.28,CANCELLED,2026-05-31 18:47:41.465448
1779,152,145,5,2846.7,COMPLETED,2026-02-13 22:27:41.465448
1780,800,98,4,6511.0,PENDING,2026-06-07 11:44:41.465448
1781,372,84,4,7402.88,COMPLETED,2026-05-03 13:51:41.465448
1782,872,115,3,5547.3,COMPLETED,2025-12-26 15:20:41.465448
1783,676,15,4,4809.28,PENDING,2025-12-15 20:56:41.465448
1784,140,69,5,8669.1,PENDING,2025-09-30 07:38:41.465448
1785,358,101,3,5762.1,CANCELLED,2026-05-02 09:12:41.465448
1786,32,43,3,5797.74,CANCELLED,2026-06-27 10:03:41.465448
1787,206,134,2,3200.68,COMPLETED,2026-07-24 16:13:41.465448
1788,294,186,4,2032.36,COMPLETED,2026-05-29 05:15:41.465448
1789,265,193,2,2080.42,COMPLETED,2026-01-04 23:25:41.465448
1790,565,161,2,3802.24,COMPLETED,2026-03-25 12:42:41.465448
1791,539,81,3,4084.2,PENDING,2026-07-27 16:31:41.465448
1792,446,148,1,544.79,COMPLETED,2026-07-18 12:37:41.465448
1793,19,52,3,3358.41,PENDING,2025-11-13 00:29:41.465448
1794,237,102,5,2195.15,CANCELLED,2026-07-04 00:49:41.465448
1795,256,33,3,1649.43,COMPLETED,2026-02-05 02:45:41.465448
1796,856,50,2,1919.22,PENDING,2026-09-08 05:24:41.465448
1797,208,199,4,2074.68,COMPLETED,2026-05-30 22:47:41.465448
1798,717,28,4,7428.8,PENDING,2026-08-03 00:01:41.465448
1799,210,60,3,5630.4,COMPLETED,2025-12-19 06:25:41.465448
1800,535,86,3,4263.75,COMPLETED,2026-06-06 11:15:41.465448
1801,335,51,1,1742.28,COMPLETED,2026-01-27 22:15:41.465448
1802,581,165,2,2853.78,COMPLETED,2025-12-21 22:27:41.465448
1803,536,102,2,878.06,PENDING,2025-11-20 07:09:41.465448
1804,161,56,3,5289.66,COMPLETED,2026-06-24 20:36:41.465448
1805,70,163,1,1189.5,COMPLETED,2026-05-24 02:42:41.465448
1806,625,154,1,1102.67,PENDING,2025-11-26 13:41:41.465448
1807,191,137,5,4712.5,CANCELLED,2026-01-15 23:58:41.465448
1808,487,186,4,2032.36,CANCELLED,2026-08-15 12:15:41.465448
1809,945,174,4,3834.2,COMPLETED,2025-10-11 04:40:41.465448
1810,322,189,3,1158.12,CANCELLED,2026-02-11 00:07:41.465448
1811,780,32,1,1270.34,COMPLETED,2026-06-12 15:15:41.465448
1812,989,52,2,2238.94,PENDING,2026-05-08 16:21:41.465448
1813,340,145,1,569.34,COMPLETED,2025-12-12 12:16:41.465448
1814,948,131,5,4828.9,PENDING,2026-06-16 19:57:41.465448
1815,138,160,4,6022.32,PENDING,2026-01-23 06:15:41.465448
1816,359,2,1,1518.08,PENDING,2026-07-16 09:47:41.465448
1817,844,2,1,1518.08,CANCELLED,2026-04-14 06:38:41.465448
1818,507,192,5,6256.8,PENDING,2026-06-04 00:17:41.465448
1819,839,89,3,4135.89,CANCELLED,2025-12-26 03:03:41.465448
1820,323,88,3,1082.94,COMPLETED,2026-03-16 17:09:41.465448
1821,85,177,4,1473.84,COMPLETED,2025-12-12 06:36:41.465448
1822,592,104,5,1194.85,PENDING,2026-04-04 17:20:41.465448
1823,590,11,2,939.3,COMPLETED,2025-11-24 19:27:41.465448
1824,537,2,4,6072.32,CANCELLED,2025-12-19 04:03:41.465448
1825,503,33,5,2749.05,COMPLETED,2026-05-09 22:29:41.465448
1826,319,146,4,4267.84,PENDING,2025-12-13 21:28:41.465448
1827,725,53,1,1409.28,COMPLETED,2026-05-22 08:21:41.465448
1828,529,158,3,2857.38,COMPLETED,2026-07-12 18:18:41.465448
1829,329,127,5,2764.2,CANCELLED,2026-02-27 16:50:41.465448
1830,575,37,4,5867.12,COMPLETED,2025-12-01 19:47:41.465448
1831,361,25,1,1531.11,PENDING,2026-04-16 06:25:41.465448
1832,724,50,5,4798.05,PENDING,2025-10-28 17:22:41.465448
1833,635,123,2,3601.28,COMPLETED,2026-09-07 08:11:41.465448
1834,618,4,1,904.74,COMPLETED,2025-11-26 20:25:41.465448
1835,225,167,5,3620.8,PENDING,2026-06-05 00:51:41.465448
1836,821,50,5,4798.05,CANCELLED,2026-05-23 22:58:41.465448
1837,237,189,4,1544.16,CANCELLED,2026-07-24 18:26:41.465448
1838,241,136,3,169.59,PENDING,2026-03-31 14:09:41.465448
1839,678,134,1,1600.34,CANCELLED,2025-09-19 15:18:41.465448
1840,1,167,5,3620.8,CANCELLED,2025-12-29 23:15:41.465448
1841,48,9,2,642.82,COMPLETED,2026-07-30 23:13:41.465448
1842,962,30,3,3373.8,COMPLETED,2026-05-16 18:57:41.465448
1843,689,31,4,2763.64,CANCELLED,2026-08-22 21:58:41.465448
1844,339,187,4,3366.68,COMPLETED,2026-02-03 18:09:41.465448
1845,799,143,2,3549.3,PENDING,2026-03-06 17:44:41.465448
1846,601,148,2,1089.58,COMPLETED,2025-10-22 16:39:41.465448
1847,20,35,2,1223.08,CANCELLED,2026-02-05 00:43:41.465448
1848,927,56,3,5289.66,PENDING,2026-07-13 13:45:41.465448
1849,53,65,2,3431.9,COMPLETED,2026-04-29 15:37:41.465448
1850,842,57,3,3725.07,CANCELLED,2025-11-25 20:15:41.465448
1851,862,124,5,7010.8,COMPLETED,2026-07-10 18:09:41.465448
1852,599,29,5,9946.6,PENDING,2025-12-09 18:38:41.465448
1853,202,8,5,5912.6,COMPLETED,2026-02-09 14:37:41.465448
1854,965,35,4,2446.16,PENDING,2026-03-01 17:04:41.465448
1855,443,12,2,3356.32,PENDING,2025-12-25 14:35:41.465448
1856,408,93,4,4106.4,COMPLETED,2026-04-06 15:22:41.465448
1857,920,61,3,4412.88,COMPLETED,2025-11-12 11:35:41.465448
1858,735,195,2,3298.26,COMPLETED,2026-07-24 17:37:41.465448
1859,673,114,3,1463.58,COMPLETED,2025-12-07 06:26:41.465448
1860,438,63,2,3295.32,COMPLETED,2026-02-26 21:09:41.465448
1861,232,65,4,6863.8,CANCELLED,2026-03-04 10:38:41.465448
1862,361,94,1,1915.98,COMPLETED,2026-03-16 20:29:41.465448
1863,545,28,3,5571.6,CANCELLED,2026-06-29 05:00:41.465448
1864,487,90,3,420.66,COMPLETED,2025-10-22 19:25:41.465448
1865,558,173,1,1268.07,CANCELLED,2025-12-26 23:46:41.465448
1866,961,70,5,8365.25,COMPLETED,2026-05-21 11:09:41.465448
1867,146,8,4,4730.08,COMPLETED,2025-09-21 14:08:41.465448
1868,674,120,5,7553.5,COMPLETED,2026-06-13 10:09:41.465448
1869,902,34,4,7888.04,COMPLETED,2025-10-01 05:53:41.465448
1870,290,87,2,1201.92,COMPLETED,2026-02-22 13:22:41.465448
1871,147,19,5,2628.4,COMPLETED,2025-10-22 18:52:41.465448
1872,472,126,3,3656.55,COMPLETED,2026-08-06 00:42:41.465448
1873,58,131,5,4828.9,CANCELLED,2026-08-23 16:28:41.465448
1874,290,116,4,4678.44,PENDING,2026-01-27 14:10:41.465448
1875,177,132,3,476.64,COMPLETED,2026-05-07 05:01:41.465448
1876,911,123,1,1800.64,COMPLETED,2026-03-06 14:26:41.465448
1877,506,118,3,4653.57,COMPLETED,2026-08-27 04:25:41.465448
1878,972,124,2,2804.32,PENDING,2026-01-25 14:30:41.465448
1879,650,50,1,959.61,PENDING,2025-11-21 12:04:41.465448
1880,964,121,3,3553.23,COMPLETED,2026-08-27 18:51:41.465448
1881,684,192,4,5005.44,CANCELLED,2025-10-19 02:21:41.465448
1882,867,76,1,368.91,CANCELLED,2026-01-17 21:57:41.465448
1883,957,120,4,6042.8,CANCELLED,2026-08-13 22:57:41.465448
1884,133,143,1,1774.65,COMPLETED,2026-05-26 02:28:41.465448
1885,619,45,4,2949.56,COMPLETED,2026-03-31 04:24:41.465448
1886,910,169,4,7381.36,COMPLETED,2026-08-23 16:42:41.465448
1887,831,80,5,6527.1,COMPLETED,2025-12-11 07:58:41.465448
1888,473,53,4,5637.12,CANCELLED,2026-05-26 00:30:41.465448
1889,402,67,1,1516.99,CANCELLED,2025-11-05 03:27:41.465448
1890,189,192,5,6256.8,CANCELLED,2026-08-19 08:31:41.465448
1891,513,56,3,5289.66,COMPLETED,2026-01-07 09:04:41.465448
1892,861,7,5,3265.8,COMPLETED,2026-03-08 12:30:41.465448
1893,106,125,3,2342.91,COMPLETED,2026-01-03 05:38:41.465448
1894,46,161,3,5703.36,COMPLETED,2025-11-20 06:53:41.465448
1895,90,160,2,3011.16,COMPLETED,2026-03-24 08:00:41.465448
1896,11,199,2,1037.34,COMPLETED,2026-08-07 20:21:41.465448
1897,777,3,5,5467.3,CANCELLED,2025-12-18 04:09:41.465448
1898,658,1,3,4704.24,COMPLETED,2026-07-04 14:26:41.465448
1899,994,158,4,3809.84,COMPLETED,2026-04-18 02:54:41.465448
1900,708,179,3,1824.72,COMPLETED,2025-09-25 12:43:41.465448
1901,581,111,5,3783.1,CANCELLED,2026-02-11 12:36:41.465448
1902,8,13,1,1674.08,COMPLETED,2026-01-03 19:39:41.465448
1903,586,176,2,1208.2,COMPLETED,2026-08-02 08:35:41.465448
1904,236,128,4,1661.56,COMPLETED,2026-03-21 13:43:41.465448
1905,994,186,4,2032.36,CANCELLED,2026-01-01 04:57:41.465448
1906,533,6,5,4067.55,COMPLETED,2025-09-21 09:03:41.465448
1907,802,169,2,3690.68,CANCELLED,2026-08-09 02:54:41.465448
1908,113,73,3,2570.25,PENDING,2025-11-08 11:39:41.465448
1909,895,15,3,3606.96,PENDING,2025-11-08 09:22:41.465448
1910,593,121,2,2368.82,CANCELLED,2025-11-01 22:12:41.465448
1911,144,177,3,1105.38,PENDING,2025-09-20 18:26:41.465448
1912,925,166,2,724.26,PENDING,2026-03-26 05:18:41.465448
1913,770,199,2,1037.34,CANCELLED,2025-12-23 04:49:41.465448
1914,605,17,2,1848.36,COMPLETED,2025-12-06 04:18:41.465448
1915,613,120,1,1510.7,COMPLETED,2026-05-24 18:29:41.465448
1916,195,84,5,9253.6,CANCELLED,2026-09-03 08:27:41.465448
1917,70,75,1,1239.9,COMPLETED,2026-02-06 23:51:41.465448
1918,210,178,3,2059.74,COMPLETED,2025-10-16 13:20:41.465448
1919,486,112,4,1547.24,COMPLETED,2026-06-27 05:51:41.465448
1920,574,104,1,238.97,COMPLETED,2026-06-06 04:53:41.465448
1921,678,55,2,2379.94,COMPLETED,2026-07-02 12:39:41.465448
1922,546,46,3,34.14,PENDING,2026-05-25 13:02:41.465448
1923,234,188,1,112.56,COMPLETED,2026-08-04 15:46:41.465448
1924,746,64,4,3434.76,COMPLETED,2026-06-21 00:51:41.465448
1925,917,6,1,813.51,COMPLETED,2025-12-18 04:38:41.465448
1926,241,7,2,1306.32,COMPLETED,2026-05-23 03:09:41.465448
1927,123,111,5,3783.1,COMPLETED,2026-03-17 10:38:41.465448
1928,595,145,4,2277.36,COMPLETED,2026-02-10 10:48:41.465448
1929,538,168,3,3803.16,COMPLETED,2026-05-06 07:40:41.465448
1930,313,49,2,1966.42,PENDING,2026-07-18 14:28:41.465448
1931,347,130,3,5750.73,PENDING,2026-02-22 12:08:41.465448
1932,21,172,3,394.98,COMPLETED,2026-06-27 07:37:41.465448
1933,79,15,1,1202.32,COMPLETED,2026-08-17 21:34:41.465448
1934,922,75,3,3719.7,CANCELLED,2026-08-02 09:13:41.465448
1935,428,10,1,840.97,COMPLETED,2026-08-13 12:46:41.465448
1936,699,193,1,1040.21,COMPLETED,2026-01-30 21:58:41.465448
1937,694,137,3,2827.5,PENDING,2025-09-30 18:49:41.465448
1938,237,178,2,1373.16,PENDING,2026-09-01 14:14:41.465448
1939,800,186,5,2540.45,PENDING,2026-06-30 22:34:41.465448
1940,680,142,2,911.76,COMPLETED,2026-04-19 00:31:41.465448
1941,685,200,5,5390.7,PENDING,2025-11-23 07:55:41.465448
1942,938,82,5,8572.85,COMPLETED,2026-05-01 04:53:41.465448
1943,225,121,2,2368.82,CANCELLED,2026-04-01 20:14:41.465448
1944,464,14,4,2883.72,COMPLETED,2026-04-16 00:38:41.465448
1945,914,118,4,6204.76,PENDING,2026-06-29 22:46:41.465448
1946,875,24,1,1350.3,COMPLETED,2026-08-27 19:39:41.465448
1947,652,80,3,3916.26,COMPLETED,2025-11-23 07:42:41.465448
1948,790,173,3,3804.21,COMPLETED,2026-06-29 02:09:41.465448
1949,23,96,2,585.4,COMPLETED,2026-07-03 03:22:41.465448
1950,70,42,4,7159.72,COMPLETED,2025-11-17 16:42:41.465448
1951,126,118,1,1551.19,COMPLETED,2026-04-15 19:53:41.465448
1952,633,8,3,3547.56,CANCELLED,2025-10-19 07:53:41.465448
1953,849,167,3,2172.48,COMPLETED,2025-10-03 08:23:41.465448
1954,766,20,1,1375.48,COMPLETED,2025-12-26 22:32:41.465448
1955,597,24,1,1350.3,CANCELLED,2026-07-19 08:52:41.465448
1956,18,125,3,2342.91,COMPLETED,2026-01-30 21:16:41.465448
1957,499,103,4,7165.04,CANCELLED,2025-12-05 23:10:41.465448
1958,93,195,4,6596.52,COMPLETED,2026-09-12 17:17:41.465448
1959,355,106,4,4977.44,COMPLETED,2026-08-29 00:48:41.465448
1960,860,43,4,7730.32,COMPLETED,2026-08-18 05:51:41.465448
1961,863,124,1,1402.16,COMPLETED,2025-12-11 14:53:41.465448
1962,271,71,3,4641.96,COMPLETED,2025-12-25 20:37:41.465448
1963,922,59,1,1214.25,CANCELLED,2026-03-29 22:09:41.465448
1964,713,94,3,5747.94,COMPLETED,2025-10-04 20:08:41.465448
1965,451,17,2,1848.36,CANCELLED,2026-06-05 17:13:41.465448
1966,936,5,2,520.4,COMPLETED,2025-12-16 10:07:41.465448
1967,331,63,4,6590.64,COMPLETED,2025-10-11 08:07:41.465448
1968,920,199,5,2593.35,CANCELLED,2025-11-26 21:09:41.465448
1969,512,118,1,1551.19,COMPLETED,2025-12-09 04:55:41.465448
1970,112,117,5,2539.8,PENDING,2025-11-02 05:07:41.465448
1971,274,25,4,6124.44,COMPLETED,2025-10-23 21:40:41.465448
1972,331,88,4,1443.92,PENDING,2026-02-28 19:52:41.465448
1973,148,30,1,1124.6,CANCELLED,2026-03-19 13:55:41.465448
1974,294,131,2,1931.56,CANCELLED,2026-05-11 22:22:41.465448
1975,153,170,4,4042.84,COMPLETED,2026-03-06 10:19:41.465448
1976,564,74,3,593.16,CANCELLED,2026-05-08 05:31:41.465448
1977,909,109,5,4909.3,COMPLETED,2026-09-01 09:01:41.465448
1978,533,181,5,2427.65,CANCELLED,2026-08-30 23:47:41.465448
1979,863,77,2,2876.2,CANCELLED,2026-06-29 14:59:41.465448
1980,247,7,1,653.16,CANCELLED,2026-03-25 13:36:41.465448
1981,504,172,3,394.98,PENDING,2026-05-14 02:34:41.465448
1982,189,85,1,995.72,COMPLETED,2026-03-27 03:39:41.465448
1983,891,36,2,1802.76,COMPLETED,2026-05-23 06:04:41.465448
1984,930,174,3,2875.65,PENDING,2026-04-09 11:18:41.465448
1985,76,137,2,1885.0,PENDING,2025-12-15 01:52:41.465448
1986,533,36,3,2704.14,COMPLETED,2026-06-02 01:17:41.465448
1987,375,68,1,457.01,CANCELLED,2025-10-30 13:02:41.465448
1988,176,164,1,1928.3,COMPLETED,2026-05-11 01:04:41.465448
1989,379,40,3,2767.86,PENDING,2026-03-09 21:55:41.465448
1990,423,116,2,2339.22,COMPLETED,2026-07-24 09:48:41.465448
1991,53,182,3,3057.36,COMPLETED,2026-07-11 00:52:41.465448
1992,391,28,3,5571.6,COMPLETED,2026-05-13 00:08:41.465448
1993,366,64,1,858.69,CANCELLED,2026-08-05 15:24:41.465448
1994,901,158,4,3809.84,PENDING,2026-02-24 02:12:41.465448
1995,127,62,1,1916.21,CANCELLED,2026-08-21 05:23:41.465448
1996,475,71,2,3094.64,COMPLETED,2026-04-06 01:13:41.465448
1997,742,175,4,742.44,COMPLETED,2026-01-09 14:42:41.465448
1998,600,121,5,5922.05,PENDING,2025-10-20 02:58:41.465448
1999,932,28,2,3714.4,COMPLETED,2025-10-18 01:09:41.465448
2000,656,105,1,1707.95,COMPLETED,2026-04-28 05:48:41.465448
2001,420,135,5,2378.1,PENDING,2026-04-20 11:27:41.465448
2002,215,112,5,1934.05,COMPLETED,2026-09-12 10:05:41.465448
2003,365,160,5,7527.9,COMPLETED,2026-09-10 02:19:41.465448
2004,213,105,2,3415.9,COMPLETED,2026-06-25 12:16:41.465448
2005,902,164,2,3856.6,COMPLETED,2026-08-06 04:38:41.465448
2006,314,20,2,2750.96,COMPLETED,2025-09-15 07:38:41.465448
2007,127,66,4,1865.4,COMPLETED,2025-10-20 13:57:41.465448
2008,620,108,4,166.12,COMPLETED,2026-08-27 21:41:41.465448
2009,806,84,2,3701.44,PENDING,2026-06-06 15:46:41.465448
2010,285,185,4,3006.96,PENDING,2026-03-27 08:14:41.465448
2011,232,180,4,244.52,PENDING,2026-07-18 23:25:41.465448
2012,750,12,1,1678.16,COMPLETED,2026-08-02 22:57:41.465448
2013,375,147,5,9924.9,PENDING,2026-08-27 12:03:41.465448
2014,503,165,5,7134.45,CANCELLED,2025-10-07 04:40:41.465448
2015,661,79,4,1264.4,COMPLETED,2026-05-10 09:31:41.465448
2016,948,102,5,2195.15,PENDING,2026-05-26 01:50:41.465448
2017,353,15,1,1202.32,COMPLETED,2026-07-25 13:35:41.465448
2018,624,12,2,3356.32,CANCELLED,2026-08-22 11:59:41.465448
2019,829,123,1,1800.64,COMPLETED,2026-04-24 06:27:41.465448
2020,242,146,3,3200.88,COMPLETED,2026-02-12 21:45:41.465448
2021,719,168,2,2535.44,COMPLETED,2026-02-03 12:26:41.465448
2022,873,141,3,485.97,PENDING,2026-03-29 09:39:41.465448
2023,109,1,5,7840.4,PENDING,2025-10-05 23:37:41.465448
2024,81,45,5,3686.95,COMPLETED,2026-03-30 22:21:41.465448
2025,775,160,3,4516.74,COMPLETED,2026-06-27 06:17:41.465448
2026,584,67,2,3033.98,COMPLETED,2025-12-26 06:56:41.465448
2027,936,81,4,5445.6,PENDING,2025-10-06 07:30:41.465448
2028,206,189,4,1544.16,CANCELLED,2026-05-18 12:29:41.465448
2029,239,57,4,4966.76,PENDING,2026-02-03 16:59:41.465448
2030,797,21,3,5898.33,COMPLETED,2026-02-15 00:54:41.465448
2031,368,48,2,2872.96,COMPLETED,2025-10-08 09:22:41.465448
2032,703,197,5,5334.6,COMPLETED,2026-02-06 13:07:41.465448
2033,378,21,2,3932.22,PENDING,2026-04-08 05:25:41.465448
2034,168,7,5,3265.8,COMPLETED,2026-04-26 14:35:41.465448
2035,968,90,3,420.66,COMPLETED,2025-11-01 08:50:41.465448
2036,345,67,4,6067.96,CANCELLED,2025-12-29 23:24:41.465448
2037,473,134,4,6401.36,PENDING,2026-06-09 11:29:41.465448
2038,908,166,5,1810.65,COMPLETED,2025-10-13 01:17:41.465448
2039,177,176,1,604.1,COMPLETED,2026-02-22 22:07:41.465448
2040,752,78,4,88.4,COMPLETED,2025-12-22 06:18:41.465448
2041,462,74,1,197.72,COMPLETED,2026-03-16 23:07:41.465448
2042,236,69,5,8669.1,CANCELLED,2026-07-21 09:13:41.465448
2043,521,53,1,1409.28,PENDING,2025-11-28 22:24:41.465448
2044,403,118,3,4653.57,COMPLETED,2025-12-02 05:47:41.465448
2045,277,137,2,1885.0,COMPLETED,2026-02-24 21:15:41.465448
2046,29,122,5,6463.8,COMPLETED,2026-05-23 15:46:41.465448
2047,486,85,2,1991.44,PENDING,2025-10-19 15:28:41.465448
2048,732,195,2,3298.26,PENDING,2025-10-14 16:41:41.465448
2049,866,94,1,1915.98,COMPLETED,2025-09-23 11:35:41.465448
2050,580,89,1,1378.63,PENDING,2025-10-08 21:09:41.465448
2051,148,17,4,3696.72,COMPLETED,2026-06-22 10:05:41.465448
2052,963,51,2,3484.56,COMPLETED,2026-02-28 02:58:41.465448
2053,182,59,1,1214.25,COMPLETED,2026-08-04 21:23:41.465448
2054,709,108,5,207.65,PENDING,2026-03-10 04:58:41.465448
2055,671,43,5,9662.9,COMPLETED,2026-02-28 12:55:41.465448
2056,312,110,5,9999.6,COMPLETED,2025-11-08 16:53:41.465448
2057,894,35,3,1834.62,CANCELLED,2026-05-12 06:45:41.465448
2058,709,144,1,496.1,PENDING,2026-05-01 10:56:41.465448
2059,488,155,5,5066.0,COMPLETED,2025-12-28 20:47:41.465448
2060,358,166,1,362.13,COMPLETED,2025-10-28 17:57:41.465448
2061,261,120,1,1510.7,COMPLETED,2026-03-26 02:12:41.465448
2062,936,116,5,5848.05,COMPLETED,2026-01-05 04:17:41.465448
2063,972,184,2,501.66,COMPLETED,2025-11-09 14:00:41.465448
2064,628,80,1,1305.42,COMPLETED,2026-06-06 05:33:41.465448
2065,537,58,2,3218.48,CANCELLED,2026-05-17 12:31:41.465448
2066,447,177,2,736.92,COMPLETED,2026-02-06 21:47:41.465448
2067,879,31,3,2072.73,COMPLETED,2026-07-26 08:57:41.465448
2068,675,169,5,9226.7,COMPLETED,2026-08-05 16:29:41.465448
2069,494,73,5,4283.75,CANCELLED,2025-12-25 09:56:41.465448
2070,836,100,4,536.16,CANCELLED,2025-12-14 02:53:41.465448
2071,407,81,3,4084.2,COMPLETED,2026-06-20 18:40:41.465448
2072,546,193,5,5201.05,COMPLETED,2026-03-01 03:19:41.465448
2073,445,169,5,9226.7,COMPLETED,2026-04-30 04:19:41.465448
2074,893,189,2,772.08,COMPLETED,2026-04-20 17:20:41.465448
2075,757,98,1,1627.75,COMPLETED,2026-02-05 12:10:41.465448
2076,14,81,2,2722.8,COMPLETED,2026-02-08 07:01:41.465448
2077,424,157,5,3162.0,COMPLETED,2026-04-22 08:52:41.465448
2078,128,88,4,1443.92,PENDING,2026-02-02 14:23:41.465448
2079,130,100,5,670.2,CANCELLED,2025-09-25 05:16:41.465448
2080,711,6,4,3254.04,PENDING,2025-10-09 02:27:41.465448
2081,607,182,5,5095.6,COMPLETED,2026-06-17 05:51:41.465448
2082,937,194,1,1723.76,COMPLETED,2026-02-06 22:06:41.465448
2083,104,124,4,5608.64,COMPLETED,2025-12-07 22:08:41.465448
2084,885,10,3,2522.91,CANCELLED,2025-10-29 00:17:41.465448
2085,233,28,5,9286.0,CANCELLED,2026-07-05 16:44:41.465448
2086,831,168,2,2535.44,COMPLETED,2026-02-05 03:41:41.465448
2087,3,140,1,1466.45,COMPLETED,2025-10-08 09:04:41.465448
2088,790,138,5,7490.25,COMPLETED,2026-09-04 23:10:41.465448
2089,191,29,4,7957.28,CANCELLED,2025-11-15 11:32:41.465448
2090,401,96,1,292.7,COMPLETED,2026-05-10 23:46:41.465448
2091,790,80,5,6527.1,PENDING,2025-10-10 14:49:41.465448
2092,18,30,5,5623.0,COMPLETED,2025-11-01 00:14:41.465448
2093,837,188,4,450.24,PENDING,2025-11-25 01:12:41.465448
2094,279,179,5,3041.2,COMPLETED,2026-03-18 10:00:41.465448
2095,160,188,4,450.24,COMPLETED,2026-05-14 11:15:41.465448
2096,247,127,5,2764.2,COMPLETED,2026-04-14 12:12:41.465448
2097,794,138,3,4494.15,CANCELLED,2026-04-12 07:27:41.465448
2098,962,126,1,1218.85,COMPLETED,2026-07-23 01:30:41.465448
2099,397,132,2,317.76,COMPLETED,2025-10-03 10:17:41.465448
2100,955,62,4,7664.84,COMPLETED,2026-07-28 16:28:41.465448
2101,548,167,3,2172.48,COMPLETED,2026-02-26 22:23:41.465448
2102,514,54,5,2013.5,COMPLETED,2026-02-04 01:47:41.465448
2103,84,84,1,1850.72,COMPLETED,2026-06-06 09:10:41.465448
2104,835,89,1,1378.63,CANCELLED,2026-09-08 09:31:41.465448
2105,789,152,4,2338.52,COMPLETED,2026-08-27 23:57:41.465448
2106,789,4,1,904.74,PENDING,2025-12-11 13:31:41.465448
2107,763,44,3,4920.9,COMPLETED,2026-06-16 01:49:41.465448
2108,572,111,5,3783.1,CANCELLED,2026-02-03 19:43:41.465448
2109,6,159,3,2454.63,COMPLETED,2026-03-27 05:45:41.465448
2110,4,77,2,2876.2,PENDING,2025-09-21 05:43:41.465448
2111,556,179,1,608.24,COMPLETED,2026-06-01 20:19:41.465448
2112,169,156,2,1102.06,PENDING,2025-11-17 05:00:41.465448
2113,842,86,5,7106.25,COMPLETED,2025-11-02 00:22:41.465448
2114,425,111,5,3783.1,COMPLETED,2026-04-08 23:31:41.465448
2115,591,115,2,3698.2,PENDING,2025-11-13 22:04:41.465448
2116,612,194,1,1723.76,CANCELLED,2026-04-09 20:38:41.465448
2117,910,87,1,600.96,PENDING,2026-07-07 12:16:41.465448
2118,91,37,5,7333.9,COMPLETED,2025-10-04 06:36:41.465448
2119,919,167,3,2172.48,COMPLETED,2026-08-10 09:30:41.465448
2120,628,163,2,2379.0,PENDING,2026-06-13 02:03:41.465448
2121,85,92,3,1030.62,PENDING,2025-11-09 15:51:41.465448
2122,976,144,2,992.2,PENDING,2025-10-29 01:38:41.465448
2123,346,72,2,671.16,CANCELLED,2025-10-06 14:35:41.465448
2124,825,179,1,608.24,COMPLETED,2025-10-30 13:45:41.465448
2125,789,14,2,1441.86,COMPLETED,2025-12-08 01:58:41.465448
2126,577,122,3,3878.28,PENDING,2026-01-27 13:21:41.465448
2127,438,121,4,4737.64,COMPLETED,2026-01-10 19:54:41.465448
2128,150,160,1,1505.58,PENDING,2026-03-13 02:45:41.465448
2129,786,153,3,460.17,PENDING,2025-10-12 07:24:41.465448
2130,88,188,1,112.56,COMPLETED,2025-12-10 03:33:41.465448
2131,604,183,1,379.26,CANCELLED,2025-11-22 21:18:41.465448
2132,638,13,2,3348.16,COMPLETED,2026-06-11 05:01:41.465448
2133,912,76,5,1844.55,PENDING,2026-05-27 08:21:41.465448
2134,744,96,1,292.7,COMPLETED,2025-10-20 12:01:41.465448
2135,134,133,4,4638.24,COMPLETED,2026-09-02 09:56:41.465448
2136,982,118,3,4653.57,COMPLETED,2026-06-26 05:37:41.465448
2137,83,134,2,3200.68,COMPLETED,2026-02-15 05:50:41.465448
2138,25,29,3,5967.96,CANCELLED,2026-02-14 06:59:41.465448
2139,721,115,4,7396.4,COMPLETED,2026-02-07 13:28:41.465448
2140,507,76,4,1475.64,CANCELLED,2026-06-11 02:25:41.465448
2141,833,148,4,2179.16,CANCELLED,2025-11-23 03:25:41.465448
2142,643,57,5,6208.45,PENDING,2025-09-21 21:30:41.465448
2143,788,37,3,4400.34,PENDING,2026-04-07 01:56:41.465448
2144,750,171,3,1183.53,COMPLETED,2026-03-22 00:59:41.465448
2145,668,89,4,5514.52,PENDING,2026-03-09 17:01:41.465448
2146,703,177,1,368.46,PENDING,2026-06-20 23:11:41.465448
2147,364,9,4,1285.64,COMPLETED,2025-11-10 21:35:41.465448
2148,700,91,3,5227.29,COMPLETED,2025-09-30 11:05:41.465448
2149,511,50,3,2878.83,COMPLETED,2026-07-30 12:30:41.465448
2150,429,119,5,3528.8,COMPLETED,2026-03-01 08:28:41.465448
2151,111,128,2,830.78,COMPLETED,2025-12-17 02:37:41.465448
2152,799,46,1,11.38,COMPLETED,2026-08-21 00:13:41.465448
2153,833,138,1,1498.05,COMPLETED,2026-03-03 05:31:41.465448
2154,804,128,4,1661.56,COMPLETED,2026-04-17 03:43:41.465448
2155,400,194,2,3447.52,COMPLETED,2025-11-02 20:35:41.465448
2156,739,120,3,4532.1,COMPLETED,2025-10-22 20:36:41.465448
2157,233,19,2,1051.36,COMPLETED,2026-08-09 05:33:41.465448
2158,830,183,1,379.26,PENDING,2026-01-10 03:59:41.465448
2159,102,45,1,737.39,PENDING,2025-10-18 09:23:41.465448
2160,646,72,3,1006.74,COMPLETED,2026-06-13 06:50:41.465448
2161,201,41,2,2419.26,COMPLETED,2025-11-04 03:16:41.465448
2162,878,165,3,4280.67,COMPLETED,2026-04-22 06:42:41.465448
2163,775,189,4,1544.16,COMPLETED,2025-09-23 02:25:41.465448
2164,899,93,3,3079.8,COMPLETED,2026-04-28 17:26:41.465448
2165,599,196,2,2554.82,CANCELLED,2026-06-12 18:10:41.465448
2166,611,26,3,4908.78,PENDING,2026-05-24 14:48:41.465448
2167,273,80,3,3916.26,PENDING,2025-12-23 06:14:41.465448
2168,137,84,2,3701.44,CANCELLED,2025-10-06 14:59:41.465448
2169,840,169,2,3690.68,COMPLETED,2025-11-21 03:41:41.465448
2170,896,130,2,3833.82,COMPLETED,2025-11-13 10:46:41.465448
2171,44,38,4,5322.4,PENDING,2026-06-21 07:01:41.465448
2172,765,53,3,4227.84,PENDING,2025-12-15 09:07:41.465448
2173,335,11,1,469.65,CANCELLED,2026-02-25 08:39:41.465448
2174,209,149,5,7664.55,CANCELLED,2025-10-15 13:38:41.465448
2175,318,133,3,3478.68,COMPLETED,2026-03-21 05:43:41.465448
2176,899,90,4,560.88,CANCELLED,2026-07-20 10:15:41.465448
2177,978,87,1,600.96,PENDING,2026-09-03 08:53:41.465448
2178,601,7,4,2612.64,PENDING,2025-11-08 03:50:41.465448
2179,366,40,2,1845.24,COMPLETED,2026-02-09 04:00:41.465448
2180,742,49,5,4916.05,CANCELLED,2026-05-26 17:39:41.465448
2181,853,146,2,2133.92,PENDING,2025-11-30 10:38:41.465448
2182,947,90,5,701.1,PENDING,2026-08-21 11:40:41.465448
2183,370,74,3,593.16,CANCELLED,2026-05-27 14:28:41.465448
2184,247,150,2,2596.6,PENDING,2026-07-25 08:35:41.465448
2185,316,118,2,3102.38,COMPLETED,2025-11-12 15:35:41.465448
2186,706,147,3,5954.94,COMPLETED,2025-09-28 16:21:41.465448
2187,513,35,3,1834.62,COMPLETED,2025-10-25 02:28:41.465448
2188,736,72,3,1006.74,COMPLETED,2026-09-03 05:14:41.465448
2189,445,156,1,551.03,COMPLETED,2025-12-14 12:32:41.465448
2190,478,50,5,4798.05,COMPLETED,2025-10-07 11:55:41.465448
2191,269,63,3,4942.98,PENDING,2026-08-18 03:02:41.465448
2192,627,111,4,3026.48,PENDING,2025-12-15 06:15:41.465448
2193,99,64,1,858.69,COMPLETED,2025-10-02 07:50:41.465448
2194,822,133,2,2319.12,COMPLETED,2026-05-20 21:28:41.465448
2195,681,124,5,7010.8,COMPLETED,2026-05-21 16:07:41.465448
2196,216,68,5,2285.05,CANCELLED,2026-09-12 07:13:41.465448
2197,56,109,4,3927.44,COMPLETED,2026-06-12 13:14:41.465448
2198,886,71,2,3094.64,PENDING,2026-06-25 14:05:41.465448
2199,188,137,3,2827.5,CANCELLED,2026-05-20 12:22:41.465448
2200,557,59,4,4857.0,CANCELLED,2025-09-13 02:04:41.465448
2201,585,113,3,5961.63,CANCELLED,2026-03-09 18:23:41.465448
2202,518,129,4,5529.32,PENDING,2026-04-04 19:05:41.465448
2203,27,72,5,1677.9,CANCELLED,2026-06-01 02:28:41.465448
2204,743,99,5,4123.0,COMPLETED,2025-10-11 12:32:41.465448
2205,185,50,1,959.61,PENDING,2025-12-05 01:40:41.465448
2206,240,172,2,263.32,PENDING,2025-09-27 20:07:41.465448
2207,874,62,2,3832.42,PENDING,2025-12-21 19:17:41.465448
2208,958,165,5,7134.45,CANCELLED,2026-04-01 02:57:41.465448
2209,420,14,2,1441.86,PENDING,2026-08-31 09:34:41.465448
2210,22,64,1,858.69,COMPLETED,2026-03-02 06:08:41.465448
2211,671,126,4,4875.4,CANCELLED,2025-12-21 02:24:41.465448
2212,225,24,3,4050.9,COMPLETED,2026-02-26 18:48:41.465448
2213,443,17,1,924.18,COMPLETED,2026-03-30 10:45:41.465448
2214,699,38,3,3991.8,PENDING,2026-07-22 06:55:41.465448
2215,281,192,4,5005.44,CANCELLED,2026-01-12 09:04:41.465448
2216,833,124,5,7010.8,COMPLETED,2025-11-20 16:26:41.465448
2217,324,148,3,1634.37,COMPLETED,2026-03-10 01:07:41.465448
2218,579,24,2,2700.6,PENDING,2026-07-27 11:30:41.465448
2219,729,170,4,4042.84,COMPLETED,2026-03-07 16:19:41.465448
2220,561,160,3,4516.74,COMPLETED,2026-08-15 00:16:41.465448
2221,921,186,5,2540.45,CANCELLED,2026-07-05 10:10:41.465448
2222,416,120,2,3021.4,PENDING,2025-09-18 15:01:41.465448
2223,895,103,3,5373.78,COMPLETED,2026-06-16 18:58:41.465448
2224,390,78,4,88.4,COMPLETED,2026-06-05 02:29:41.465448
2225,639,40,3,2767.86,CANCELLED,2025-09-26 06:24:41.465448
2226,34,22,4,1786.16,CANCELLED,2026-09-11 19:21:41.465448
2227,76,176,1,604.1,COMPLETED,2025-10-02 23:11:41.465448
2228,486,79,2,632.2,CANCELLED,2025-10-15 08:24:41.465448
2229,536,123,2,3601.28,COMPLETED,2026-05-10 02:23:41.465448
2230,142,21,1,1966.11,COMPLETED,2025-09-18 13:54:41.465448
2231,56,44,3,4920.9,PENDING,2025-10-23 13:58:41.465448
2232,212,173,3,3804.21,COMPLETED,2025-11-09 00:30:41.465448
2233,493,45,2,1474.78,COMPLETED,2026-09-02 18:06:41.465448
2234,95,91,5,8712.15,COMPLETED,2026-06-21 04:17:41.465448
2235,68,6,4,3254.04,PENDING,2026-01-18 16:14:41.465448
2236,494,28,2,3714.4,COMPLETED,2025-10-02 03:57:41.465448
2237,633,94,2,3831.96,COMPLETED,2026-03-29 05:56:41.465448
2238,82,22,4,1786.16,COMPLETED,2025-10-24 16:55:41.465448
2239,305,118,4,6204.76,COMPLETED,2026-01-31 08:35:41.465448
2240,232,78,4,88.4,CANCELLED,2025-10-07 06:40:41.465448
2241,177,86,2,2842.5,COMPLETED,2026-03-08 06:37:41.465448
2242,994,161,1,1901.12,COMPLETED,2026-05-12 08:01:41.465448
2243,873,76,1,368.91,COMPLETED,2025-10-13 15:45:41.465448
2244,461,5,1,260.2,COMPLETED,2025-10-07 13:45:41.465448
2245,481,14,3,2162.79,COMPLETED,2026-05-14 05:59:41.465448
2246,624,15,2,2404.64,COMPLETED,2026-01-10 16:51:41.465448
2247,178,86,1,1421.25,COMPLETED,2026-08-25 17:36:41.465448
2248,392,72,3,1006.74,PENDING,2025-09-13 14:44:41.465448
2249,713,180,5,305.65,CANCELLED,2026-03-21 19:13:41.465448
2250,824,197,3,3200.76,COMPLETED,2026-04-03 02:52:41.465448
2251,275,55,3,3569.91,COMPLETED,2026-08-10 01:30:41.465448
2252,678,140,1,1466.45,COMPLETED,2026-03-15 16:24:41.465448
2253,80,55,4,4759.88,COMPLETED,2026-07-30 09:23:41.465448
2254,538,20,1,1375.48,COMPLETED,2026-06-24 19:08:41.465448
2255,296,51,1,1742.28,PENDING,2025-12-28 05:56:41.465448
2256,6,105,5,8539.75,COMPLETED,2026-03-23 23:01:41.465448
2257,150,116,1,1169.61,COMPLETED,2026-03-06 05:31:41.465448
2258,551,172,1,131.66,CANCELLED,2026-01-14 06:05:41.465448
2259,852,100,5,670.2,CANCELLED,2026-06-30 05:12:41.465448
2260,749,186,3,1524.27,CANCELLED,2026-07-28 09:06:41.465448
2261,599,3,4,4373.84,COMPLETED,2026-04-11 01:48:41.465448
2262,820,184,5,1254.15,CANCELLED,2026-04-23 05:54:41.465448
2263,506,28,5,9286.0,CANCELLED,2026-03-14 23:02:41.465448
2264,122,26,3,4908.78,COMPLETED,2026-04-07 03:11:41.465448
2265,81,166,1,362.13,COMPLETED,2026-02-10 09:57:41.465448
2266,275,132,5,794.4,COMPLETED,2025-12-02 15:07:41.465448
2267,675,156,5,2755.15,COMPLETED,2025-09-15 02:44:41.465448
2268,483,133,1,1159.56,COMPLETED,2025-12-04 13:36:41.465448
2269,607,105,2,3415.9,COMPLETED,2025-09-21 21:37:41.465448
2270,559,36,3,2704.14,COMPLETED,2026-08-28 01:22:41.465448
2271,820,70,2,3346.1,COMPLETED,2026-06-03 17:20:41.465448
2272,865,150,4,5193.2,COMPLETED,2026-04-16 03:34:41.465448
2273,767,186,1,508.09,CANCELLED,2026-06-25 14:55:41.465448
2274,755,49,3,2949.63,CANCELLED,2026-01-21 22:16:41.465448
2275,673,38,1,1330.6,COMPLETED,2025-11-13 22:56:41.465448
2276,724,87,3,1802.88,PENDING,2026-03-21 07:35:41.465448
2277,707,152,2,1169.26,COMPLETED,2026-09-02 16:57:41.465448
2278,436,102,2,878.06,PENDING,2026-02-24 15:14:41.465448
2279,774,55,3,3569.91,COMPLETED,2026-01-13 14:50:41.465448
2280,239,147,1,1984.98,COMPLETED,2026-08-07 20:01:41.465448
2281,933,4,5,4523.7,COMPLETED,2025-10-23 10:29:41.465448
2282,417,85,4,3982.88,CANCELLED,2025-12-03 09:38:41.465448
2283,9,124,1,1402.16,COMPLETED,2026-07-21 23:22:41.465448
2284,534,56,3,5289.66,COMPLETED,2026-05-27 01:47:41.465448
2285,172,170,1,1010.71,COMPLETED,2026-01-13 21:10:41.465448
2286,642,155,3,3039.6,COMPLETED,2026-07-07 12:09:41.465448
2287,979,98,4,6511.0,COMPLETED,2026-05-09 21:58:41.465448
2288,444,125,3,2342.91,COMPLETED,2026-07-06 10:02:41.465448
2289,944,51,5,8711.4,COMPLETED,2026-05-06 03:12:41.465448
2290,935,168,4,5070.88,PENDING,2026-03-15 03:15:41.465448
2291,189,45,5,3686.95,CANCELLED,2026-05-10 14:12:41.465448
2292,437,87,5,3004.8,COMPLETED,2025-09-14 19:06:41.465448
2293,167,121,1,1184.41,COMPLETED,2025-12-06 11:26:41.465448
2294,959,167,5,3620.8,COMPLETED,2026-08-23 10:28:41.465448
2295,445,98,1,1627.75,COMPLETED,2025-11-08 21:42:41.465448
2296,936,174,4,3834.2,COMPLETED,2026-04-14 11:33:41.465448
2297,299,197,5,5334.6,COMPLETED,2026-06-26 07:27:41.465448
2298,895,2,4,6072.32,COMPLETED,2026-02-07 06:08:41.465448
2299,371,77,5,7190.5,COMPLETED,2026-05-02 22:07:41.465448
2300,518,156,2,1102.06,COMPLETED,2025-12-16 22:36:41.465448
2301,517,187,5,4208.35,COMPLETED,2026-01-31 05:13:41.465448
2302,748,126,1,1218.85,CANCELLED,2026-04-12 17:21:41.465448
2303,393,95,5,8579.7,COMPLETED,2026-02-16 00:58:41.465448
2304,370,98,4,6511.0,PENDING,2026-03-13 21:58:41.465448
2305,489,175,3,556.83,COMPLETED,2026-01-16 23:40:41.465448
2306,66,177,2,736.92,PENDING,2026-02-05 12:51:41.465448
2307,809,7,2,1306.32,COMPLETED,2025-11-30 03:03:41.465448
2308,81,198,3,3068.52,COMPLETED,2025-12-05 11:30:41.465448
2309,719,128,1,415.39,COMPLETED,2026-07-05 16:27:41.465448
2310,281,171,1,394.51,COMPLETED,2026-07-01 14:32:41.465448
2311,822,87,5,3004.8,PENDING,2026-01-06 19:48:41.465448
2312,37,105,5,8539.75,COMPLETED,2025-11-05 14:58:41.465448
2313,642,144,5,2480.5,COMPLETED,2026-08-19 17:27:41.465448
2314,149,5,5,1301.0,COMPLETED,2026-08-22 03:07:41.465448
2315,727,168,2,2535.44,COMPLETED,2025-09-27 13:18:41.465448
2316,615,142,2,911.76,PENDING,2026-09-06 08:02:41.465448
2317,271,37,3,4400.34,CANCELLED,2025-10-03 18:56:41.465448
2318,750,83,1,884.86,COMPLETED,2026-03-23 11:55:41.465448
2319,785,155,5,5066.0,COMPLETED,2025-10-31 15:08:41.465448
2320,655,184,1,250.83,CANCELLED,2025-11-23 04:38:41.465448
2321,556,86,1,1421.25,COMPLETED,2026-07-18 03:54:41.465448
2322,628,137,2,1885.0,COMPLETED,2026-03-27 01:34:41.465448
2323,290,66,1,466.35,COMPLETED,2026-08-28 12:21:41.465448
2324,136,45,4,2949.56,COMPLETED,2026-04-30 23:56:41.465448
2325,754,57,1,1241.69,COMPLETED,2025-09-30 13:06:41.465448
2326,399,48,2,2872.96,COMPLETED,2026-05-30 01:11:41.465448
2327,907,132,2,317.76,PENDING,2026-08-18 01:33:41.465448
2328,387,191,2,1562.52,COMPLETED,2026-01-30 19:29:41.465448
2329,511,101,5,9603.5,COMPLETED,2025-11-20 11:54:41.465448
2330,366,166,4,1448.52,PENDING,2026-05-31 08:23:41.465448
2331,994,104,3,716.91,COMPLETED,2026-08-31 06:09:41.465448
2332,230,91,5,8712.15,COMPLETED,2026-05-23 10:14:41.465448
2333,597,150,5,6491.5,COMPLETED,2026-01-26 14:41:41.465448
2334,347,185,2,1503.48,COMPLETED,2026-07-03 03:30:41.465448
2335,33,108,1,41.53,COMPLETED,2026-08-05 14:37:41.465448
2336,258,177,4,1473.84,COMPLETED,2026-04-12 06:14:41.465448
2337,359,21,3,5898.33,PENDING,2026-03-08 09:42:41.465448
2338,485,91,5,8712.15,PENDING,2026-03-12 11:49:41.465448
2339,890,17,3,2772.54,CANCELLED,2025-11-29 01:51:41.465448
2340,47,80,1,1305.42,PENDING,2025-11-16 14:52:41.465448
2341,913,103,4,7165.04,COMPLETED,2026-01-23 21:55:41.465448
2342,476,157,3,1897.2,COMPLETED,2026-08-10 15:40:41.465448
2343,607,109,2,1963.72,COMPLETED,2025-10-27 01:56:41.465448
2344,732,126,3,3656.55,COMPLETED,2026-07-25 09:52:41.465448
2345,92,196,4,5109.64,COMPLETED,2026-06-02 00:44:41.465448
2346,412,87,2,1201.92,COMPLETED,2026-08-16 02:54:41.465448
2347,423,5,3,780.6,PENDING,2025-10-03 07:55:41.465448
2348,304,129,2,2764.66,CANCELLED,2026-08-20 09:29:41.465448
2349,558,186,1,508.09,CANCELLED,2026-07-23 22:39:41.465448
2350,755,127,3,1658.52,PENDING,2026-03-22 03:13:41.465448
2351,958,55,4,4759.88,COMPLETED,2025-12-06 09:06:41.465448
2352,515,175,4,742.44,COMPLETED,2026-07-21 01:57:41.465448
2353,656,122,3,3878.28,COMPLETED,2026-03-12 19:09:41.465448
2354,244,34,1,1972.01,PENDING,2026-03-07 15:38:41.465448
2355,416,193,1,1040.21,COMPLETED,2026-06-21 23:33:41.465448
2356,813,58,2,3218.48,COMPLETED,2026-08-20 05:21:41.465448
2357,565,30,1,1124.6,PENDING,2025-12-05 22:17:41.465448
2358,260,92,4,1374.16,COMPLETED,2025-09-28 09:03:41.465448
2359,28,26,2,3272.52,COMPLETED,2025-11-13 09:34:41.465448
2360,582,52,2,2238.94,COMPLETED,2026-07-01 02:43:41.465448
2361,203,73,2,1713.5,COMPLETED,2026-05-12 07:04:41.465448
2362,689,196,4,5109.64,PENDING,2026-09-05 07:27:41.465448
2363,788,174,1,958.55,COMPLETED,2026-04-21 23:06:41.465448
2364,410,161,1,1901.12,COMPLETED,2025-11-06 10:34:41.465448
2365,675,94,5,9579.9,CANCELLED,2026-08-08 01:26:41.465448
2366,805,30,2,2249.2,PENDING,2026-08-26 22:41:41.465448
2367,385,7,1,653.16,COMPLETED,2026-01-21 23:33:41.465448
2368,116,200,1,1078.14,COMPLETED,2025-10-04 13:53:41.465448
2369,462,91,5,8712.15,COMPLETED,2025-10-20 00:33:41.465448
2370,796,62,2,3832.42,COMPLETED,2026-08-13 07:03:41.465448
2371,408,9,1,321.41,PENDING,2025-09-16 17:05:41.465448
2372,865,146,2,2133.92,CANCELLED,2026-04-19 06:44:41.465448
2373,388,82,4,6858.28,COMPLETED,2025-10-05 02:16:41.465448
2374,238,197,2,2133.84,COMPLETED,2026-05-25 11:29:41.465448
2375,374,77,4,5752.4,PENDING,2026-06-01 01:38:41.465448
2376,190,141,1,161.99,PENDING,2026-07-25 01:06:41.465448
2377,717,116,1,1169.61,CANCELLED,2026-06-08 23:45:41.465448
2378,745,64,3,2576.07,COMPLETED,2025-11-22 15:26:41.465448
2379,364,172,2,263.32,PENDING,2026-07-17 13:43:41.465448
2380,895,80,1,1305.42,COMPLETED,2026-04-15 23:12:41.465448
2381,851,95,3,5147.82,COMPLETED,2026-05-26 11:07:41.465448
2382,209,4,3,2714.22,PENDING,2026-07-07 10:37:41.465448
2383,572,119,2,1411.52,PENDING,2025-10-17 01:04:41.465448
2384,953,172,5,658.3,COMPLETED,2026-01-31 12:59:41.465448
2385,155,190,1,1783.39,CANCELLED,2026-08-30 20:09:41.465448
2386,517,142,2,911.76,COMPLETED,2026-03-07 23:58:41.465448
2387,590,54,4,1610.8,CANCELLED,2025-10-22 00:15:41.465448
2388,888,30,3,3373.8,PENDING,2025-10-02 07:14:41.465448
2389,225,24,2,2700.6,COMPLETED,2026-01-04 04:50:41.465448
2390,932,94,4,7663.92,COMPLETED,2026-08-30 20:42:41.465448
2391,719,25,5,7655.55,COMPLETED,2026-04-18 23:49:41.465448
2392,425,1,2,3136.16,PENDING,2026-08-02 18:33:41.465448
2393,473,58,2,3218.48,COMPLETED,2026-02-09 20:56:41.465448
2394,992,170,4,4042.84,PENDING,2025-12-27 22:27:41.465448
2395,716,57,2,2483.38,COMPLETED,2026-05-23 08:14:41.465448
2396,68,57,2,2483.38,PENDING,2025-11-16 01:34:41.465448
2397,848,156,2,1102.06,COMPLETED,2026-09-05 19:00:41.465448
2398,53,80,3,3916.26,COMPLETED,2026-06-14 16:13:41.465448
2399,167,184,5,1254.15,COMPLETED,2026-08-17 13:01:41.465448
2400,779,166,1,362.13,COMPLETED,2025-12-24 10:26:41.465448
2401,156,131,5,4828.9,PENDING,2026-02-08 09:05:41.465448
2402,812,10,4,3363.88,PENDING,2026-06-16 03:48:41.465448
2403,937,14,4,2883.72,COMPLETED,2026-03-23 16:13:41.465448
2404,307,113,2,3974.42,COMPLETED,2026-01-21 18:55:41.465448
2405,495,99,3,2473.8,PENDING,2026-05-10 13:01:41.465448
2406,169,75,2,2479.8,CANCELLED,2026-01-30 14:31:41.465448
2407,979,43,5,9662.9,CANCELLED,2026-01-18 22:36:41.465448
2408,606,131,5,4828.9,PENDING,2026-05-23 20:50:41.465448
2409,393,199,2,1037.34,COMPLETED,2026-08-02 12:24:41.465448
2410,558,192,1,1251.36,COMPLETED,2026-06-05 15:58:41.465448
2411,65,195,3,4947.39,COMPLETED,2026-02-09 02:29:41.465448
2412,261,135,1,475.62,COMPLETED,2026-07-05 06:02:41.465448
2413,283,22,5,2232.7,COMPLETED,2026-05-03 09:23:41.465448
2414,766,64,1,858.69,COMPLETED,2026-07-14 09:45:41.465448
2415,809,36,2,1802.76,CANCELLED,2026-08-09 06:14:41.465448
2416,142,124,4,5608.64,COMPLETED,2026-07-11 22:00:41.465448
2417,910,179,4,2432.96,COMPLETED,2025-12-22 09:13:41.465448
2418,57,96,1,292.7,CANCELLED,2026-08-24 09:14:41.465448
2419,696,178,5,3432.9,COMPLETED,2026-05-12 11:29:41.465448
2420,813,118,1,1551.19,COMPLETED,2026-06-11 19:16:41.465448
2421,745,64,2,1717.38,COMPLETED,2026-07-01 20:17:41.465448
2422,779,82,2,3429.14,CANCELLED,2026-01-30 16:09:41.465448
2423,698,140,5,7332.25,PENDING,2026-02-18 09:15:41.465448
2424,794,39,3,5533.59,CANCELLED,2026-04-27 22:29:41.465448
2425,937,140,1,1466.45,COMPLETED,2026-01-10 15:20:41.465448
2426,714,20,1,1375.48,COMPLETED,2026-06-15 10:02:41.465448
2427,552,172,1,131.66,COMPLETED,2025-12-29 11:44:41.465448
2428,955,93,5,5133.0,PENDING,2025-12-06 14:10:41.465448
2429,319,170,5,5053.55,COMPLETED,2025-09-12 21:00:41.465448
2430,382,18,5,2869.8,PENDING,2026-06-05 09:13:41.465448
2431,708,194,2,3447.52,COMPLETED,2026-06-20 21:41:41.465448
2432,635,82,2,3429.14,CANCELLED,2026-01-01 04:39:41.465448
2433,40,35,5,3057.7,PENDING,2026-03-02 16:49:41.465448
2434,136,168,2,2535.44,PENDING,2025-12-26 06:57:41.465448
2435,938,151,4,866.8,COMPLETED,2026-08-30 20:45:41.465448
2436,871,134,1,1600.34,COMPLETED,2025-09-19 00:43:41.465448
2437,487,106,1,1244.36,CANCELLED,2025-11-24 08:33:41.465448
2438,514,69,4,6935.28,COMPLETED,2026-05-05 20:26:41.465448
2439,954,193,1,1040.21,COMPLETED,2026-07-08 22:48:41.465448
2440,945,86,4,5685.0,PENDING,2025-10-02 10:19:41.465448
2441,913,182,2,2038.24,PENDING,2026-03-31 22:22:41.465448
2442,577,157,1,632.4,COMPLETED,2026-03-30 16:31:41.465448
2443,419,99,2,1649.2,COMPLETED,2025-10-23 10:03:41.465448
2444,682,121,5,5922.05,PENDING,2025-11-28 15:50:41.465448
2445,189,4,2,1809.48,COMPLETED,2025-12-05 16:47:41.465448
2446,405,177,1,368.46,COMPLETED,2026-05-23 22:14:41.465448
2447,550,44,3,4920.9,COMPLETED,2026-07-11 03:57:41.465448
2448,239,74,5,988.6,COMPLETED,2026-01-22 01:04:41.465448
2449,559,192,3,3754.08,COMPLETED,2026-04-15 07:36:41.465448
2450,633,76,3,1106.73,PENDING,2026-03-07 00:57:41.465448
2451,516,48,1,1436.48,COMPLETED,2026-04-29 04:07:41.465448
2452,585,76,5,1844.55,COMPLETED,2026-09-06 13:34:41.465448
2453,191,25,3,4593.33,CANCELLED,2025-10-27 03:36:41.465448
2454,331,74,4,790.88,COMPLETED,2026-05-22 12:14:41.465448
2455,514,58,2,3218.48,COMPLETED,2026-01-19 13:27:41.465448
2456,392,48,2,2872.96,COMPLETED,2026-03-29 00:28:41.465448
2457,893,5,3,780.6,COMPLETED,2025-09-26 08:48:41.465448
2458,186,27,4,289.12,CANCELLED,2026-05-16 02:51:41.465448
2459,427,119,3,2117.28,CANCELLED,2026-02-24 23:42:41.465448
2460,538,47,3,873.06,COMPLETED,2026-05-07 08:52:41.465448
2461,221,190,4,7133.56,COMPLETED,2026-06-08 15:10:41.465448
2462,592,61,1,1470.96,COMPLETED,2025-12-16 21:27:41.465448
2463,148,99,2,1649.2,PENDING,2026-09-01 05:29:41.465448
2464,344,138,2,2996.1,COMPLETED,2026-05-14 06:23:41.465448
2465,717,171,2,789.02,COMPLETED,2025-12-21 08:35:41.465448
2466,314,141,2,323.98,PENDING,2026-08-25 08:40:41.465448
2467,399,105,5,8539.75,CANCELLED,2026-05-04 13:26:41.465448
2468,550,63,1,1647.66,COMPLETED,2026-02-09 19:23:41.465448
2469,504,1,3,4704.24,COMPLETED,2026-02-26 05:07:41.465448
2470,809,4,4,3618.96,COMPLETED,2026-01-28 12:14:41.465448
2471,975,86,5,7106.25,PENDING,2025-10-26 05:58:41.465448
2472,469,138,1,1498.05,COMPLETED,2026-03-09 03:36:41.465448
2473,593,140,2,2932.9,COMPLETED,2026-03-03 05:26:41.465448
2474,560,103,4,7165.04,COMPLETED,2026-06-10 23:35:41.465448
2475,400,166,3,1086.39,COMPLETED,2026-04-16 18:25:41.465448
2476,560,34,5,9860.05,PENDING,2026-03-02 12:23:41.465448
2477,134,52,2,2238.94,COMPLETED,2025-09-14 14:12:41.465448
2478,116,133,3,3478.68,CANCELLED,2025-09-23 10:16:41.465448
2479,100,73,2,1713.5,COMPLETED,2026-06-28 21:11:41.465448
2480,812,144,4,1984.4,COMPLETED,2025-11-04 22:58:41.465448
2481,314,157,1,632.4,COMPLETED,2026-03-31 20:26:41.465448
2482,131,190,5,8916.95,COMPLETED,2026-05-03 08:25:41.465448
2483,506,64,2,1717.38,COMPLETED,2026-01-15 01:13:41.465448
2484,553,90,3,420.66,PENDING,2026-02-15 21:29:41.465448
2485,105,128,4,1661.56,COMPLETED,2025-11-08 15:45:41.465448
2486,556,40,5,4613.1,PENDING,2026-03-08 12:30:41.465448
2487,709,102,1,439.03,COMPLETED,2026-01-19 03:40:41.465448
2488,597,101,5,9603.5,CANCELLED,2025-10-25 18:51:41.465448
2489,578,55,2,2379.94,COMPLETED,2026-07-10 23:42:41.465448
2490,884,54,4,1610.8,PENDING,2026-02-17 18:51:41.465448
2491,759,175,5,928.05,CANCELLED,2026-04-23 22:17:41.465448
2492,644,89,3,4135.89,COMPLETED,2026-03-17 15:18:41.465448
2493,961,112,4,1547.24,COMPLETED,2026-04-21 05:34:41.465448
2494,790,164,4,7713.2,COMPLETED,2025-12-24 13:03:41.465448
2495,930,28,1,1857.2,PENDING,2026-08-10 00:28:41.465448
2496,565,148,1,544.79,COMPLETED,2026-03-09 20:00:41.465448
2497,203,145,1,569.34,COMPLETED,2026-05-23 06:11:41.465448
2498,206,144,4,1984.4,COMPLETED,2026-03-11 01:12:41.465448
2499,321,136,2,113.06,COMPLETED,2026-07-17 23:49:41.465448
2500,145,98,4,6511.0,COMPLETED,2026-04-06 16:55:41.465448
2501,627,81,4,5445.6,PENDING,2026-07-11 07:55:41.465448
2502,460,146,5,5334.8,PENDING,2026-06-13 05:52:41.465448
2503,532,62,4,7664.84,COMPLETED,2026-03-12 04:26:41.465448
2504,583,4,3,2714.22,PENDING,2026-04-26 06:38:41.465448
2505,690,22,1,446.54,COMPLETED,2026-08-14 17:42:41.465448
2506,694,116,3,3508.83,COMPLETED,2025-12-03 08:58:41.465448
2507,374,13,5,8370.4,COMPLETED,2026-07-03 01:40:41.465448
2508,572,43,5,9662.9,PENDING,2026-05-16 05:08:41.465448
2509,933,136,2,113.06,COMPLETED,2026-02-01 08:21:41.465448
2510,713,138,4,5992.2,CANCELLED,2026-04-22 16:05:41.465448
2511,248,23,1,1660.54,COMPLETED,2026-03-06 15:53:41.465448
2512,190,185,3,2255.22,CANCELLED,2026-05-01 08:24:41.465448
2513,598,103,3,5373.78,COMPLETED,2026-07-02 13:34:41.465448
2514,117,28,5,9286.0,CANCELLED,2026-01-04 18:03:41.465448
2515,388,141,5,809.95,COMPLETED,2026-04-12 21:51:41.465448
2516,710,2,3,4554.24,COMPLETED,2025-12-11 16:26:41.465448
2517,61,193,5,5201.05,CANCELLED,2025-09-18 17:02:41.465448
2518,185,170,4,4042.84,COMPLETED,2026-03-10 04:02:41.465448
2519,222,59,4,4857.0,PENDING,2026-03-13 12:57:41.465448
2520,728,28,2,3714.4,PENDING,2025-09-22 05:39:41.465448
2521,365,113,1,1987.21,COMPLETED,2026-05-09 18:01:41.465448
2522,779,115,1,1849.1,COMPLETED,2025-11-02 09:11:41.465448
2523,546,17,5,4620.9,COMPLETED,2026-03-28 17:43:41.465448
2524,596,164,1,1928.3,COMPLETED,2026-08-25 15:44:41.465448
2525,154,123,3,5401.92,COMPLETED,2026-02-08 23:58:41.465448
2526,102,64,2,1717.38,COMPLETED,2026-04-08 17:30:41.465448
2527,9,70,1,1673.05,COMPLETED,2026-07-23 20:30:41.465448
2528,278,86,1,1421.25,COMPLETED,2026-08-17 03:38:41.465448
2529,363,197,1,1066.92,COMPLETED,2025-10-11 06:17:41.465448
2530,547,144,1,496.1,COMPLETED,2026-02-20 05:20:41.465448
2531,992,106,3,3733.08,COMPLETED,2026-07-02 13:51:41.465448
2532,127,107,3,4726.17,COMPLETED,2026-02-15 05:11:41.465448
2533,281,153,4,613.56,COMPLETED,2026-07-14 22:52:41.465448
2534,625,102,1,439.03,COMPLETED,2026-08-03 02:52:41.465448
2535,441,120,1,1510.7,COMPLETED,2026-07-14 23:55:41.465448
2536,972,60,4,7507.2,COMPLETED,2026-01-06 04:30:41.465448
2537,960,180,3,183.39,COMPLETED,2026-05-20 04:37:41.465448
2538,703,115,4,7396.4,PENDING,2026-04-23 01:40:41.465448
2539,554,31,3,2072.73,COMPLETED,2026-01-01 03:40:41.465448
2540,38,115,3,5547.3,COMPLETED,2026-08-16 22:17:41.465448
2541,982,19,2,1051.36,COMPLETED,2026-04-02 00:21:41.465448
2542,674,144,2,992.2,COMPLETED,2026-03-19 21:21:41.465448
2543,752,123,5,9003.2,COMPLETED,2026-01-13 00:18:41.465448
2544,639,46,1,11.38,COMPLETED,2026-02-24 09:45:41.465448
2545,848,123,1,1800.64,CANCELLED,2025-10-05 13:39:41.465448
2546,962,159,3,2454.63,COMPLETED,2026-06-19 08:56:41.465448
2547,790,66,3,1399.05,COMPLETED,2026-02-21 03:35:41.465448
2548,434,62,2,3832.42,COMPLETED,2026-05-30 13:00:41.465448
2549,832,33,1,549.81,PENDING,2026-04-29 19:44:41.465448
2550,514,139,5,6170.2,CANCELLED,2026-03-01 21:36:41.465448
2551,288,43,4,7730.32,COMPLETED,2026-07-02 08:16:41.465448
2552,377,8,5,5912.6,COMPLETED,2025-09-23 20:30:41.465448
2553,400,29,4,7957.28,COMPLETED,2026-05-23 12:50:41.465448
2554,352,192,5,6256.8,COMPLETED,2026-02-13 04:39:41.465448
2555,358,72,1,335.58,PENDING,2025-09-28 03:45:41.465448
2556,526,185,2,1503.48,COMPLETED,2025-11-21 19:34:41.465448
2557,753,43,1,1932.58,COMPLETED,2026-06-05 01:43:41.465448
2558,623,100,1,134.04,PENDING,2026-09-07 11:06:41.465448
2559,585,178,5,3432.9,COMPLETED,2025-11-08 13:47:41.465448
2560,885,50,3,2878.83,CANCELLED,2026-05-26 04:21:41.465448
2561,578,65,5,8579.75,COMPLETED,2026-08-27 23:49:41.465448
2562,332,90,5,701.1,COMPLETED,2026-08-20 23:33:41.465448
2563,490,102,1,439.03,COMPLETED,2026-04-01 09:03:41.465448
2564,301,34,1,1972.01,CANCELLED,2025-11-25 02:36:41.465448
2565,338,117,2,1015.92,COMPLETED,2026-07-10 21:27:41.465448
2566,944,4,3,2714.22,COMPLETED,2026-04-24 21:00:41.465448
2567,433,80,1,1305.42,COMPLETED,2026-02-16 18:40:41.465448
2568,214,102,5,2195.15,PENDING,2025-11-04 23:10:41.465448
2569,908,3,4,4373.84,CANCELLED,2025-12-30 19:37:41.465448
2570,356,77,2,2876.2,COMPLETED,2026-06-26 17:21:41.465448
2571,17,139,1,1234.04,COMPLETED,2026-03-18 13:51:41.465448
2572,918,100,1,134.04,CANCELLED,2025-11-28 11:09:41.465448
2573,156,44,4,6561.2,PENDING,2025-11-12 15:27:41.465448
2574,789,27,1,72.28,COMPLETED,2026-01-26 21:20:41.465448
2575,479,77,3,4314.3,CANCELLED,2026-08-13 04:17:41.465448
2576,696,109,2,1963.72,COMPLETED,2025-10-10 21:53:41.465448
2577,806,169,2,3690.68,COMPLETED,2026-04-21 22:27:41.465448
2578,217,111,4,3026.48,COMPLETED,2026-01-25 17:24:41.465448
2579,334,10,1,840.97,COMPLETED,2026-08-22 05:43:41.465448
2580,73,37,5,7333.9,COMPLETED,2026-04-08 07:19:41.465448
2581,173,133,4,4638.24,PENDING,2025-12-09 23:21:41.465448
2582,645,71,5,7736.6,CANCELLED,2025-12-17 09:14:41.465448
2583,490,8,1,1182.52,CANCELLED,2026-09-09 23:48:41.465448
2584,656,157,4,2529.6,CANCELLED,2026-05-06 19:28:41.465448
2585,576,110,2,3999.84,CANCELLED,2026-06-17 19:42:41.465448
2586,533,159,3,2454.63,COMPLETED,2025-09-24 22:40:41.465448
2587,171,100,5,670.2,COMPLETED,2026-01-26 09:26:41.465448
2588,239,82,4,6858.28,COMPLETED,2026-01-10 07:12:41.465448
2589,753,157,3,1897.2,PENDING,2026-01-17 23:32:41.465448
2590,577,168,4,5070.88,COMPLETED,2026-08-27 00:06:41.465448
2591,869,60,5,9384.0,COMPLETED,2026-06-08 18:35:41.465448
2592,676,195,3,4947.39,COMPLETED,2026-05-15 17:28:41.465448
2593,336,51,4,6969.12,COMPLETED,2025-09-26 14:45:41.465448
2594,768,16,5,5495.65,COMPLETED,2025-11-18 11:00:41.465448
2595,906,79,3,948.3,COMPLETED,2026-03-07 05:56:41.465448
2596,753,175,5,928.05,COMPLETED,2026-06-07 19:58:41.465448
2597,895,155,4,4052.8,CANCELLED,2026-02-07 15:46:41.465448
2598,651,16,5,5495.65,COMPLETED,2025-11-10 01:12:41.465448
2599,410,25,3,4593.33,COMPLETED,2026-05-24 08:51:41.465448
2600,40,93,1,1026.6,CANCELLED,2026-01-02 09:47:41.465448
2601,813,46,4,45.52,COMPLETED,2026-06-13 13:04:41.465448
2602,458,182,1,1019.12,PENDING,2025-12-12 12:07:41.465448
2603,127,57,3,3725.07,PENDING,2026-07-15 05:28:41.465448
2604,808,38,4,5322.4,CANCELLED,2026-05-08 19:29:41.465448
2605,829,94,1,1915.98,COMPLETED,2025-10-01 19:12:41.465448
2606,471,10,3,2522.91,CANCELLED,2026-03-07 21:56:41.465448
2607,832,86,1,1421.25,COMPLETED,2026-03-08 12:27:41.465448
2608,955,135,1,475.62,CANCELLED,2026-02-11 14:09:41.465448
2609,549,188,3,337.68,COMPLETED,2025-12-15 23:17:41.465448
2610,917,90,2,280.44,COMPLETED,2025-09-14 02:25:41.465448
2611,375,106,4,4977.44,COMPLETED,2026-06-27 16:47:41.465448
2612,90,159,4,3272.84,COMPLETED,2025-10-25 19:39:41.465448
2613,349,193,4,4160.84,COMPLETED,2026-01-21 22:06:41.465448
2614,95,122,2,2585.52,COMPLETED,2025-10-27 07:03:41.465448
2615,652,143,5,8873.25,COMPLETED,2026-02-03 04:19:41.465448
2616,713,133,1,1159.56,CANCELLED,2025-11-29 04:43:41.465448
2617,34,114,2,975.72,COMPLETED,2026-08-24 19:39:41.465448
2618,193,123,2,3601.28,COMPLETED,2026-06-29 02:09:41.465448
2619,473,130,2,3833.82,COMPLETED,2026-01-26 02:57:41.465448
2620,70,181,4,1942.12,COMPLETED,2026-02-12 14:48:41.465448
2621,390,51,4,6969.12,COMPLETED,2026-07-12 10:39:41.465448
2622,807,104,5,1194.85,CANCELLED,2025-10-06 04:58:41.465448
2623,768,113,3,5961.63,COMPLETED,2025-10-29 12:29:41.465448
2624,877,28,4,7428.8,COMPLETED,2026-05-04 21:59:41.465448
2625,962,63,4,6590.64,CANCELLED,2026-06-21 09:03:41.465448
2626,236,44,2,3280.6,PENDING,2025-10-06 13:40:41.465448
2627,879,98,4,6511.0,COMPLETED,2026-06-17 20:33:41.465448
2628,323,119,3,2117.28,COMPLETED,2026-05-10 13:57:41.465448
2629,341,10,5,4204.85,CANCELLED,2025-09-17 08:15:41.465448
2630,718,155,5,5066.0,COMPLETED,2026-08-02 00:31:41.465448
2631,799,96,5,1463.5,COMPLETED,2026-07-15 01:01:41.465448
2632,252,91,2,3484.86,CANCELLED,2026-02-01 23:22:41.465448
2633,517,55,4,4759.88,COMPLETED,2026-05-10 03:24:41.465448
2634,110,193,4,4160.84,COMPLETED,2025-12-10 14:13:41.465448
2635,973,68,2,914.02,COMPLETED,2026-01-27 03:56:41.465448
2636,155,80,2,2610.84,PENDING,2026-01-07 20:19:41.465448
2637,947,125,4,3123.88,COMPLETED,2026-02-22 17:37:41.465448
2638,167,74,4,790.88,COMPLETED,2025-12-26 14:42:41.465448
2639,32,9,4,1285.64,COMPLETED,2025-12-10 03:42:41.465448
2640,406,96,1,292.7,COMPLETED,2025-11-10 04:45:41.465448
2641,471,165,5,7134.45,COMPLETED,2026-06-04 10:40:41.465448
2642,664,157,4,2529.6,COMPLETED,2026-02-24 14:51:41.465448
2643,319,55,1,1189.97,CANCELLED,2026-06-18 09:38:41.465448
2644,158,52,5,5597.35,PENDING,2025-11-20 04:30:41.465448
2645,773,63,5,8238.3,COMPLETED,2026-02-11 19:45:41.465448
2646,740,21,1,1966.11,PENDING,2025-10-14 10:37:41.465448
2647,309,179,5,3041.2,COMPLETED,2026-04-08 12:27:41.465448
2648,514,124,1,1402.16,PENDING,2026-07-02 05:28:41.465448
2649,611,147,5,9924.9,COMPLETED,2025-10-02 01:27:41.465448
2650,495,116,5,5848.05,COMPLETED,2026-02-09 16:03:41.465448
2651,368,104,1,238.97,COMPLETED,2026-02-05 15:41:41.465448
2652,958,109,1,981.86,COMPLETED,2026-05-08 19:46:41.465448
2653,795,9,1,321.41,PENDING,2026-08-21 22:46:41.465448
2654,53,81,4,5445.6,COMPLETED,2026-02-17 15:55:41.465448
2655,258,91,4,6969.72,COMPLETED,2026-09-11 11:53:41.465448
2656,338,111,5,3783.1,COMPLETED,2026-07-27 03:38:41.465448
2657,142,176,2,1208.2,COMPLETED,2025-09-12 20:56:41.465448
2658,701,164,2,3856.6,COMPLETED,2026-06-09 19:10:41.465448
2659,292,92,5,1717.7,PENDING,2025-10-07 03:50:41.465448
2660,590,125,5,3904.85,COMPLETED,2026-08-31 06:33:41.465448
2661,519,70,4,6692.2,CANCELLED,2026-01-10 18:43:41.465448
2662,805,37,4,5867.12,PENDING,2026-03-29 15:40:41.465448
2663,818,190,4,7133.56,CANCELLED,2025-09-20 09:51:41.465448
2664,782,173,4,5072.28,COMPLETED,2026-06-15 14:06:41.465448
2665,27,76,3,1106.73,COMPLETED,2025-11-17 14:26:41.465448
2666,471,26,4,6545.04,COMPLETED,2026-05-14 10:04:41.465448
2667,729,65,2,3431.9,COMPLETED,2025-10-27 22:13:41.465448
2668,995,100,5,670.2,COMPLETED,2025-11-12 17:39:41.465448
2669,866,175,5,928.05,COMPLETED,2025-11-23 18:11:41.465448
2670,255,130,2,3833.82,COMPLETED,2026-04-30 14:03:41.465448
2671,457,120,5,7553.5,PENDING,2026-03-31 08:22:41.465448
2672,426,142,2,911.76,CANCELLED,2026-02-06 11:46:41.465448
2673,322,137,2,1885.0,PENDING,2025-09-21 21:50:41.465448
2674,145,66,1,466.35,COMPLETED,2026-05-16 15:43:41.465448
2675,405,111,1,756.62,COMPLETED,2025-11-17 03:11:41.465448
2676,844,41,5,6048.15,COMPLETED,2026-04-08 08:56:41.465448
2677,736,85,3,2987.16,CANCELLED,2026-07-27 18:36:41.465448
2678,894,66,3,1399.05,PENDING,2026-04-19 18:15:41.465448
2679,406,197,3,3200.76,COMPLETED,2026-03-26 02:42:41.465448
2680,600,160,3,4516.74,COMPLETED,2026-06-18 11:54:41.465448
2681,575,115,4,7396.4,CANCELLED,2026-07-04 01:39:41.465448
2682,422,49,2,1966.42,COMPLETED,2025-12-01 13:38:41.465448
2683,672,37,4,5867.12,COMPLETED,2026-08-25 00:05:41.465448
2684,535,188,4,450.24,CANCELLED,2025-12-16 13:58:41.465448
2685,193,125,2,1561.94,COMPLETED,2025-11-13 20:19:41.465448
2686,315,113,3,5961.63,PENDING,2025-10-12 04:43:41.465448
2687,129,133,3,3478.68,COMPLETED,2025-11-18 21:09:41.465448
2688,420,157,5,3162.0,PENDING,2026-06-16 12:48:41.465448
2689,761,114,1,487.86,COMPLETED,2026-07-24 14:28:41.465448
2690,769,108,3,124.59,COMPLETED,2026-03-09 17:56:41.465448
2691,310,71,4,6189.28,COMPLETED,2026-02-26 03:24:41.465448
2692,515,86,5,7106.25,COMPLETED,2026-07-19 08:13:41.465448
2693,840,157,4,2529.6,COMPLETED,2026-07-27 12:38:41.465448
2694,625,129,3,4146.99,COMPLETED,2026-05-16 13:18:41.465448
2695,630,186,5,2540.45,COMPLETED,2026-06-21 07:34:41.465448
2696,342,17,3,2772.54,COMPLETED,2026-08-25 10:20:41.465448
2697,213,163,3,3568.5,PENDING,2026-06-12 01:05:41.465448
2698,779,48,1,1436.48,PENDING,2025-12-06 22:25:41.465448
2699,522,182,4,4076.48,PENDING,2026-07-19 09:50:41.465448
2700,849,88,4,1443.92,CANCELLED,2026-01-28 10:29:41.465448
2701,30,196,3,3832.23,COMPLETED,2025-10-17 20:27:41.465448
2702,349,178,3,2059.74,PENDING,2026-02-11 12:17:41.465448
2703,407,192,5,6256.8,COMPLETED,2026-06-05 07:58:41.465448
2704,995,66,2,932.7,COMPLETED,2026-04-05 05:06:41.465448
2705,614,71,3,4641.96,COMPLETED,2025-09-18 14:03:41.465448
2706,259,43,1,1932.58,CANCELLED,2026-08-30 01:34:41.465448
2707,206,65,3,5147.85,COMPLETED,2026-03-29 21:58:41.465448
2708,296,95,2,3431.88,COMPLETED,2025-10-24 00:23:41.465448
2709,8,41,2,2419.26,COMPLETED,2026-06-10 00:11:41.465448
2710,506,13,1,1674.08,COMPLETED,2026-04-05 00:21:41.465448
2711,171,21,1,1966.11,PENDING,2025-12-15 14:08:41.465448
2712,45,38,4,5322.4,PENDING,2026-06-09 03:43:41.465448
2713,952,163,5,5947.5,PENDING,2025-09-27 04:29:41.465448
2714,797,131,1,965.78,COMPLETED,2025-09-30 19:19:41.465448
2715,48,63,1,1647.66,COMPLETED,2026-07-06 16:34:41.465448
2716,522,99,1,824.6,PENDING,2026-05-20 16:28:41.465448
2717,906,19,3,1577.04,COMPLETED,2025-11-09 08:55:41.465448
2718,888,191,4,3125.04,COMPLETED,2026-01-02 23:48:41.465448
2719,462,144,3,1488.3,CANCELLED,2025-12-10 20:59:41.465448
2720,541,9,5,1607.05,COMPLETED,2026-01-21 00:32:41.465448
2721,69,11,5,2348.25,PENDING,2026-09-08 22:51:41.465448
2722,29,126,3,3656.55,PENDING,2026-08-31 11:01:41.465448
2723,249,9,4,1285.64,CANCELLED,2025-09-23 13:48:41.465448
2724,86,41,2,2419.26,CANCELLED,2025-11-14 09:07:41.465448
2725,292,66,4,1865.4,COMPLETED,2025-12-08 15:08:41.465448
2726,949,58,4,6436.96,PENDING,2026-09-10 07:40:41.465448
2727,89,189,5,1930.2,COMPLETED,2025-11-07 20:39:41.465448
2728,324,121,1,1184.41,COMPLETED,2026-02-23 10:22:41.465448
2729,594,109,1,981.86,PENDING,2026-07-25 17:06:41.465448
2730,786,32,2,2540.68,PENDING,2026-04-28 00:38:41.465448
2731,85,68,1,457.01,PENDING,2026-03-06 17:09:41.465448
2732,415,96,1,292.7,CANCELLED,2026-04-01 03:06:41.465448
2733,491,48,2,2872.96,CANCELLED,2026-07-28 09:39:41.465448
2734,831,190,4,7133.56,COMPLETED,2026-08-18 04:58:41.465448
2735,950,192,3,3754.08,COMPLETED,2025-09-21 12:07:41.465448
2736,424,68,1,457.01,CANCELLED,2026-05-26 15:56:41.465448
2737,65,161,4,7604.48,COMPLETED,2026-08-21 07:25:41.465448
2738,663,151,5,1083.5,PENDING,2026-02-02 16:27:41.465448
2739,528,177,2,736.92,COMPLETED,2026-05-30 17:18:41.465448
2740,351,116,1,1169.61,COMPLETED,2025-09-25 15:07:41.465448
2741,842,67,4,6067.96,COMPLETED,2026-05-18 06:00:41.465448
2742,870,44,4,6561.2,COMPLETED,2026-08-13 04:31:41.465448
2743,809,153,1,153.39,CANCELLED,2026-05-25 00:20:41.465448
2744,46,20,1,1375.48,COMPLETED,2025-09-30 18:37:41.465448
2745,762,194,2,3447.52,CANCELLED,2025-11-08 16:02:41.465448
2746,754,79,3,948.3,COMPLETED,2026-05-07 09:09:41.465448
2747,573,192,1,1251.36,PENDING,2026-03-08 23:13:41.465448
2748,51,2,2,3036.16,CANCELLED,2026-02-20 04:55:41.465448
2749,762,6,2,1627.02,COMPLETED,2026-05-09 20:08:41.465448
2750,345,170,5,5053.55,PENDING,2026-05-25 11:02:41.465448
2751,885,111,1,756.62,COMPLETED,2026-08-22 17:29:41.465448
2752,556,154,4,4410.68,COMPLETED,2026-06-19 12:46:41.465448
2753,505,160,5,7527.9,COMPLETED,2026-05-10 16:46:41.465448
2754,35,99,1,824.6,COMPLETED,2026-04-21 00:36:41.465448
2755,548,72,2,671.16,COMPLETED,2025-10-31 07:41:41.465448
2756,761,148,4,2179.16,COMPLETED,2026-07-15 21:02:41.465448
2757,554,34,4,7888.04,PENDING,2025-12-07 14:05:41.465448
2758,691,175,4,742.44,PENDING,2025-11-22 03:07:41.465448
2759,390,124,1,1402.16,PENDING,2025-11-02 22:16:41.465448
2760,665,48,5,7182.4,CANCELLED,2026-08-27 21:43:41.465448
2761,654,132,3,476.64,COMPLETED,2026-08-08 00:52:41.465448
2762,41,20,3,4126.44,PENDING,2025-10-16 08:52:41.465448
2763,799,186,3,1524.27,COMPLETED,2025-10-06 01:57:41.465448
2764,424,62,2,3832.42,PENDING,2026-03-08 11:44:41.465448
2765,327,147,4,7939.92,COMPLETED,2026-05-27 05:46:41.465448
2766,463,152,2,1169.26,CANCELLED,2026-07-01 04:04:41.465448
2767,875,160,3,4516.74,COMPLETED,2026-07-16 04:02:41.465448
2768,929,107,4,6301.56,CANCELLED,2026-02-10 21:20:41.465448
2769,486,2,2,3036.16,CANCELLED,2025-09-22 11:38:41.465448
2770,468,130,5,9584.55,PENDING,2026-01-19 11:10:41.465448
2771,241,138,5,7490.25,COMPLETED,2025-09-16 01:52:41.465448
2772,361,14,4,2883.72,PENDING,2026-01-02 15:01:41.465448
2773,502,17,2,1848.36,CANCELLED,2026-08-09 14:18:41.465448
2774,842,2,3,4554.24,COMPLETED,2025-10-02 11:38:41.465448
2775,634,71,4,6189.28,COMPLETED,2026-06-25 08:30:41.465448
2776,292,168,2,2535.44,COMPLETED,2026-07-25 12:05:41.465448
2777,974,75,5,6199.5,COMPLETED,2025-12-21 02:47:41.465448
2778,311,112,1,386.81,COMPLETED,2025-11-12 01:27:41.465448
2779,619,123,5,9003.2,COMPLETED,2026-07-09 10:31:41.465448
2780,377,68,5,2285.05,COMPLETED,2026-07-28 05:45:41.465448
2781,792,185,2,1503.48,COMPLETED,2026-02-01 05:18:41.465448
2782,911,167,2,1448.32,COMPLETED,2026-03-11 07:34:41.465448
2783,212,88,2,721.96,PENDING,2026-07-16 10:56:41.465448
2784,227,29,3,5967.96,COMPLETED,2026-06-28 14:55:41.465448
2785,299,13,2,3348.16,CANCELLED,2026-04-03 08:38:41.465448
2786,703,52,2,2238.94,PENDING,2026-03-08 17:13:41.465448
2787,568,99,5,4123.0,PENDING,2026-03-30 11:56:41.465448
2788,141,79,4,1264.4,CANCELLED,2026-05-04 22:16:41.465448
2789,863,136,4,226.12,COMPLETED,2026-05-10 15:41:41.465448
2790,268,188,2,225.12,PENDING,2026-06-13 02:21:41.465448
2791,314,152,2,1169.26,COMPLETED,2026-04-05 15:22:41.465448
2792,705,163,5,5947.5,COMPLETED,2026-06-21 16:01:41.465448
2793,167,174,1,958.55,COMPLETED,2026-06-15 10:00:41.465448
2794,773,18,3,1721.88,COMPLETED,2026-07-08 03:52:41.465448
2795,385,19,4,2102.72,PENDING,2025-10-01 05:34:41.465448
2796,99,193,3,3120.63,COMPLETED,2025-09-17 17:50:41.465448
2797,203,2,3,4554.24,CANCELLED,2025-12-06 23:12:41.465448
2798,822,78,1,22.1,PENDING,2026-09-03 23:41:41.465448
2799,513,166,5,1810.65,COMPLETED,2025-11-04 08:57:41.465448
2800,764,144,4,1984.4,PENDING,2025-11-16 08:01:41.465448
2801,438,7,4,2612.64,CANCELLED,2026-04-26 11:46:41.465448
2802,770,139,3,3702.12,COMPLETED,2026-01-05 02:15:41.465448
2803,223,157,3,1897.2,COMPLETED,2025-09-29 12:39:41.465448
2804,235,129,5,6911.65,CANCELLED,2026-03-27 22:21:41.465448
2805,43,35,3,1834.62,COMPLETED,2025-09-15 04:57:41.465448
2806,229,186,3,1524.27,PENDING,2026-04-04 05:13:41.465448
2807,594,102,5,2195.15,COMPLETED,2025-12-23 01:36:41.465448
2808,84,74,1,197.72,COMPLETED,2025-12-04 09:41:41.465448
2809,154,77,3,4314.3,COMPLETED,2026-04-14 01:20:41.465448
2810,332,68,2,914.02,COMPLETED,2026-08-08 11:40:41.465448
2811,437,90,3,420.66,COMPLETED,2026-08-27 08:55:41.465448
2812,210,176,3,1812.3,COMPLETED,2026-01-17 09:57:41.465448
2813,589,23,3,4981.62,PENDING,2025-12-22 12:04:41.465448
2814,66,1,1,1568.08,COMPLETED,2025-12-29 18:36:41.465448
2815,913,103,4,7165.04,COMPLETED,2026-02-14 02:20:41.465448
2816,750,184,4,1003.32,COMPLETED,2025-10-07 20:30:41.465448
2817,802,158,5,4762.3,COMPLETED,2025-11-30 12:28:41.465448
2818,720,188,3,337.68,CANCELLED,2026-04-26 10:10:41.465448
2819,781,55,3,3569.91,CANCELLED,2026-03-29 15:13:41.465448
2820,899,80,1,1305.42,COMPLETED,2026-04-06 22:58:41.465448
2821,594,192,3,3754.08,COMPLETED,2026-03-09 16:55:41.465448
2822,246,179,5,3041.2,COMPLETED,2025-11-02 09:30:41.465448
2823,503,97,1,1785.95,PENDING,2026-04-07 10:02:41.465448
2824,760,160,3,4516.74,COMPLETED,2026-04-09 23:18:41.465448
2825,617,34,3,5916.03,COMPLETED,2026-09-11 03:58:41.465448
2826,942,167,2,1448.32,CANCELLED,2025-11-17 07:59:41.465448
2827,856,172,3,394.98,COMPLETED,2025-11-08 17:03:41.465448
2828,548,152,1,584.63,CANCELLED,2026-01-27 16:44:41.465448
2829,550,182,2,2038.24,COMPLETED,2026-04-27 01:01:41.465448
2830,866,56,5,8816.1,PENDING,2025-12-02 07:05:41.465448
2831,717,40,4,3690.48,COMPLETED,2026-09-03 17:10:41.465448
2832,678,71,1,1547.32,PENDING,2025-11-16 18:35:41.465448
2833,409,57,5,6208.45,PENDING,2026-01-24 18:35:41.465448
2834,332,94,5,9579.9,COMPLETED,2026-09-06 23:07:41.465448
2835,954,140,2,2932.9,CANCELLED,2026-04-21 20:25:41.465448
2836,38,26,1,1636.26,COMPLETED,2026-02-18 01:02:41.465448
2837,384,17,4,3696.72,COMPLETED,2025-12-20 07:56:41.465448
2838,112,21,3,5898.33,COMPLETED,2026-08-29 14:29:41.465448
2839,209,21,4,7864.44,COMPLETED,2026-06-14 13:34:41.465448
2840,35,15,3,3606.96,COMPLETED,2025-09-17 20:51:41.465448
2841,793,74,1,197.72,COMPLETED,2026-03-10 13:50:41.465448
2842,264,183,2,758.52,CANCELLED,2025-11-21 06:12:41.465448
2843,721,122,2,2585.52,COMPLETED,2026-08-20 03:06:41.465448
2844,181,141,3,485.97,CANCELLED,2025-11-22 13:58:41.465448
2845,946,168,1,1267.72,COMPLETED,2025-11-24 09:46:41.465448
2846,516,24,4,5401.2,PENDING,2026-02-24 20:18:41.465448
2847,181,2,5,7590.4,COMPLETED,2025-09-29 20:03:41.465448
2848,578,160,3,4516.74,CANCELLED,2025-11-27 01:55:41.465448
2849,446,174,1,958.55,COMPLETED,2026-06-14 23:50:41.465448
2850,701,178,2,1373.16,COMPLETED,2026-03-27 16:16:41.465448
2851,987,13,2,3348.16,PENDING,2026-08-25 08:04:41.465448
2852,704,155,1,1013.2,CANCELLED,2026-05-10 22:15:41.465448
2853,638,103,1,1791.26,PENDING,2025-09-15 02:33:41.465448
2854,533,88,3,1082.94,COMPLETED,2026-07-13 03:42:41.465448
2855,133,141,3,485.97,COMPLETED,2026-09-12 08:39:41.465448
2856,963,194,3,5171.28,COMPLETED,2025-12-11 02:50:41.465448
2857,63,11,4,1878.6,COMPLETED,2026-06-22 08:56:41.465448
2858,84,168,2,2535.44,PENDING,2025-10-05 16:11:41.465448
2859,599,105,5,8539.75,COMPLETED,2026-05-03 18:57:41.465448
2860,126,27,4,289.12,CANCELLED,2025-10-06 14:02:41.465448
2861,908,39,5,9222.65,CANCELLED,2026-01-21 14:00:41.465448
2862,829,102,1,439.03,PENDING,2026-08-08 19:08:41.465448
2863,612,144,4,1984.4,COMPLETED,2026-02-01 08:18:41.465448
2864,736,109,5,4909.3,COMPLETED,2026-02-12 10:42:41.465448
2865,156,14,2,1441.86,CANCELLED,2025-12-28 12:58:41.465448
2866,771,193,1,1040.21,CANCELLED,2026-07-20 17:02:41.465448
2867,996,47,3,873.06,COMPLETED,2026-05-19 02:52:41.465448
2868,399,126,3,3656.55,PENDING,2026-02-04 13:38:41.465448
2869,933,99,5,4123.0,COMPLETED,2025-12-04 23:11:41.465448
2870,175,130,5,9584.55,COMPLETED,2025-10-20 20:57:41.465448
2871,831,60,1,1876.8,PENDING,2025-11-03 01:36:41.465448
2872,488,195,3,4947.39,PENDING,2025-10-03 04:38:41.465448
2873,716,43,3,5797.74,PENDING,2026-09-05 09:36:41.465448
2874,364,178,1,686.58,COMPLETED,2026-07-04 08:54:41.465448
2875,524,58,2,3218.48,CANCELLED,2025-12-07 13:32:41.465448
2876,640,120,4,6042.8,PENDING,2025-10-08 07:51:41.465448
2877,590,170,1,1010.71,PENDING,2026-06-16 22:18:41.465448
2878,552,146,3,3200.88,PENDING,2025-11-07 04:33:41.465448
2879,704,129,1,1382.33,COMPLETED,2026-09-08 09:58:41.465448
2880,766,120,1,1510.7,COMPLETED,2025-10-30 13:12:41.465448
2881,323,182,4,4076.48,COMPLETED,2026-01-19 07:10:41.465448
2882,82,41,1,1209.63,COMPLETED,2026-01-23 19:36:41.465448
2883,95,26,2,3272.52,PENDING,2026-06-06 03:19:41.465448
2884,370,45,3,2212.17,COMPLETED,2025-10-05 18:52:41.465448
2885,10,193,1,1040.21,COMPLETED,2026-03-09 12:54:41.465448
2886,770,35,1,611.54,COMPLETED,2026-01-10 21:25:41.465448
2887,266,17,3,2772.54,COMPLETED,2026-06-10 20:35:41.465448
2888,788,69,5,8669.1,COMPLETED,2025-09-18 17:35:41.465448
2889,450,72,1,335.58,PENDING,2026-01-29 21:06:41.465448
2890,36,68,4,1828.04,COMPLETED,2025-11-14 19:58:41.465448
2891,241,30,3,3373.8,COMPLETED,2025-12-02 09:01:41.465448
2892,913,136,4,226.12,COMPLETED,2025-10-06 09:13:41.465448
2893,435,153,3,460.17,CANCELLED,2026-04-23 11:41:41.465448
2894,35,87,3,1802.88,COMPLETED,2026-02-18 22:09:41.465448
2895,556,173,1,1268.07,COMPLETED,2025-10-24 14:58:41.465448
2896,419,75,1,1239.9,PENDING,2025-12-05 23:04:41.465448
2897,859,63,1,1647.66,COMPLETED,2025-09-16 13:56:41.465448
2898,453,194,1,1723.76,COMPLETED,2026-03-01 21:20:41.465448
2899,890,12,2,3356.32,COMPLETED,2025-11-15 03:22:41.465448
2900,547,25,2,3062.22,COMPLETED,2026-04-21 13:31:41.465448
2901,284,57,4,4966.76,COMPLETED,2026-03-14 02:54:41.465448
2902,652,102,4,1756.12,PENDING,2026-02-02 16:33:41.465448
2903,797,124,4,5608.64,COMPLETED,2025-10-21 21:20:41.465448
2904,706,187,3,2525.01,PENDING,2025-10-27 00:16:41.465448
2905,29,198,5,5114.2,COMPLETED,2026-04-11 19:33:41.465448
2906,107,150,2,2596.6,COMPLETED,2026-08-15 10:56:41.465448
2907,618,72,3,1006.74,COMPLETED,2026-01-28 01:47:41.465448
2908,974,29,4,7957.28,CANCELLED,2025-09-20 13:51:41.465448
2909,913,142,1,455.88,COMPLETED,2026-05-11 14:48:41.465448
2910,371,127,2,1105.68,COMPLETED,2025-09-19 00:46:41.465448
2911,338,192,4,5005.44,COMPLETED,2026-06-05 09:49:41.465448
2912,122,121,4,4737.64,COMPLETED,2025-09-25 15:32:41.465448
2913,578,197,2,2133.84,COMPLETED,2025-11-05 13:09:41.465448
2914,739,199,5,2593.35,COMPLETED,2026-05-23 01:54:41.465448
2915,952,131,3,2897.34,CANCELLED,2025-10-08 11:27:41.465448
2916,772,20,4,5501.92,CANCELLED,2025-10-30 02:24:41.465448
2917,979,3,4,4373.84,CANCELLED,2026-08-07 07:01:41.465448
2918,139,114,4,1951.44,PENDING,2025-11-25 17:37:41.465448
2919,908,142,3,1367.64,PENDING,2026-06-20 16:56:41.465448
2920,535,114,5,2439.3,COMPLETED,2025-11-18 13:38:41.465448
2921,114,180,1,61.13,COMPLETED,2026-04-02 10:29:41.465448
2922,809,187,1,841.67,COMPLETED,2025-09-23 05:10:41.465448
2923,681,152,2,1169.26,COMPLETED,2025-11-10 17:46:41.465448
2924,148,155,1,1013.2,COMPLETED,2025-12-29 06:17:41.465448
2925,349,159,3,2454.63,COMPLETED,2025-10-24 15:05:41.465448
2926,817,193,3,3120.63,PENDING,2026-08-08 05:25:41.465448
2927,366,123,3,5401.92,PENDING,2026-01-30 17:02:41.465448
2928,482,156,3,1653.09,COMPLETED,2025-11-10 13:19:41.465448
2929,594,166,3,1086.39,CANCELLED,2026-04-10 09:53:41.465448
2930,70,59,3,3642.75,COMPLETED,2026-06-20 04:09:41.465448
2931,103,62,2,3832.42,COMPLETED,2025-10-14 08:26:41.465448
2932,349,189,4,1544.16,COMPLETED,2025-11-30 15:45:41.465448
2933,595,98,5,8138.75,COMPLETED,2026-04-18 12:33:41.465448
2934,164,129,3,4146.99,COMPLETED,2026-08-27 23:38:41.465448
2935,834,29,3,5967.96,COMPLETED,2025-12-27 22:47:41.465448
2936,170,33,5,2749.05,COMPLETED,2026-02-22 03:44:41.465448
2937,476,22,2,893.08,COMPLETED,2026-04-06 02:12:41.465448
2938,577,186,3,1524.27,COMPLETED,2026-04-08 12:12:41.465448
2939,457,8,1,1182.52,COMPLETED,2026-06-03 11:51:41.465448
2940,453,31,2,1381.82,COMPLETED,2026-02-10 08:53:41.465448
2941,666,145,4,2277.36,CANCELLED,2026-05-24 14:23:41.465448
2942,651,14,1,720.93,COMPLETED,2025-10-06 23:07:41.465448
2943,247,63,4,6590.64,COMPLETED,2026-09-06 13:19:41.465448
2944,332,125,4,3123.88,PENDING,2025-09-23 21:14:41.465448
2945,884,146,2,2133.92,CANCELLED,2025-12-01 23:31:41.465448
2946,166,106,3,3733.08,PENDING,2026-09-08 01:20:41.465448
2947,555,113,2,3974.42,PENDING,2025-11-04 06:39:41.465448
2948,655,192,5,6256.8,COMPLETED,2026-02-24 07:23:41.465448
2949,699,48,5,7182.4,COMPLETED,2026-05-14 07:56:41.465448
2950,498,161,4,7604.48,CANCELLED,2026-07-17 06:23:41.465448
2951,561,59,1,1214.25,COMPLETED,2025-11-21 20:22:41.465448
2952,147,1,5,7840.4,COMPLETED,2025-11-28 09:40:41.465448
2953,481,41,4,4838.52,COMPLETED,2025-11-19 21:02:41.465448
2954,102,88,5,1804.9,COMPLETED,2026-03-07 09:19:41.465448
2955,796,173,5,6340.35,CANCELLED,2026-06-19 03:13:41.465448
2956,96,186,1,508.09,COMPLETED,2026-05-11 22:21:41.465448
2957,279,132,3,476.64,PENDING,2026-04-09 16:48:41.465448
2958,955,106,2,2488.72,PENDING,2026-06-15 00:22:41.465448
2959,592,127,2,1105.68,CANCELLED,2026-08-20 16:42:41.465448
2960,789,54,3,1208.1,COMPLETED,2026-01-18 02:21:41.465448
2961,215,40,2,1845.24,PENDING,2026-01-19 08:24:41.465448
2962,824,191,1,781.26,CANCELLED,2025-12-14 02:50:41.465448
2963,16,95,2,3431.88,COMPLETED,2025-11-27 08:23:41.465448
2964,261,48,5,7182.4,COMPLETED,2026-04-17 00:25:41.465448
2965,927,33,1,549.81,COMPLETED,2026-03-12 07:47:41.465448
2966,395,97,5,8929.75,COMPLETED,2026-07-06 23:01:41.465448
2967,859,42,3,5369.79,COMPLETED,2026-06-30 01:20:41.465448
2968,453,23,4,6642.16,CANCELLED,2025-12-09 15:53:41.465448
2969,157,121,4,4737.64,COMPLETED,2026-03-07 14:40:41.465448
2970,419,33,4,2199.24,PENDING,2026-02-25 13:10:41.465448
2971,237,8,1,1182.52,COMPLETED,2026-04-19 04:29:41.465448
2972,987,103,1,1791.26,COMPLETED,2025-09-26 10:36:41.465448
2973,954,8,2,2365.04,COMPLETED,2026-07-30 11:31:41.465448
2974,769,59,5,6071.25,CANCELLED,2026-03-15 11:22:41.465448
2975,199,126,3,3656.55,PENDING,2026-02-27 15:30:41.465448
2976,366,39,1,1844.53,COMPLETED,2025-11-22 12:21:41.465448
2977,528,100,2,268.08,PENDING,2025-12-29 11:12:41.465448
2978,734,10,2,1681.94,PENDING,2026-07-19 02:03:41.465448
2979,279,130,2,3833.82,COMPLETED,2026-06-21 02:57:41.465448
2980,473,28,5,9286.0,COMPLETED,2026-04-17 22:16:41.465448
2981,73,178,1,686.58,CANCELLED,2025-12-22 17:01:41.465448
2982,602,132,4,635.52,COMPLETED,2026-05-21 21:26:41.465448
2983,436,115,2,3698.2,COMPLETED,2025-12-08 20:29:41.465448
2984,980,23,3,4981.62,COMPLETED,2026-02-08 10:46:41.465448
2985,116,6,2,1627.02,COMPLETED,2026-05-12 08:27:41.465448
2986,390,58,1,1609.24,COMPLETED,2026-01-29 20:20:41.465448
2987,566,154,1,1102.67,COMPLETED,2025-09-20 20:50:41.465448
2988,755,59,4,4857.0,PENDING,2026-07-15 06:31:41.465448
2989,651,119,1,705.76,COMPLETED,2026-07-03 19:58:41.465448
2990,911,180,2,122.26,COMPLETED,2026-06-02 02:47:41.465448
2991,103,112,4,1547.24,COMPLETED,2025-10-09 06:24:41.465448
2992,392,200,5,5390.7,COMPLETED,2026-05-03 02:16:41.465448
2993,978,193,5,5201.05,COMPLETED,2026-06-27 01:06:41.465448
2994,628,136,2,113.06,COMPLETED,2026-07-08 07:25:41.465448
2995,570,111,5,3783.1,COMPLETED,2026-02-09 12:56:41.465448
2996,472,196,2,2554.82,COMPLETED,2026-02-04 21:31:41.465448
2997,704,169,5,9226.7,COMPLETED,2026-01-21 06:39:41.465448
2998,170,52,5,5597.35,COMPLETED,2025-10-02 21:36:41.465448
2999,730,110,1,1999.92,COMPLETED,2026-07-30 16:48:41.465448
3000,671,157,3,1897.2,COMPLETED,2026-03-09 12:42:41.465448
3001,326,191,2,1562.52,COMPLETED,2025-10-06 04:11:41.465448
3002,906,161,5,9505.6,PENDING,2026-03-07 16:48:41.465448
3003,822,65,1,1715.95,COMPLETED,2026-08-28 04:49:41.465448
3004,391,153,4,613.56,COMPLETED,2025-10-09 08:40:41.465448
3005,132,82,1,1714.57,COMPLETED,2025-11-12 21:53:41.465448
3006,908,45,1,737.39,COMPLETED,2026-02-26 08:27:41.465448
3007,187,173,1,1268.07,PENDING,2026-05-04 03:03:41.465448
3008,862,156,4,2204.12,COMPLETED,2025-10-25 02:19:41.465448
3009,69,165,2,2853.78,COMPLETED,2026-05-31 10:42:41.465448
3010,622,141,5,809.95,COMPLETED,2026-03-06 23:58:41.465448
3011,137,101,1,1920.7,CANCELLED,2026-09-05 23:33:41.465448
3012,1000,129,2,2764.66,COMPLETED,2025-11-01 14:53:41.465448
3013,693,93,1,1026.6,PENDING,2026-01-08 08:09:41.465448
3014,696,140,3,4399.35,COMPLETED,2026-06-13 09:55:41.465448
3015,767,99,5,4123.0,COMPLETED,2026-09-03 18:55:41.465448
3016,227,10,5,4204.85,COMPLETED,2026-06-06 09:12:41.465448
3017,657,152,1,584.63,COMPLETED,2026-06-23 07:48:41.465448
3018,483,198,5,5114.2,COMPLETED,2026-04-03 13:48:41.465448
3019,650,173,1,1268.07,COMPLETED,2025-10-14 04:56:41.465448
3020,759,107,4,6301.56,CANCELLED,2026-04-24 06:39:41.465448
3021,390,60,1,1876.8,COMPLETED,2026-02-28 07:21:41.465448
3022,84,63,2,3295.32,COMPLETED,2026-05-17 03:28:41.465448
3023,679,155,2,2026.4,COMPLETED,2026-03-06 07:20:41.465448
3024,822,157,3,1897.2,COMPLETED,2025-09-13 05:57:41.465448
3025,555,179,2,1216.48,COMPLETED,2025-11-11 11:07:41.465448
3026,640,2,1,1518.08,CANCELLED,2026-05-02 01:09:41.465448
3027,80,152,2,1169.26,PENDING,2026-03-14 05:27:41.465448
3028,651,154,5,5513.35,COMPLETED,2025-10-20 02:32:41.465448
3029,433,9,4,1285.64,PENDING,2026-05-05 13:33:41.465448
3030,15,20,4,5501.92,PENDING,2026-08-26 16:41:41.465448
3031,666,141,1,161.99,CANCELLED,2025-11-01 23:09:41.465448
3032,701,133,2,2319.12,CANCELLED,2025-09-16 18:06:41.465448
3033,459,36,5,4506.9,CANCELLED,2026-02-13 18:09:41.465448
3034,561,79,4,1264.4,COMPLETED,2026-08-31 14:22:41.465448
3035,304,40,5,4613.1,COMPLETED,2025-09-25 18:29:41.465448
3036,6,29,3,5967.96,COMPLETED,2026-03-02 07:58:41.465448
3037,533,85,3,2987.16,PENDING,2026-03-26 03:43:41.465448
3038,583,10,5,4204.85,COMPLETED,2026-05-19 02:44:41.465448
3039,471,159,2,1636.42,CANCELLED,2026-01-30 19:34:41.465448
3040,226,80,5,6527.1,PENDING,2026-08-18 04:56:41.465448
3041,416,102,4,1756.12,CANCELLED,2026-08-08 14:19:41.465448
3042,174,130,5,9584.55,COMPLETED,2026-08-08 01:14:41.465448
3043,935,17,3,2772.54,CANCELLED,2026-04-10 08:19:41.465448
3044,418,52,5,5597.35,COMPLETED,2026-02-16 02:12:41.465448
3045,364,63,4,6590.64,PENDING,2025-11-29 08:05:41.465448
3046,879,146,4,4267.84,COMPLETED,2026-07-22 20:54:41.465448
3047,775,52,4,4477.88,COMPLETED,2025-10-31 10:02:41.465448
3048,610,6,2,1627.02,CANCELLED,2025-10-10 20:47:41.465448
3049,160,87,5,3004.8,COMPLETED,2026-06-14 15:15:41.465448
3050,947,58,5,8046.2,PENDING,2026-04-19 20:09:41.465448
3051,848,141,2,323.98,COMPLETED,2025-09-13 06:23:41.465448
3052,424,61,3,4412.88,COMPLETED,2026-09-12 11:24:41.465448
3053,416,139,1,1234.04,PENDING,2026-01-28 05:37:41.465448
3054,432,140,3,4399.35,COMPLETED,2026-09-01 23:30:41.465448
3055,871,185,4,3006.96,COMPLETED,2025-11-12 11:22:41.465448
3056,987,163,4,4758.0,PENDING,2026-01-29 19:29:41.465448
3057,545,25,3,4593.33,PENDING,2026-07-31 02:40:41.465448
3058,370,132,5,794.4,COMPLETED,2026-02-12 11:33:41.465448
3059,846,164,4,7713.2,COMPLETED,2026-05-11 10:31:41.465448
3060,471,118,5,7755.95,COMPLETED,2026-09-09 01:40:41.465448
3061,191,17,3,2772.54,COMPLETED,2026-06-13 05:00:41.465448
3062,99,18,1,573.96,CANCELLED,2025-12-29 00:03:41.465448
3063,763,136,1,56.53,COMPLETED,2026-05-20 10:34:41.465448
3064,427,70,3,5019.15,PENDING,2026-05-29 04:26:41.465448
3065,197,98,1,1627.75,COMPLETED,2026-03-18 15:45:41.465448
3066,991,38,5,6653.0,COMPLETED,2026-04-24 22:53:41.465448
3067,253,57,4,4966.76,COMPLETED,2026-05-16 03:01:41.465448
3068,939,41,4,4838.52,CANCELLED,2026-01-14 20:10:41.465448
3069,800,5,4,1040.8,COMPLETED,2025-10-29 20:06:41.465448
3070,136,126,3,3656.55,COMPLETED,2026-06-06 07:42:41.465448
3071,220,156,2,1102.06,CANCELLED,2026-05-28 14:29:41.465448
3072,208,47,5,1455.1,COMPLETED,2026-06-16 06:57:41.465448
3073,244,58,4,6436.96,PENDING,2025-09-21 18:17:41.465448
3074,119,16,2,2198.26,COMPLETED,2026-03-25 20:02:41.465448
3075,681,49,4,3932.84,CANCELLED,2025-10-13 00:25:41.465448
3076,661,139,3,3702.12,COMPLETED,2026-07-27 19:23:41.465448
3077,599,80,1,1305.42,PENDING,2026-05-08 05:02:41.465448
3078,137,117,4,2031.84,COMPLETED,2026-04-09 00:31:41.465448
3079,216,66,1,466.35,PENDING,2026-04-05 11:31:41.465448
3080,780,119,5,3528.8,COMPLETED,2026-01-23 14:17:41.465448
3081,59,101,1,1920.7,COMPLETED,2025-11-08 18:18:41.465448
3082,7,176,4,2416.4,CANCELLED,2026-09-07 13:48:41.465448
3083,239,96,4,1170.8,COMPLETED,2026-03-13 07:27:41.465448
3084,305,121,3,3553.23,COMPLETED,2026-07-12 06:43:41.465448
3085,117,80,5,6527.1,PENDING,2025-11-23 15:01:41.465448
3086,340,123,1,1800.64,CANCELLED,2026-06-16 08:05:41.465448
3087,437,190,2,3566.78,PENDING,2025-12-04 20:53:41.465448
3088,50,159,1,818.21,COMPLETED,2026-08-14 23:30:41.465448
3089,574,132,4,635.52,PENDING,2026-05-31 05:14:41.465448
3090,849,33,5,2749.05,COMPLETED,2026-07-30 02:26:41.465448
3091,721,177,4,1473.84,COMPLETED,2026-06-01 08:28:41.465448
3092,1000,28,4,7428.8,COMPLETED,2025-12-25 10:35:41.465448
3093,893,194,1,1723.76,COMPLETED,2026-08-15 01:44:41.465448
3094,908,10,5,4204.85,CANCELLED,2025-12-07 21:58:41.465448
3095,39,165,5,7134.45,COMPLETED,2025-11-15 09:09:41.465448
3096,29,133,2,2319.12,PENDING,2026-03-26 11:29:41.465448
3097,311,77,1,1438.1,COMPLETED,2026-07-30 03:28:41.465448
3098,876,91,5,8712.15,COMPLETED,2026-03-04 11:52:41.465448
3099,628,109,2,1963.72,COMPLETED,2026-05-08 16:01:41.465448
3100,797,20,1,1375.48,COMPLETED,2026-04-26 23:44:41.465448
3101,670,19,2,1051.36,CANCELLED,2026-04-10 13:58:41.465448
3102,843,75,3,3719.7,COMPLETED,2026-03-31 17:28:41.465448
3103,818,88,4,1443.92,COMPLETED,2026-03-07 20:56:41.465448
3104,834,89,1,1378.63,COMPLETED,2025-10-31 04:22:41.465448
3105,192,122,4,5171.04,PENDING,2026-09-08 06:52:41.465448
3106,545,120,3,4532.1,PENDING,2026-01-01 19:31:41.465448
3107,604,106,1,1244.36,PENDING,2026-08-14 21:34:41.465448
3108,458,183,3,1137.78,CANCELLED,2026-01-31 04:21:41.465448
3109,135,68,4,1828.04,COMPLETED,2026-02-02 18:45:41.465448
3110,100,148,1,544.79,COMPLETED,2025-11-07 19:36:41.465448
3111,467,166,2,724.26,COMPLETED,2026-06-05 21:24:41.465448
3112,262,106,1,1244.36,PENDING,2026-07-31 10:29:41.465448
3113,358,164,3,5784.9,COMPLETED,2026-04-22 23:58:41.465448
3114,704,120,5,7553.5,COMPLETED,2025-11-18 11:46:41.465448
3115,784,50,4,3838.44,COMPLETED,2026-03-05 04:29:41.465448
3116,463,88,3,1082.94,PENDING,2025-11-01 17:13:41.465448
3117,84,128,2,830.78,COMPLETED,2025-09-16 01:11:41.465448
3118,536,125,3,2342.91,CANCELLED,2026-07-12 12:59:41.465448
3119,89,167,1,724.16,COMPLETED,2026-09-10 18:28:41.465448
3120,363,193,1,1040.21,COMPLETED,2025-09-16 08:39:41.465448
3121,846,135,2,951.24,COMPLETED,2026-08-29 18:23:41.465448
3122,659,48,3,4309.44,PENDING,2025-10-21 16:20:41.465448
3123,826,81,2,2722.8,COMPLETED,2026-01-26 20:00:41.465448
3124,492,51,1,1742.28,CANCELLED,2026-08-11 18:04:41.465448
3125,442,108,4,166.12,PENDING,2026-04-24 22:43:41.465448
3126,239,24,3,4050.9,CANCELLED,2026-02-24 23:49:41.465448
3127,258,31,5,3454.55,CANCELLED,2025-11-11 15:08:41.465448
3128,503,129,5,6911.65,COMPLETED,2026-02-03 10:05:41.465448
3129,680,19,2,1051.36,COMPLETED,2025-11-08 18:43:41.465448
3130,75,10,2,1681.94,CANCELLED,2026-06-19 14:24:41.465448
3131,130,146,2,2133.92,CANCELLED,2026-05-22 04:50:41.465448
3132,252,83,5,4424.3,CANCELLED,2025-12-11 23:54:41.465448
3133,75,150,5,6491.5,CANCELLED,2025-09-13 03:35:41.465448
3134,313,26,5,8181.3,CANCELLED,2026-06-17 16:05:41.465448
3135,355,68,3,1371.03,COMPLETED,2026-05-31 02:00:41.465448
3136,934,161,2,3802.24,CANCELLED,2026-03-18 01:15:41.465448
3137,38,106,5,6221.8,COMPLETED,2025-11-15 07:39:41.465448
3138,200,186,5,2540.45,COMPLETED,2026-08-25 10:18:41.465448
3139,450,28,2,3714.4,CANCELLED,2026-09-11 00:21:41.465448
3140,660,17,2,1848.36,COMPLETED,2025-12-29 19:27:41.465448
3141,175,179,2,1216.48,COMPLETED,2026-04-12 18:19:41.465448
3142,376,15,4,4809.28,COMPLETED,2026-01-17 04:02:41.465448
3143,564,172,2,263.32,CANCELLED,2026-04-08 19:48:41.465448
3144,496,164,5,9641.5,COMPLETED,2025-12-17 11:33:41.465448
3145,363,160,4,6022.32,CANCELLED,2025-12-17 00:45:41.465448
3146,746,168,1,1267.72,COMPLETED,2026-01-19 16:15:41.465448
3147,145,126,5,6094.25,CANCELLED,2025-10-12 15:06:41.465448
3148,954,145,5,2846.7,COMPLETED,2026-08-23 12:29:41.465448
3149,421,135,2,951.24,PENDING,2026-07-27 23:53:41.465448
3150,784,188,3,337.68,PENDING,2026-04-14 11:33:41.465448
3151,879,101,1,1920.7,COMPLETED,2026-09-03 08:03:41.465448
3152,860,28,5,9286.0,COMPLETED,2026-06-26 04:31:41.465448
3153,759,198,5,5114.2,PENDING,2026-05-24 13:03:41.465448
3154,166,2,1,1518.08,COMPLETED,2026-02-18 04:02:41.465448
3155,216,42,4,7159.72,COMPLETED,2026-07-17 17:23:41.465448
3156,774,162,3,3731.49,COMPLETED,2026-07-21 02:56:41.465448
3157,338,159,3,2454.63,COMPLETED,2026-01-14 00:40:41.465448
3158,172,22,4,1786.16,CANCELLED,2025-12-27 22:49:41.465448
3159,410,41,4,4838.52,PENDING,2026-06-24 21:28:41.465448
3160,300,13,1,1674.08,COMPLETED,2026-01-01 11:41:41.465448
3161,306,176,1,604.1,COMPLETED,2026-09-10 13:27:41.465448
3162,547,83,5,4424.3,COMPLETED,2026-08-05 11:02:41.465448
3163,262,27,5,361.4,CANCELLED,2026-01-19 21:50:41.465448
3164,186,34,5,9860.05,COMPLETED,2025-12-23 12:34:41.465448
3165,621,183,2,758.52,CANCELLED,2026-03-15 16:06:41.465448
3166,225,82,5,8572.85,COMPLETED,2026-04-06 14:39:41.465448
3167,429,71,3,4641.96,PENDING,2026-07-24 05:20:41.465448
3168,561,68,2,914.02,CANCELLED,2025-10-22 13:14:41.465448
3169,768,153,2,306.78,COMPLETED,2026-01-12 12:35:41.465448
3170,947,190,1,1783.39,COMPLETED,2025-10-08 18:40:41.465448
3171,577,22,4,1786.16,COMPLETED,2026-01-18 02:38:41.465448
3172,193,55,2,2379.94,COMPLETED,2026-08-20 18:21:41.465448
3173,326,66,1,466.35,COMPLETED,2026-07-26 19:19:41.465448
3174,964,96,5,1463.5,COMPLETED,2026-05-24 01:43:41.465448
3175,965,16,3,3297.39,COMPLETED,2026-09-03 01:15:41.465448
3176,357,48,2,2872.96,PENDING,2026-05-27 11:57:41.465448
3177,835,171,1,394.51,CANCELLED,2025-11-03 08:35:41.465448
3178,64,143,1,1774.65,COMPLETED,2025-11-04 12:21:41.465448
3179,597,172,3,394.98,CANCELLED,2025-12-20 11:30:41.465448
3180,104,187,5,4208.35,COMPLETED,2025-11-30 21:58:41.465448
3181,680,190,3,5350.17,PENDING,2026-03-31 15:46:41.465448
3182,890,42,1,1789.93,COMPLETED,2026-06-24 05:05:41.465448
3183,98,123,3,5401.92,PENDING,2026-05-13 23:20:41.465448
3184,600,199,4,2074.68,COMPLETED,2025-12-24 03:37:41.465448
3185,552,99,1,824.6,COMPLETED,2026-05-31 15:23:41.465448
3186,121,3,1,1093.46,COMPLETED,2026-07-05 12:46:41.465448
3187,34,29,3,5967.96,CANCELLED,2026-03-24 21:19:41.465448
3188,131,36,1,901.38,COMPLETED,2026-02-17 06:04:41.465448
3189,583,184,2,501.66,COMPLETED,2026-02-18 21:01:41.465448
3190,103,180,5,305.65,COMPLETED,2025-12-17 08:03:41.465448
3191,955,13,4,6696.32,COMPLETED,2026-01-13 03:44:41.465448
3192,530,7,5,3265.8,CANCELLED,2026-03-04 09:23:41.465448
3193,612,195,2,3298.26,PENDING,2026-04-20 21:28:41.465448
3194,336,87,5,3004.8,COMPLETED,2025-10-27 09:41:41.465448
3195,799,63,5,8238.3,COMPLETED,2026-09-02 15:21:41.465448
3196,141,2,3,4554.24,COMPLETED,2025-09-30 22:07:41.465448
3197,963,53,1,1409.28,PENDING,2026-05-14 14:54:41.465448
3198,456,147,5,9924.9,PENDING,2026-06-30 01:24:41.465448
3199,794,33,1,549.81,COMPLETED,2026-01-08 06:53:41.465448
3200,342,87,2,1201.92,COMPLETED,2026-07-23 13:22:41.465448
3201,508,36,3,2704.14,PENDING,2025-11-30 22:12:41.465448
3202,506,126,2,2437.7,COMPLETED,2026-01-29 07:54:41.465448
3203,332,167,3,2172.48,CANCELLED,2026-07-20 03:16:41.465448
3204,283,108,1,41.53,CANCELLED,2026-06-10 17:17:41.465448
3205,429,131,3,2897.34,COMPLETED,2026-07-17 02:31:41.465448
3206,722,164,4,7713.2,CANCELLED,2025-11-24 12:34:41.465448
3207,784,189,1,386.04,COMPLETED,2026-04-02 12:16:41.465448
3208,703,128,4,1661.56,COMPLETED,2025-10-01 00:12:41.465448
3209,844,25,4,6124.44,CANCELLED,2026-04-02 10:33:41.465448
3210,778,109,1,981.86,COMPLETED,2026-04-04 18:09:41.465448
3211,366,75,2,2479.8,COMPLETED,2026-08-31 19:08:41.465448
3212,706,101,5,9603.5,PENDING,2026-02-21 06:49:41.465448
3213,114,46,4,45.52,COMPLETED,2026-06-22 00:17:41.465448
3214,216,67,4,6067.96,COMPLETED,2026-08-14 15:07:41.465448
3215,421,96,1,292.7,CANCELLED,2026-07-29 11:36:41.465448
3216,410,116,4,4678.44,CANCELLED,2026-07-14 00:02:41.465448
3217,334,197,1,1066.92,COMPLETED,2026-07-22 18:55:41.465448
3218,214,188,5,562.8,COMPLETED,2026-07-05 16:40:41.465448
3219,233,8,1,1182.52,CANCELLED,2025-12-26 22:57:41.465448
3220,76,6,2,1627.02,COMPLETED,2025-09-17 18:23:41.465448
3221,913,114,2,975.72,COMPLETED,2026-09-12 00:32:41.465448
3222,97,173,5,6340.35,COMPLETED,2026-02-17 09:01:41.465448
3223,936,117,3,1523.88,COMPLETED,2025-10-03 02:35:41.465448
3224,846,27,2,144.56,COMPLETED,2026-06-14 16:01:41.465448
3225,276,122,1,1292.76,COMPLETED,2025-11-05 06:30:41.465448
3226,246,198,3,3068.52,COMPLETED,2026-02-14 05:58:41.465448
3227,351,70,1,1673.05,COMPLETED,2025-09-27 10:45:41.465448
3228,298,81,2,2722.8,COMPLETED,2026-04-25 04:26:41.465448
3229,561,76,3,1106.73,CANCELLED,2025-10-21 04:07:41.465448
3230,42,46,3,34.14,COMPLETED,2025-11-14 19:06:41.465448
3231,48,195,4,6596.52,CANCELLED,2026-01-23 03:32:41.465448
3232,698,16,3,3297.39,COMPLETED,2026-01-02 19:50:41.465448
3233,567,166,5,1810.65,CANCELLED,2025-12-20 12:50:41.465448
3234,986,9,3,964.23,PENDING,2025-10-16 08:40:41.465448
3235,258,148,1,544.79,COMPLETED,2026-07-23 05:19:41.465448
3236,836,33,4,2199.24,COMPLETED,2025-09-20 00:43:41.465448
3237,263,26,5,8181.3,COMPLETED,2025-10-19 16:04:41.465448
3238,223,3,3,3280.38,COMPLETED,2025-11-22 23:12:41.465448
3239,512,31,4,2763.64,COMPLETED,2026-05-01 07:35:41.465448
3240,110,80,4,5221.68,PENDING,2025-12-05 23:22:41.465448
3241,521,8,3,3547.56,COMPLETED,2025-09-23 18:18:41.465448
3242,355,108,2,83.06,PENDING,2025-09-12 22:06:41.465448
3243,916,52,3,3358.41,PENDING,2026-01-19 06:13:41.465448
3244,524,132,1,158.88,COMPLETED,2025-10-13 04:46:41.465448
3245,759,191,1,781.26,COMPLETED,2025-10-05 17:50:41.465448
3246,235,127,3,1658.52,PENDING,2026-07-25 19:29:41.465448
3247,701,8,3,3547.56,COMPLETED,2026-03-10 18:56:41.465448
3248,640,29,1,1989.32,COMPLETED,2025-12-19 23:56:41.465448
3249,554,20,2,2750.96,CANCELLED,2026-03-04 07:27:41.465448
3250,355,197,5,5334.6,COMPLETED,2026-06-15 06:37:41.465448
3251,394,182,3,3057.36,COMPLETED,2025-12-02 17:03:41.465448
3252,689,139,1,1234.04,PENDING,2026-03-08 05:00:41.465448
3253,841,141,2,323.98,COMPLETED,2026-03-23 08:24:41.465448
3254,596,148,1,544.79,COMPLETED,2026-02-02 07:09:41.465448
3255,225,79,3,948.3,COMPLETED,2026-02-02 12:33:41.465448
3256,643,86,2,2842.5,COMPLETED,2026-02-07 09:26:41.465448
3257,37,106,5,6221.8,COMPLETED,2026-06-20 00:09:41.465448
3258,660,26,5,8181.3,COMPLETED,2026-07-27 13:01:41.465448
3259,98,99,4,3298.4,COMPLETED,2026-02-03 12:25:41.465448
3260,948,144,1,496.1,COMPLETED,2025-12-19 06:18:41.465448
3261,784,27,5,361.4,COMPLETED,2026-04-22 11:32:41.465448
3262,903,61,3,4412.88,COMPLETED,2026-08-30 20:16:41.465448
3263,827,158,1,952.46,PENDING,2025-09-12 18:28:41.465448
3264,332,17,4,3696.72,COMPLETED,2026-04-24 06:57:41.465448
3265,791,120,5,7553.5,CANCELLED,2025-11-07 07:38:41.465448
3266,626,37,1,1466.78,COMPLETED,2026-06-12 19:36:41.465448
3267,274,84,4,7402.88,COMPLETED,2026-02-16 11:48:41.465448
3268,743,85,5,4978.6,COMPLETED,2026-01-28 00:31:41.465448
3269,8,135,3,1426.86,PENDING,2025-09-19 09:28:41.465448
3270,630,107,1,1575.39,COMPLETED,2026-03-23 04:17:41.465448
3271,377,87,4,2403.84,COMPLETED,2026-04-25 11:03:41.465448
3272,577,21,1,1966.11,PENDING,2026-08-31 21:53:41.465448
3273,742,136,3,169.59,COMPLETED,2026-06-17 17:38:41.465448
3274,503,74,5,988.6,COMPLETED,2026-01-31 11:05:41.465448
3275,850,56,1,1763.22,PENDING,2026-04-12 05:35:41.465448
3276,491,10,5,4204.85,CANCELLED,2025-12-10 04:48:41.465448
3277,875,30,1,1124.6,COMPLETED,2026-03-06 15:27:41.465448
3278,670,103,4,7165.04,COMPLETED,2025-10-04 19:02:41.465448
3279,876,74,1,197.72,CANCELLED,2026-09-03 22:06:41.465448
3280,780,39,5,9222.65,COMPLETED,2026-01-03 12:02:41.465448
3281,287,142,3,1367.64,COMPLETED,2026-02-08 22:04:41.465448
3282,235,144,4,1984.4,COMPLETED,2026-02-24 20:03:41.465448
3283,250,45,1,737.39,COMPLETED,2026-07-09 10:16:41.465448
3284,456,13,5,8370.4,PENDING,2026-02-07 14:17:41.465448
3285,213,110,2,3999.84,COMPLETED,2026-08-11 17:26:41.465448
3286,238,78,5,110.5,CANCELLED,2026-07-08 15:33:41.465448
3287,542,71,3,4641.96,PENDING,2026-02-18 07:48:41.465448
3288,703,124,2,2804.32,PENDING,2026-01-22 08:49:41.465448
3289,628,75,5,6199.5,COMPLETED,2026-05-11 09:16:41.465448
3290,654,17,1,924.18,PENDING,2026-03-14 05:55:41.465448
3291,160,158,5,4762.3,PENDING,2026-09-11 07:05:41.465448
3292,753,115,3,5547.3,COMPLETED,2026-04-17 01:00:41.465448
3293,887,83,4,3539.44,COMPLETED,2026-07-25 16:09:41.465448
3294,180,186,3,1524.27,PENDING,2026-03-11 12:12:41.465448
3295,378,137,4,3770.0,COMPLETED,2026-04-28 14:00:41.465448
3296,138,136,1,56.53,PENDING,2026-08-29 03:47:41.465448
3297,77,93,4,4106.4,PENDING,2025-10-30 13:18:41.465448
3298,898,30,2,2249.2,COMPLETED,2026-06-22 23:54:41.465448
3299,590,11,5,2348.25,COMPLETED,2026-07-17 21:55:41.465448
3300,504,16,2,2198.26,PENDING,2026-05-16 20:05:41.465448
3301,250,32,1,1270.34,COMPLETED,2026-03-11 17:29:41.465448
3302,402,166,1,362.13,COMPLETED,2026-08-24 20:16:41.465448
3303,270,24,2,2700.6,COMPLETED,2026-04-21 07:13:41.465448
3304,737,56,5,8816.1,COMPLETED,2026-08-21 08:11:41.465448
3305,510,25,5,7655.55,CANCELLED,2026-04-15 01:38:41.465448
3306,947,146,3,3200.88,COMPLETED,2026-08-28 15:01:41.465448
3307,513,123,3,5401.92,PENDING,2026-08-03 00:30:41.465448
3308,447,171,1,394.51,PENDING,2026-05-03 04:58:41.465448
3309,185,1,1,1568.08,CANCELLED,2025-10-14 19:11:41.465448
3310,137,84,3,5552.16,COMPLETED,2026-01-01 21:30:41.465448
3311,137,65,1,1715.95,COMPLETED,2025-12-06 11:37:41.465448
3312,498,131,2,1931.56,PENDING,2025-12-09 03:54:41.465448
3313,383,164,4,7713.2,COMPLETED,2025-12-21 23:58:41.465448
3314,202,179,2,1216.48,PENDING,2025-09-18 04:03:41.465448
3315,399,188,1,112.56,COMPLETED,2026-08-12 20:08:41.465448
3316,293,54,4,1610.8,CANCELLED,2025-11-04 16:15:41.465448
3317,216,175,4,742.44,COMPLETED,2026-05-07 14:14:41.465448
3318,214,31,3,2072.73,PENDING,2026-02-03 23:46:41.465448
3319,626,129,2,2764.66,COMPLETED,2025-10-29 02:59:41.465448
3320,389,124,4,5608.64,COMPLETED,2026-07-21 10:17:41.465448
3321,835,131,4,3863.12,COMPLETED,2025-10-04 20:09:41.465448
3322,996,164,2,3856.6,COMPLETED,2026-02-23 04:18:41.465448
3323,391,184,5,1254.15,PENDING,2026-01-26 23:51:41.465448
3324,287,1,3,4704.24,COMPLETED,2025-12-18 02:04:41.465448
3325,898,70,1,1673.05,COMPLETED,2025-10-03 18:17:41.465448
3326,943,165,2,2853.78,CANCELLED,2026-07-23 00:40:41.465448
3327,721,51,1,1742.28,COMPLETED,2026-02-18 02:19:41.465448
3328,193,199,3,1556.01,COMPLETED,2026-02-06 20:35:41.465448
3329,844,147,1,1984.98,COMPLETED,2026-05-09 18:51:41.465448
3330,375,53,2,2818.56,COMPLETED,2026-06-18 07:47:41.465448
3331,380,34,2,3944.02,CANCELLED,2025-10-04 19:36:41.465448
3332,885,148,1,544.79,COMPLETED,2025-10-15 06:51:41.465448
3333,499,27,3,216.84,CANCELLED,2026-01-17 17:21:41.465448
3334,208,98,4,6511.0,COMPLETED,2026-01-05 08:39:41.465448
3335,419,169,2,3690.68,COMPLETED,2026-05-31 00:08:41.465448
3336,666,52,2,2238.94,COMPLETED,2026-05-06 10:30:41.465448
3337,821,92,2,687.08,COMPLETED,2026-07-16 01:48:41.465448
3338,40,156,4,2204.12,COMPLETED,2026-06-10 15:24:41.465448
3339,92,190,5,8916.95,COMPLETED,2025-11-23 10:59:41.465448
3340,245,179,3,1824.72,COMPLETED,2025-10-28 16:28:41.465448
3341,771,83,1,884.86,COMPLETED,2026-06-23 19:40:41.465448
3342,436,185,4,3006.96,CANCELLED,2026-01-04 11:54:41.465448
3343,317,83,4,3539.44,COMPLETED,2025-10-01 14:36:41.465448
3344,366,110,4,7999.68,CANCELLED,2025-10-21 19:39:41.465448
3345,550,98,2,3255.5,CANCELLED,2026-05-12 01:39:41.465448
3346,926,18,3,1721.88,COMPLETED,2026-03-14 19:38:41.465448
3347,842,54,3,1208.1,COMPLETED,2026-04-05 18:26:41.465448
3348,257,79,2,632.2,PENDING,2026-08-17 00:02:41.465448
3349,499,52,2,2238.94,COMPLETED,2025-10-21 10:04:41.465448
3350,750,24,2,2700.6,PENDING,2026-02-02 06:54:41.465448
3351,382,77,5,7190.5,CANCELLED,2026-02-08 20:15:41.465448
3352,907,21,2,3932.22,CANCELLED,2025-10-31 17:43:41.465448
3353,666,96,4,1170.8,COMPLETED,2026-05-16 01:13:41.465448
3354,976,111,1,756.62,COMPLETED,2026-03-17 19:03:41.465448
3355,908,70,3,5019.15,CANCELLED,2026-02-06 20:05:41.465448
3356,143,188,1,112.56,COMPLETED,2026-08-11 13:01:41.465448
3357,234,133,5,5797.8,PENDING,2025-12-13 18:35:41.465448
3358,29,65,2,3431.9,PENDING,2026-09-11 01:11:41.465448
3359,648,49,5,4916.05,COMPLETED,2026-01-20 03:56:41.465448
3360,404,97,5,8929.75,COMPLETED,2025-12-22 21:30:41.465448
3361,496,136,3,169.59,COMPLETED,2026-04-26 09:09:41.465448
3362,683,200,5,5390.7,CANCELLED,2026-07-07 08:02:41.465448
3363,481,111,5,3783.1,CANCELLED,2025-09-22 17:07:41.465448
3364,754,24,1,1350.3,COMPLETED,2025-11-10 14:57:41.465448
3365,383,46,4,45.52,COMPLETED,2026-09-07 05:12:41.465448
3366,944,181,2,971.06,PENDING,2025-09-16 22:30:41.465448
3367,359,95,1,1715.94,COMPLETED,2026-04-05 23:28:41.465448
3368,937,170,5,5053.55,COMPLETED,2026-07-19 18:25:41.465448
3369,945,146,5,5334.8,COMPLETED,2025-12-09 13:50:41.465448
3370,614,77,3,4314.3,CANCELLED,2026-05-03 14:51:41.465448
3371,246,174,5,4792.75,COMPLETED,2025-09-20 17:55:41.465448
3372,963,193,4,4160.84,CANCELLED,2026-02-22 20:19:41.465448
3373,450,171,3,1183.53,COMPLETED,2026-01-05 18:22:41.465448
3374,109,11,3,1408.95,CANCELLED,2026-07-07 19:01:41.465448
3375,797,158,3,2857.38,COMPLETED,2026-06-15 01:42:41.465448
3376,814,140,3,4399.35,COMPLETED,2026-08-20 23:38:41.465448
3377,987,80,3,3916.26,CANCELLED,2026-05-27 20:38:41.465448
3378,849,132,4,635.52,CANCELLED,2026-08-01 10:00:41.465448
3379,145,133,3,3478.68,COMPLETED,2026-03-22 06:23:41.465448
3380,668,193,3,3120.63,COMPLETED,2026-08-10 11:59:41.465448
3381,51,64,1,858.69,CANCELLED,2026-04-18 03:43:41.465448
3382,269,62,1,1916.21,COMPLETED,2026-08-26 20:24:41.465448
3383,680,179,5,3041.2,COMPLETED,2025-11-03 17:37:41.465448
3384,508,16,1,1099.13,PENDING,2025-10-07 11:25:41.465448
3385,485,99,1,824.6,COMPLETED,2026-04-27 10:50:41.465448
3386,684,11,3,1408.95,COMPLETED,2025-10-12 17:24:41.465448
3387,360,110,1,1999.92,CANCELLED,2025-10-05 05:37:41.465448
3388,485,197,3,3200.76,PENDING,2026-02-17 21:55:41.465448
3389,750,2,3,4554.24,COMPLETED,2026-08-04 01:06:41.465448
3390,798,38,3,3991.8,COMPLETED,2026-04-07 02:59:41.465448
3391,461,116,5,5848.05,COMPLETED,2026-02-24 10:32:41.465448
3392,161,152,1,584.63,CANCELLED,2026-06-04 19:08:41.465448
3393,955,6,5,4067.55,COMPLETED,2025-12-05 07:04:41.465448
3394,894,77,2,2876.2,COMPLETED,2026-04-14 00:48:41.465448
3395,430,87,3,1802.88,COMPLETED,2026-04-11 15:33:41.465448
3396,578,185,5,3758.7,COMPLETED,2026-02-15 13:03:41.465448
3397,666,88,4,1443.92,CANCELLED,2026-03-29 07:42:41.465448
3398,119,46,5,56.9,PENDING,2026-04-25 21:35:41.465448
3399,177,11,3,1408.95,COMPLETED,2026-08-13 05:58:41.465448
3400,216,200,1,1078.14,COMPLETED,2026-07-14 15:20:41.465448
3401,830,176,2,1208.2,COMPLETED,2026-01-20 10:43:41.465448
3402,402,95,3,5147.82,COMPLETED,2026-03-23 00:31:41.465448
3403,696,3,5,5467.3,COMPLETED,2026-08-15 01:07:41.465448
3404,760,189,5,1930.2,PENDING,2025-12-06 04:56:41.465448
3405,454,107,2,3150.78,PENDING,2025-11-25 15:47:41.465448
3406,757,38,4,5322.4,COMPLETED,2026-03-29 00:33:41.465448
3407,138,58,4,6436.96,COMPLETED,2026-05-29 18:31:41.465448
3408,409,169,1,1845.34,COMPLETED,2026-06-05 03:57:41.465448
3409,108,124,1,1402.16,COMPLETED,2025-12-16 16:53:41.465448
3410,840,115,2,3698.2,PENDING,2026-06-29 08:41:41.465448
3411,257,150,2,2596.6,COMPLETED,2026-09-03 01:47:41.465448
3412,832,110,2,3999.84,CANCELLED,2025-10-15 04:37:41.465448
3413,81,46,3,34.14,COMPLETED,2026-09-08 05:32:41.465448
3414,726,64,4,3434.76,COMPLETED,2026-07-03 19:08:41.465448
3415,845,109,1,981.86,COMPLETED,2026-07-21 02:34:41.465448
3416,44,13,5,8370.4,COMPLETED,2025-11-24 07:51:41.465448
3417,540,190,2,3566.78,COMPLETED,2025-12-01 00:40:41.465448
3418,807,89,4,5514.52,COMPLETED,2025-09-19 23:09:41.465448
3419,356,197,1,1066.92,PENDING,2025-10-05 00:16:41.465448
3420,425,134,5,8001.7,COMPLETED,2026-06-08 09:48:41.465448
3421,375,107,2,3150.78,PENDING,2026-03-07 05:57:41.465448
3422,4,111,4,3026.48,PENDING,2026-09-11 04:10:41.465448
3423,219,158,5,4762.3,COMPLETED,2026-03-12 09:40:41.465448
3424,388,65,4,6863.8,COMPLETED,2026-08-21 20:16:41.465448
3425,736,15,1,1202.32,COMPLETED,2026-04-14 18:24:41.465448
3426,467,110,1,1999.92,COMPLETED,2026-08-03 11:45:41.465448
3427,13,21,3,5898.33,COMPLETED,2026-07-22 19:28:41.465448
3428,120,76,4,1475.64,COMPLETED,2026-04-09 08:37:41.465448
3429,430,112,3,1160.43,COMPLETED,2026-01-31 20:47:41.465448
3430,833,132,3,476.64,COMPLETED,2026-04-12 02:15:41.465448
3431,904,66,2,932.7,COMPLETED,2025-10-12 04:28:41.465448
3432,2,121,2,2368.82,PENDING,2026-05-23 05:56:41.465448
3433,924,14,5,3604.65,COMPLETED,2025-11-12 03:02:41.465448
3434,545,29,5,9946.6,COMPLETED,2026-03-27 02:38:41.465448
3435,584,72,4,1342.32,COMPLETED,2025-10-06 06:35:41.465448
3436,66,27,3,216.84,CANCELLED,2025-11-01 12:47:41.465448
3437,850,6,5,4067.55,COMPLETED,2026-03-08 01:43:41.465448
3438,731,147,1,1984.98,PENDING,2026-02-19 14:00:41.465448
3439,359,4,1,904.74,COMPLETED,2026-01-05 10:32:41.465448
3440,646,120,3,4532.1,COMPLETED,2025-12-21 21:38:41.465448
3441,430,107,1,1575.39,COMPLETED,2026-03-12 01:21:41.465448
3442,456,75,3,3719.7,PENDING,2026-08-07 09:16:41.465448
3443,338,10,2,1681.94,COMPLETED,2025-10-11 01:41:41.465448
3444,294,146,3,3200.88,CANCELLED,2026-06-25 23:18:41.465448
3445,74,94,3,5747.94,COMPLETED,2025-10-29 16:21:41.465448
3446,190,102,5,2195.15,COMPLETED,2026-07-28 20:53:41.465448
3447,259,163,4,4758.0,COMPLETED,2026-01-21 03:21:41.465448
3448,564,153,3,460.17,COMPLETED,2026-05-12 13:41:41.465448
3449,33,142,4,1823.52,CANCELLED,2026-04-18 08:56:41.465448
3450,328,173,3,3804.21,COMPLETED,2026-07-11 22:55:41.465448
3451,497,58,5,8046.2,PENDING,2026-01-19 00:45:41.465448
3452,26,96,4,1170.8,PENDING,2026-05-17 01:04:41.465448
3453,518,140,5,7332.25,COMPLETED,2026-01-21 11:46:41.465448
3454,69,187,5,4208.35,PENDING,2026-02-01 16:39:41.465448
3455,86,36,4,3605.52,COMPLETED,2026-01-18 23:26:41.465448
3456,181,127,4,2211.36,COMPLETED,2026-05-17 19:13:41.465448
3457,579,38,4,5322.4,PENDING,2026-03-28 10:50:41.465448
3458,156,58,3,4827.72,COMPLETED,2025-12-12 17:48:41.465448
3459,350,89,4,5514.52,COMPLETED,2026-04-15 23:46:41.465448
3460,748,88,3,1082.94,COMPLETED,2025-10-18 16:31:41.465448
3461,2,5,3,780.6,COMPLETED,2026-03-28 18:49:41.465448
3462,286,24,5,6751.5,COMPLETED,2026-06-11 11:31:41.465448
3463,214,14,5,3604.65,COMPLETED,2026-08-20 15:42:41.465448
3464,367,91,3,5227.29,COMPLETED,2026-09-03 05:38:41.465448
3465,384,16,4,4396.52,COMPLETED,2026-07-27 06:54:41.465448
3466,699,23,4,6642.16,COMPLETED,2026-01-18 16:52:41.465448
3467,815,107,4,6301.56,CANCELLED,2026-04-29 07:43:41.465448
3468,756,140,2,2932.9,PENDING,2026-04-17 12:47:41.465448
3469,124,43,3,5797.74,COMPLETED,2026-02-14 05:09:41.465448
3470,918,155,1,1013.2,PENDING,2026-05-21 10:37:41.465448
3471,832,128,2,830.78,COMPLETED,2025-12-13 15:53:41.465448
3472,934,110,2,3999.84,CANCELLED,2026-03-07 02:08:41.465448
3473,162,104,3,716.91,COMPLETED,2025-10-01 14:27:41.465448
3474,891,45,4,2949.56,PENDING,2026-06-29 16:18:41.465448
3475,642,59,3,3642.75,COMPLETED,2025-09-30 03:15:41.465448
3476,489,135,3,1426.86,PENDING,2025-10-03 18:12:41.465448
3477,105,101,3,5762.1,COMPLETED,2026-01-08 09:50:41.465448
3478,897,61,4,5883.84,CANCELLED,2026-07-12 05:47:41.465448
3479,309,56,4,7052.88,COMPLETED,2026-07-13 05:32:41.465448
3480,730,130,1,1916.91,CANCELLED,2026-01-23 20:06:41.465448
3481,497,135,4,1902.48,COMPLETED,2025-10-19 13:38:41.465448
3482,507,85,2,1991.44,PENDING,2026-06-11 10:32:41.465448
3483,465,11,4,1878.6,COMPLETED,2026-07-02 02:57:41.465448
3484,214,66,1,466.35,CANCELLED,2026-03-30 16:33:41.465448
3485,862,170,4,4042.84,COMPLETED,2026-08-26 05:19:41.465448
3486,941,61,1,1470.96,PENDING,2026-09-07 21:40:41.465448
3487,743,3,3,3280.38,PENDING,2026-05-02 04:25:41.465448
3488,332,124,2,2804.32,COMPLETED,2026-07-17 11:31:41.465448
3489,714,26,5,8181.3,PENDING,2025-09-12 18:25:41.465448
3490,884,17,4,3696.72,CANCELLED,2025-11-24 14:57:41.465448
3491,297,192,1,1251.36,PENDING,2026-03-07 23:48:41.465448
3492,992,118,2,3102.38,COMPLETED,2026-01-14 17:19:41.465448
3493,835,144,2,992.2,COMPLETED,2026-01-20 20:07:41.465448
3494,422,102,4,1756.12,PENDING,2025-10-22 06:53:41.465448
3495,809,117,5,2539.8,CANCELLED,2026-01-02 15:43:41.465448
3496,424,122,2,2585.52,PENDING,2025-10-17 05:41:41.465448
3497,612,89,1,1378.63,COMPLETED,2026-03-07 09:06:41.465448
3498,415,154,2,2205.34,COMPLETED,2025-12-19 14:32:41.465448
3499,427,77,3,4314.3,COMPLETED,2026-06-26 23:56:41.465448
3500,871,55,5,5949.85,PENDING,2026-02-07 17:53:41.465448
3501,682,96,3,878.1,COMPLETED,2026-08-08 17:36:41.465448
3502,52,51,1,1742.28,COMPLETED,2026-02-25 19:08:41.465448
3503,95,69,2,3467.64,CANCELLED,2026-03-13 06:13:41.465448
3504,55,35,2,1223.08,COMPLETED,2025-10-21 09:01:41.465448
3505,668,153,1,153.39,COMPLETED,2026-07-27 01:09:41.465448
3506,314,97,5,8929.75,PENDING,2026-03-28 11:43:41.465448
3507,211,37,5,7333.9,CANCELLED,2026-04-28 02:24:41.465448
3508,187,162,3,3731.49,PENDING,2026-06-11 15:01:41.465448
3509,382,136,1,56.53,CANCELLED,2026-03-12 21:29:41.465448
3510,292,94,4,7663.92,CANCELLED,2025-11-02 17:40:41.465448
3511,306,79,4,1264.4,COMPLETED,2026-05-31 19:51:41.465448
3512,785,159,1,818.21,COMPLETED,2025-12-23 08:47:41.465448
3513,317,99,2,1649.2,CANCELLED,2025-09-26 22:31:41.465448
3514,80,127,3,1658.52,COMPLETED,2026-09-10 09:28:41.465448
3515,532,114,2,975.72,COMPLETED,2026-09-06 12:33:41.465448
3516,370,167,3,2172.48,COMPLETED,2025-10-15 11:23:41.465448
3517,39,94,3,5747.94,COMPLETED,2026-08-13 21:14:41.465448
3518,375,83,1,884.86,CANCELLED,2026-03-02 00:02:41.465448
3519,240,55,4,4759.88,COMPLETED,2026-08-20 05:22:41.465448
3520,860,142,4,1823.52,COMPLETED,2025-09-25 02:47:41.465448
3521,73,155,1,1013.2,COMPLETED,2025-12-22 12:17:41.465448
3522,66,8,4,4730.08,PENDING,2026-06-06 09:35:41.465448
3523,786,39,4,7378.12,COMPLETED,2025-11-15 03:26:41.465448
3524,163,74,4,790.88,COMPLETED,2026-02-09 11:02:41.465448
3525,527,139,4,4936.16,COMPLETED,2026-08-01 06:27:41.465448
3526,914,21,2,3932.22,PENDING,2026-01-03 07:55:41.465448
3527,332,157,5,3162.0,CANCELLED,2025-10-17 17:54:41.465448
3528,273,128,4,1661.56,CANCELLED,2026-03-22 04:09:41.465448
3529,78,149,1,1532.91,COMPLETED,2026-03-16 17:42:41.465448
3530,346,81,4,5445.6,PENDING,2026-06-03 14:39:41.465448
3531,722,65,4,6863.8,COMPLETED,2026-01-02 04:10:41.465448
3532,505,27,5,361.4,COMPLETED,2026-04-25 11:18:41.465448
3533,623,127,2,1105.68,PENDING,2026-04-24 14:29:41.465448
3534,662,88,5,1804.9,COMPLETED,2026-09-06 09:23:41.465448
3535,810,18,5,2869.8,COMPLETED,2025-10-19 06:35:41.465448
3536,920,99,2,1649.2,CANCELLED,2026-06-01 09:31:41.465448
3537,4,93,3,3079.8,PENDING,2026-08-20 11:27:41.465448
3538,248,192,3,3754.08,COMPLETED,2026-05-26 12:45:41.465448
3539,620,34,3,5916.03,CANCELLED,2026-01-03 17:05:41.465448
3540,831,22,3,1339.62,PENDING,2025-11-27 13:04:41.465448
3541,89,13,5,8370.4,COMPLETED,2026-02-26 11:44:41.465448
3542,950,57,4,4966.76,CANCELLED,2026-04-10 00:49:41.465448
3543,120,190,3,5350.17,COMPLETED,2025-12-05 16:45:41.465448
3544,786,70,4,6692.2,COMPLETED,2026-04-26 18:17:41.465448
3545,965,58,2,3218.48,COMPLETED,2026-05-23 06:07:41.465448
3546,494,135,1,475.62,COMPLETED,2026-03-16 09:20:41.465448
3547,332,79,2,632.2,PENDING,2025-09-27 23:38:41.465448
3548,723,26,2,3272.52,COMPLETED,2026-07-31 11:40:41.465448
3549,177,86,3,4263.75,COMPLETED,2026-09-02 11:13:41.465448
3550,413,134,5,8001.7,PENDING,2026-08-02 09:12:41.465448
3551,197,32,3,3811.02,COMPLETED,2025-10-15 03:37:41.465448
3552,447,127,5,2764.2,CANCELLED,2026-01-10 01:00:41.465448
3553,305,2,5,7590.4,COMPLETED,2025-11-02 14:00:41.465448
3554,414,54,4,1610.8,COMPLETED,2026-08-11 17:15:41.465448
3555,762,16,2,2198.26,COMPLETED,2026-01-23 03:55:41.465448
3556,128,158,4,3809.84,COMPLETED,2025-09-23 21:24:41.465448
3557,434,40,2,1845.24,COMPLETED,2026-06-25 14:02:41.465448
3558,781,164,4,7713.2,COMPLETED,2026-04-07 01:26:41.465448
3559,101,122,4,5171.04,COMPLETED,2026-01-05 06:06:41.465448
3560,380,98,5,8138.75,PENDING,2026-06-17 06:46:41.465448
3561,172,49,2,1966.42,COMPLETED,2026-06-10 05:53:41.465448
3562,820,20,2,2750.96,CANCELLED,2026-06-13 20:36:41.465448
3563,425,198,5,5114.2,PENDING,2026-01-06 18:57:41.465448
3564,440,93,5,5133.0,PENDING,2026-05-30 20:15:41.465448
3565,490,79,2,632.2,COMPLETED,2026-02-09 20:02:41.465448
3566,918,68,4,1828.04,CANCELLED,2026-02-27 23:40:41.465448
3567,1,91,3,5227.29,COMPLETED,2025-10-13 18:16:41.465448
3568,616,137,4,3770.0,CANCELLED,2025-12-11 18:27:41.465448
3569,881,34,3,5916.03,COMPLETED,2026-05-10 18:37:41.465448
3570,246,80,1,1305.42,COMPLETED,2026-06-30 21:55:41.465448
3571,377,5,1,260.2,PENDING,2025-11-02 00:50:41.465448
3572,185,164,2,3856.6,COMPLETED,2026-05-13 14:23:41.465448
3573,390,186,4,2032.36,COMPLETED,2026-03-18 17:46:41.465448
3574,94,163,3,3568.5,PENDING,2026-03-13 00:43:41.465448
3575,555,129,4,5529.32,CANCELLED,2026-03-31 00:44:41.465448
3576,134,16,3,3297.39,CANCELLED,2026-01-26 03:02:41.465448
3577,882,140,2,2932.9,PENDING,2026-01-23 04:15:41.465448
3578,798,39,1,1844.53,COMPLETED,2026-01-18 02:46:41.465448
3579,723,131,3,2897.34,CANCELLED,2026-02-02 00:04:41.465448
3580,160,42,5,8949.65,PENDING,2026-07-29 23:05:41.465448
3581,174,168,1,1267.72,COMPLETED,2026-03-21 17:59:41.465448
3582,404,145,3,1708.02,COMPLETED,2026-06-14 12:47:41.465448
3583,217,44,3,4920.9,PENDING,2025-12-05 20:02:41.465448
3584,59,132,2,317.76,COMPLETED,2026-07-04 18:22:41.465448
3585,317,39,1,1844.53,CANCELLED,2026-01-16 13:56:41.465448
3586,700,24,5,6751.5,COMPLETED,2026-07-10 18:51:41.465448
3587,931,71,2,3094.64,PENDING,2026-02-14 17:33:41.465448
3588,224,183,5,1896.3,COMPLETED,2026-02-15 01:36:41.465448
3589,707,155,2,2026.4,PENDING,2026-02-16 02:07:41.465448
3590,678,158,4,3809.84,CANCELLED,2026-03-02 20:16:41.465448
3591,318,159,2,1636.42,COMPLETED,2026-09-10 04:21:41.465448
3592,651,166,2,724.26,COMPLETED,2026-06-14 20:06:41.465448
3593,253,20,2,2750.96,PENDING,2025-12-02 09:28:41.465448
3594,814,156,1,551.03,COMPLETED,2026-01-21 07:53:41.465448
3595,343,136,1,56.53,COMPLETED,2026-07-23 05:06:41.465448
3596,314,148,5,2723.95,COMPLETED,2026-03-21 15:07:41.465448
3597,890,36,1,901.38,COMPLETED,2025-10-03 10:26:41.465448
3598,147,175,1,185.61,PENDING,2026-07-26 10:37:41.465448
3599,849,22,1,446.54,COMPLETED,2026-06-23 14:11:41.465448
3600,200,176,2,1208.2,COMPLETED,2025-11-29 11:20:41.465448
3601,756,31,2,1381.82,PENDING,2026-02-03 12:13:41.465448
3602,216,138,3,4494.15,COMPLETED,2026-07-27 10:14:41.465448
3603,196,127,2,1105.68,CANCELLED,2026-06-05 19:03:41.465448
3604,713,51,4,6969.12,CANCELLED,2026-08-23 06:25:41.465448
3605,627,151,5,1083.5,COMPLETED,2025-10-10 17:05:41.465448
3606,838,7,5,3265.8,COMPLETED,2026-07-11 01:01:41.465448
3607,101,85,3,2987.16,COMPLETED,2026-06-03 18:10:41.465448
3608,434,128,3,1246.17,CANCELLED,2026-03-13 02:43:41.465448
3609,793,180,4,244.52,COMPLETED,2026-06-30 23:15:41.465448
3610,65,18,1,573.96,COMPLETED,2025-12-28 09:18:41.465448
3611,403,9,5,1607.05,COMPLETED,2026-06-17 19:41:41.465448
3612,851,135,5,2378.1,CANCELLED,2026-08-09 02:03:41.465448
3613,991,135,4,1902.48,PENDING,2025-12-31 16:29:41.465448
3614,187,19,4,2102.72,CANCELLED,2025-12-05 16:34:41.465448
3615,582,113,2,3974.42,CANCELLED,2026-03-30 03:24:41.465448
3616,679,144,3,1488.3,PENDING,2026-09-11 21:41:41.465448
3617,607,163,2,2379.0,COMPLETED,2025-10-13 15:50:41.465448
3618,664,122,5,6463.8,COMPLETED,2026-01-21 03:30:41.465448
3619,281,41,4,4838.52,PENDING,2026-05-27 10:49:41.465448
3620,462,168,3,3803.16,COMPLETED,2025-12-09 06:09:41.465448
3621,165,179,2,1216.48,COMPLETED,2026-08-09 08:57:41.465448
3622,229,176,4,2416.4,PENDING,2026-05-12 17:48:41.465448
3623,498,87,2,1201.92,CANCELLED,2026-08-27 23:53:41.465448
3624,226,61,5,7354.8,COMPLETED,2025-10-18 00:10:41.465448
3625,87,183,2,758.52,CANCELLED,2026-01-16 01:01:41.465448
3626,319,54,2,805.4,CANCELLED,2026-02-12 04:06:41.465448
3627,553,146,3,3200.88,COMPLETED,2026-03-18 06:00:41.465448
3628,426,158,2,1904.92,CANCELLED,2026-08-21 03:53:41.465448
3629,557,64,2,1717.38,COMPLETED,2026-06-24 00:26:41.465448
3630,468,43,5,9662.9,COMPLETED,2025-12-12 08:36:41.465448
3631,746,45,2,1474.78,COMPLETED,2026-01-27 19:09:41.465448
3632,77,167,5,3620.8,CANCELLED,2026-03-16 06:19:41.465448
3633,69,180,1,61.13,COMPLETED,2026-05-20 07:59:41.465448
3634,713,97,1,1785.95,COMPLETED,2026-03-21 09:14:41.465448
3635,313,127,5,2764.2,COMPLETED,2025-12-28 01:48:41.465448
3636,855,89,1,1378.63,COMPLETED,2026-06-10 03:04:41.465448
3637,379,58,3,4827.72,CANCELLED,2025-12-27 00:24:41.465448
3638,611,183,1,379.26,COMPLETED,2026-05-21 10:38:41.465448
3639,338,8,1,1182.52,PENDING,2026-08-23 15:47:41.465448
3640,897,147,3,5954.94,COMPLETED,2026-08-19 20:14:41.465448
3641,617,187,3,2525.01,COMPLETED,2026-06-07 20:45:41.465448
3642,412,49,1,983.21,COMPLETED,2025-12-19 16:11:41.465448
3643,430,22,1,446.54,PENDING,2026-03-09 17:52:41.465448
3644,671,124,2,2804.32,PENDING,2026-05-31 16:29:41.465448
3645,373,46,1,11.38,COMPLETED,2026-02-17 04:15:41.465448
3646,606,135,2,951.24,CANCELLED,2026-05-24 08:41:41.465448
3647,810,108,4,166.12,COMPLETED,2026-02-06 03:52:41.465448
3648,545,156,2,1102.06,CANCELLED,2026-04-28 20:28:41.465448
3649,537,165,1,1426.89,CANCELLED,2026-05-21 20:09:41.465448
3650,147,175,4,742.44,CANCELLED,2026-06-14 12:58:41.465448
3651,375,185,4,3006.96,COMPLETED,2025-10-04 12:51:41.465448
3652,812,100,2,268.08,COMPLETED,2026-05-28 13:50:41.465448
3653,529,189,5,1930.2,COMPLETED,2025-09-22 20:16:41.465448
3654,674,62,4,7664.84,COMPLETED,2026-06-08 01:50:41.465448
3655,96,65,2,3431.9,CANCELLED,2026-01-29 19:12:41.465448
3656,685,51,4,6969.12,COMPLETED,2026-06-28 06:06:41.465448
3657,490,81,2,2722.8,COMPLETED,2026-06-16 04:32:41.465448
3658,630,111,4,3026.48,COMPLETED,2025-11-03 08:44:41.465448
3659,649,128,1,415.39,CANCELLED,2026-01-27 02:52:41.465448
3660,337,3,2,2186.92,COMPLETED,2026-07-08 14:19:41.465448
3661,455,174,2,1917.1,CANCELLED,2025-11-20 13:19:41.465448
3662,90,197,4,4267.68,COMPLETED,2026-07-02 07:32:41.465448
3663,958,84,1,1850.72,PENDING,2026-03-26 17:47:41.465448
3664,752,46,4,45.52,COMPLETED,2025-10-28 16:14:41.465448
3665,755,182,1,1019.12,CANCELLED,2026-02-04 12:35:41.465448
3666,652,76,3,1106.73,COMPLETED,2025-12-24 11:26:41.465448
3667,254,43,2,3865.16,COMPLETED,2026-04-07 16:17:41.465448
3668,519,140,5,7332.25,COMPLETED,2026-02-07 04:44:41.465448
3669,750,42,1,1789.93,COMPLETED,2026-01-06 07:06:41.465448
3670,240,195,5,8245.65,COMPLETED,2025-12-17 09:02:41.465448
3671,428,52,4,4477.88,PENDING,2025-11-25 14:16:41.465448
3672,788,69,3,5201.46,COMPLETED,2026-04-23 06:58:41.465448
3673,547,131,3,2897.34,COMPLETED,2026-05-21 19:50:41.465448
3674,542,184,5,1254.15,COMPLETED,2026-01-13 18:47:41.465448
3675,546,172,1,131.66,COMPLETED,2026-01-06 00:50:41.465448
3676,675,179,1,608.24,COMPLETED,2026-04-11 07:16:41.465448
3677,754,183,5,1896.3,COMPLETED,2026-03-18 01:35:41.465448
3678,115,172,2,263.32,CANCELLED,2026-05-28 17:37:41.465448
3679,339,141,4,647.96,COMPLETED,2025-09-25 03:10:41.465448
3680,347,153,3,460.17,COMPLETED,2026-02-18 20:09:41.465448
3681,527,181,1,485.53,COMPLETED,2025-12-18 10:12:41.465448
3682,22,161,5,9505.6,COMPLETED,2026-09-07 15:51:41.465448
3683,317,8,1,1182.52,COMPLETED,2026-08-24 23:56:41.465448
3684,877,41,2,2419.26,COMPLETED,2026-09-07 00:15:41.465448
3685,758,35,4,2446.16,COMPLETED,2026-08-02 06:11:41.465448
3686,629,96,5,1463.5,COMPLETED,2026-08-25 17:37:41.465448
3687,124,118,3,4653.57,COMPLETED,2026-03-04 23:26:41.465448
3688,367,88,1,360.98,COMPLETED,2025-10-28 15:00:41.465448
3689,812,66,2,932.7,CANCELLED,2025-11-29 22:54:41.465448
3690,704,54,2,805.4,PENDING,2026-01-06 11:11:41.465448
3691,317,68,4,1828.04,COMPLETED,2026-03-09 02:47:41.465448
3692,964,108,2,83.06,COMPLETED,2026-07-18 00:39:41.465448
3693,257,61,2,2941.92,CANCELLED,2026-02-20 09:50:41.465448
3694,799,154,2,2205.34,COMPLETED,2026-06-04 21:18:41.465448
3695,196,50,5,4798.05,COMPLETED,2026-05-20 06:57:41.465448
3696,935,174,3,2875.65,COMPLETED,2026-04-22 14:36:41.465448
3697,383,115,4,7396.4,COMPLETED,2026-08-07 03:30:41.465448
3698,424,127,4,2211.36,COMPLETED,2026-06-20 23:21:41.465448
3699,568,27,2,144.56,COMPLETED,2025-10-01 11:46:41.465448
3700,736,42,1,1789.93,COMPLETED,2026-05-07 14:08:41.465448
3701,471,59,3,3642.75,COMPLETED,2026-08-28 22:51:41.465448
3702,202,101,5,9603.5,COMPLETED,2026-05-08 16:18:41.465448
3703,232,114,2,975.72,PENDING,2026-05-04 06:02:41.465448
3704,337,106,5,6221.8,COMPLETED,2026-03-05 13:03:41.465448
3705,83,81,3,4084.2,CANCELLED,2026-05-16 16:30:41.465448
3706,943,41,2,2419.26,CANCELLED,2026-04-16 01:45:41.465448
3707,228,168,5,6338.6,COMPLETED,2026-07-20 15:13:41.465448
3708,393,69,2,3467.64,COMPLETED,2026-01-14 13:04:41.465448
3709,430,66,4,1865.4,COMPLETED,2026-01-26 10:19:41.465448
3710,734,74,3,593.16,COMPLETED,2026-01-31 07:56:41.465448
3711,818,117,2,1015.92,COMPLETED,2026-06-29 13:02:41.465448
3712,960,97,3,5357.85,COMPLETED,2026-06-16 14:36:41.465448
3713,660,168,3,3803.16,CANCELLED,2026-07-22 19:10:41.465448
3714,245,76,2,737.82,COMPLETED,2026-03-18 18:36:41.465448
3715,147,28,4,7428.8,COMPLETED,2026-04-07 17:57:41.465448
3716,252,105,5,8539.75,CANCELLED,2026-03-09 17:02:41.465448
3717,170,62,2,3832.42,CANCELLED,2026-05-14 16:10:41.465448
3718,472,123,1,1800.64,CANCELLED,2026-06-08 23:40:41.465448
3719,805,130,1,1916.91,COMPLETED,2026-06-15 04:02:41.465448
3720,646,108,2,83.06,CANCELLED,2025-10-07 18:51:41.465448
3721,812,65,2,3431.9,CANCELLED,2026-08-22 10:41:41.465448
3722,570,100,4,536.16,COMPLETED,2025-11-23 16:16:41.465448
3723,631,95,5,8579.7,PENDING,2026-03-13 12:29:41.465448
3724,826,168,1,1267.72,COMPLETED,2026-06-22 23:12:41.465448
3725,515,188,3,337.68,PENDING,2026-08-31 01:50:41.465448
3726,926,110,1,1999.92,COMPLETED,2026-07-15 12:57:41.465448
3727,894,64,3,2576.07,COMPLETED,2026-06-07 00:02:41.465448
3728,976,75,4,4959.6,COMPLETED,2026-06-28 23:16:41.465448
3729,536,169,5,9226.7,PENDING,2026-04-03 16:52:41.465448
3730,645,93,2,2053.2,PENDING,2026-04-16 12:37:41.465448
3731,505,66,3,1399.05,CANCELLED,2026-05-31 07:13:41.465448
3732,875,35,5,3057.7,PENDING,2026-01-29 16:46:41.465448
3733,133,25,1,1531.11,PENDING,2026-01-28 04:05:41.465448
3734,579,59,4,4857.0,PENDING,2026-07-21 15:16:41.465448
3735,945,175,3,556.83,PENDING,2026-01-03 20:37:41.465448
3736,381,171,4,1578.04,COMPLETED,2026-01-29 02:55:41.465448
3737,524,56,3,5289.66,COMPLETED,2026-06-18 09:10:41.465448
3738,944,117,2,1015.92,COMPLETED,2026-02-22 10:32:41.465448
3739,717,167,2,1448.32,PENDING,2026-03-31 05:53:41.465448
3740,816,72,3,1006.74,CANCELLED,2026-08-22 07:41:41.465448
3741,981,8,2,2365.04,COMPLETED,2026-05-21 12:21:41.465448
3742,517,188,5,562.8,COMPLETED,2025-09-29 20:57:41.465448
3743,189,62,2,3832.42,COMPLETED,2025-11-19 05:17:41.465448
3744,888,100,1,134.04,PENDING,2026-02-23 10:24:41.465448
3745,969,187,5,4208.35,COMPLETED,2025-10-03 19:36:41.465448
3746,174,145,5,2846.7,PENDING,2025-12-17 13:05:41.465448
3747,909,133,5,5797.8,COMPLETED,2026-05-04 02:21:41.465448
3748,730,66,3,1399.05,PENDING,2025-10-07 02:25:41.465448
3749,705,101,2,3841.4,COMPLETED,2026-03-15 21:15:41.465448
3750,435,145,2,1138.68,CANCELLED,2025-11-15 21:20:41.465448
3751,467,190,2,3566.78,COMPLETED,2026-06-15 13:36:41.465448
3752,34,44,5,8201.5,COMPLETED,2026-05-14 08:26:41.465448
3753,153,114,2,975.72,PENDING,2026-04-08 00:51:41.465448
3754,217,70,4,6692.2,COMPLETED,2026-02-24 04:29:41.465448
3755,304,93,5,5133.0,CANCELLED,2026-08-09 14:21:41.465448
3756,117,147,1,1984.98,PENDING,2025-12-22 00:01:41.465448
3757,407,82,1,1714.57,COMPLETED,2025-11-17 08:38:41.465448
3758,645,149,1,1532.91,PENDING,2026-03-23 21:14:41.465448
3759,113,74,5,988.6,PENDING,2025-12-07 21:08:41.465448
3760,85,58,1,1609.24,CANCELLED,2025-10-06 23:41:41.465448
3761,797,32,1,1270.34,CANCELLED,2026-08-14 20:56:41.465448
3762,791,33,5,2749.05,COMPLETED,2026-08-15 14:14:41.465448
3763,41,115,1,1849.1,COMPLETED,2026-07-26 20:19:41.465448
3764,477,80,5,6527.1,PENDING,2025-11-07 00:36:41.465448
3765,836,142,5,2279.4,CANCELLED,2025-09-23 18:14:41.465448
3766,908,9,5,1607.05,COMPLETED,2025-11-07 20:48:41.465448
3767,505,42,5,8949.65,COMPLETED,2026-04-19 21:44:41.465448
3768,13,155,3,3039.6,COMPLETED,2026-08-29 23:16:41.465448
3769,545,163,4,4758.0,COMPLETED,2025-12-23 10:22:41.465448
3770,193,92,3,1030.62,CANCELLED,2026-05-19 21:03:41.465448
3771,332,25,3,4593.33,COMPLETED,2026-02-14 01:35:41.465448
3772,397,177,2,736.92,COMPLETED,2025-10-06 04:32:41.465448
3773,233,66,2,932.7,COMPLETED,2026-06-13 10:13:41.465448
3774,61,104,5,1194.85,PENDING,2026-06-17 17:58:41.465448
3775,767,92,1,343.54,COMPLETED,2026-07-26 23:20:41.465448
3776,996,173,4,5072.28,COMPLETED,2026-05-29 02:47:41.465448
3777,332,144,3,1488.3,COMPLETED,2026-02-08 23:02:41.465448
3778,268,130,5,9584.55,COMPLETED,2025-12-05 10:20:41.465448
3779,833,145,1,569.34,PENDING,2025-11-13 14:56:41.465448
3780,114,8,4,4730.08,COMPLETED,2026-01-18 17:28:41.465448
3781,882,47,2,582.04,CANCELLED,2026-01-13 08:06:41.465448
3782,431,61,3,4412.88,CANCELLED,2026-07-14 00:12:41.465448
3783,82,21,4,7864.44,PENDING,2026-08-25 04:48:41.465448
3784,858,7,1,653.16,COMPLETED,2025-12-04 14:03:41.465448
3785,680,57,3,3725.07,COMPLETED,2026-01-18 12:01:41.465448
3786,357,104,5,1194.85,COMPLETED,2026-07-23 05:23:41.465448
3787,149,47,4,1164.08,COMPLETED,2026-05-26 08:12:41.465448
3788,926,60,4,7507.2,COMPLETED,2025-12-04 08:58:41.465448
3789,747,19,3,1577.04,CANCELLED,2025-12-18 03:07:41.465448
3790,476,83,1,884.86,COMPLETED,2025-10-04 21:03:41.465448
3791,482,197,4,4267.68,COMPLETED,2026-08-04 09:31:41.465448
3792,688,92,5,1717.7,COMPLETED,2026-03-09 03:45:41.465448
3793,258,18,2,1147.92,CANCELLED,2025-10-16 11:45:41.465448
3794,835,105,1,1707.95,PENDING,2025-09-17 11:48:41.465448
3795,453,187,4,3366.68,PENDING,2025-11-26 17:19:41.465448
3796,94,191,5,3906.3,COMPLETED,2026-05-14 16:38:41.465448
3797,264,187,4,3366.68,COMPLETED,2026-04-04 17:51:41.465448
3798,690,63,5,8238.3,COMPLETED,2026-07-23 11:47:41.465448
3799,640,184,3,752.49,COMPLETED,2026-04-17 06:02:41.465448
3800,365,129,1,1382.33,COMPLETED,2026-08-27 15:04:41.465448
3801,804,107,1,1575.39,PENDING,2025-09-14 02:23:41.465448
3802,179,84,2,3701.44,CANCELLED,2026-02-10 18:53:41.465448
3803,404,131,1,965.78,CANCELLED,2026-06-05 05:46:41.465448
3804,894,34,2,3944.02,COMPLETED,2026-08-18 00:09:41.465448
3805,338,146,1,1066.96,PENDING,2026-06-09 17:37:41.465448
3806,913,50,2,1919.22,CANCELLED,2025-10-21 12:21:41.465448
3807,579,53,1,1409.28,COMPLETED,2026-03-30 21:30:41.465448
3808,167,187,2,1683.34,COMPLETED,2026-04-20 05:39:41.465448
3809,716,82,2,3429.14,COMPLETED,2026-03-06 19:08:41.465448
3810,637,48,5,7182.4,COMPLETED,2025-12-13 23:08:41.465448
3811,984,104,5,1194.85,PENDING,2026-09-03 00:42:41.465448
3812,202,175,4,742.44,CANCELLED,2026-01-09 13:56:41.465448
3813,180,139,1,1234.04,COMPLETED,2026-03-10 12:01:41.465448
3814,196,96,2,585.4,COMPLETED,2025-11-01 20:47:41.465448
3815,443,147,1,1984.98,COMPLETED,2026-08-28 10:08:41.465448
3816,385,8,3,3547.56,COMPLETED,2026-03-14 04:05:41.465448
3817,503,7,2,1306.32,COMPLETED,2025-10-01 02:29:41.465448
3818,283,144,1,496.1,PENDING,2026-03-01 07:30:41.465448
3819,79,97,4,7143.8,PENDING,2026-04-08 12:43:41.465448
3820,879,2,2,3036.16,COMPLETED,2026-03-07 02:38:41.465448
3821,97,102,3,1317.09,COMPLETED,2026-03-02 10:36:41.465448
3822,954,89,2,2757.26,COMPLETED,2026-06-16 14:01:41.465448
3823,338,113,4,7948.84,CANCELLED,2026-03-30 07:17:41.465448
3824,854,133,2,2319.12,PENDING,2026-04-06 20:45:41.465448
3825,657,162,1,1243.83,COMPLETED,2026-01-23 20:51:41.465448
3826,436,43,4,7730.32,COMPLETED,2026-07-29 04:06:41.465448
3827,817,29,3,5967.96,COMPLETED,2026-02-12 07:17:41.465448
3828,329,1,4,6272.32,COMPLETED,2025-12-30 08:57:41.465448
3829,786,67,4,6067.96,COMPLETED,2025-10-28 03:31:41.465448
3830,658,47,4,1164.08,COMPLETED,2025-12-18 14:37:41.465448
3831,896,149,3,4598.73,PENDING,2026-03-31 20:59:41.465448
3832,330,74,5,988.6,COMPLETED,2025-09-19 12:23:41.465448
3833,386,90,3,420.66,COMPLETED,2026-05-10 15:21:41.465448
3834,499,49,1,983.21,CANCELLED,2026-06-26 18:32:41.465448
3835,907,175,5,928.05,COMPLETED,2026-04-27 20:09:41.465448
3836,329,195,5,8245.65,PENDING,2026-01-09 10:19:41.465448
3837,599,2,3,4554.24,COMPLETED,2025-11-01 18:18:41.465448
3838,237,55,2,2379.94,PENDING,2026-01-09 16:57:41.465448
3839,725,117,3,1523.88,CANCELLED,2026-07-15 11:18:41.465448
3840,51,21,4,7864.44,COMPLETED,2026-05-29 18:40:41.465448
3841,327,136,4,226.12,COMPLETED,2025-11-23 00:15:41.465448
3842,324,3,2,2186.92,PENDING,2025-09-15 06:06:41.465448
3843,736,35,4,2446.16,PENDING,2026-04-09 14:55:41.465448
3844,870,135,1,475.62,COMPLETED,2026-02-13 04:25:41.465448
3845,831,101,1,1920.7,COMPLETED,2026-04-16 00:27:41.465448
3846,513,35,2,1223.08,CANCELLED,2026-02-01 02:17:41.465448
3847,734,27,2,144.56,COMPLETED,2026-04-24 09:48:41.465448
3848,747,83,5,4424.3,COMPLETED,2026-05-06 03:52:41.465448
3849,622,64,4,3434.76,CANCELLED,2026-08-01 01:10:41.465448
3850,105,37,5,7333.9,COMPLETED,2026-01-06 00:10:41.465448
3851,162,120,3,4532.1,COMPLETED,2025-09-21 04:47:41.465448
3852,48,136,5,282.65,COMPLETED,2026-01-28 09:03:41.465448
3853,239,8,2,2365.04,PENDING,2026-08-26 17:05:41.465448
3854,179,80,3,3916.26,CANCELLED,2026-03-22 07:05:41.465448
3855,534,15,3,3606.96,COMPLETED,2026-03-26 04:36:41.465448
3856,787,28,4,7428.8,COMPLETED,2026-06-27 15:47:41.465448
3857,149,97,1,1785.95,COMPLETED,2026-01-19 00:50:41.465448
3858,925,94,4,7663.92,PENDING,2026-03-18 22:01:41.465448
3859,632,52,2,2238.94,COMPLETED,2025-09-13 17:45:41.465448
3860,687,195,1,1649.13,COMPLETED,2026-03-11 09:56:41.465448
3861,365,97,3,5357.85,COMPLETED,2026-07-15 21:19:41.465448
3862,46,124,3,4206.48,PENDING,2025-11-21 08:31:41.465448
3863,279,34,2,3944.02,PENDING,2025-10-15 05:58:41.465448
3864,216,49,4,3932.84,COMPLETED,2025-09-25 03:08:41.465448
3865,975,153,5,766.95,COMPLETED,2026-01-24 21:36:41.465448
3866,927,194,3,5171.28,COMPLETED,2026-05-11 18:25:41.465448
3867,645,81,2,2722.8,CANCELLED,2026-04-11 15:45:41.465448
3868,952,120,5,7553.5,PENDING,2025-10-24 01:24:41.465448
3869,313,45,3,2212.17,CANCELLED,2026-03-27 00:28:41.465448
3870,882,120,4,6042.8,COMPLETED,2025-10-29 08:10:41.465448
3871,47,124,4,5608.64,CANCELLED,2026-01-09 08:18:41.465448
3872,820,200,5,5390.7,COMPLETED,2025-11-14 01:15:41.465448
3873,814,77,2,2876.2,COMPLETED,2025-09-13 21:54:41.465448
3874,589,82,1,1714.57,COMPLETED,2026-05-13 02:20:41.465448
3875,398,169,1,1845.34,PENDING,2026-05-08 13:48:41.465448
3876,112,18,4,2295.84,PENDING,2026-07-25 00:09:41.465448
3877,689,197,5,5334.6,COMPLETED,2025-09-18 06:37:41.465448
3878,482,194,3,5171.28,COMPLETED,2025-11-01 23:27:41.465448
3879,594,13,4,6696.32,COMPLETED,2025-11-23 23:16:41.465448
3880,818,141,4,647.96,COMPLETED,2025-11-03 17:08:41.465448
3881,332,82,3,5143.71,COMPLETED,2026-01-15 23:01:41.465448
3882,727,8,5,5912.6,COMPLETED,2026-07-31 12:32:41.465448
3883,684,21,3,5898.33,PENDING,2025-09-29 11:06:41.465448
3884,904,91,5,8712.15,PENDING,2025-10-24 06:14:41.465448
3885,491,84,4,7402.88,CANCELLED,2025-10-07 18:36:41.465448
3886,977,48,2,2872.96,PENDING,2026-07-01 07:54:41.465448
3887,247,38,4,5322.4,PENDING,2026-05-11 13:26:41.465448
3888,591,40,1,922.62,COMPLETED,2026-07-22 03:40:41.465448
3889,365,81,5,6807.0,COMPLETED,2026-08-29 03:13:41.465448
3890,877,51,3,5226.84,COMPLETED,2026-08-15 14:52:41.465448
3891,167,89,4,5514.52,COMPLETED,2026-04-26 06:59:41.465448
3892,92,150,2,2596.6,COMPLETED,2026-08-19 01:57:41.465448
3893,108,116,1,1169.61,COMPLETED,2026-06-19 10:38:41.465448
3894,72,152,4,2338.52,COMPLETED,2025-12-06 02:03:41.465448
3895,434,72,1,335.58,PENDING,2026-01-14 05:47:41.465448
3896,943,39,4,7378.12,PENDING,2026-07-12 22:11:41.465448
3897,738,171,5,1972.55,COMPLETED,2026-05-17 01:45:41.465448
3898,34,13,1,1674.08,PENDING,2026-08-28 01:27:41.465448
3899,606,39,5,9222.65,COMPLETED,2025-10-17 23:29:41.465448
3900,615,22,2,893.08,CANCELLED,2026-01-27 00:29:41.465448
3901,981,177,3,1105.38,COMPLETED,2026-07-29 00:59:41.465448
3902,69,51,4,6969.12,COMPLETED,2026-06-17 22:01:41.465448
3903,10,130,3,5750.73,COMPLETED,2025-10-23 02:31:41.465448
3904,723,181,5,2427.65,COMPLETED,2025-12-04 02:27:41.465448
3905,726,100,5,670.2,COMPLETED,2025-09-30 17:10:41.465448
3906,909,59,1,1214.25,COMPLETED,2025-10-27 23:03:41.465448
3907,765,194,1,1723.76,CANCELLED,2026-04-14 02:40:41.465448
3908,936,159,4,3272.84,COMPLETED,2025-10-16 11:42:41.465448
3909,174,40,1,922.62,COMPLETED,2025-10-07 18:44:41.465448
3910,769,6,1,813.51,COMPLETED,2026-07-17 19:28:41.465448
3911,599,187,3,2525.01,CANCELLED,2026-03-22 12:25:41.465448
3912,733,67,5,7584.95,COMPLETED,2026-07-25 07:11:41.465448
3913,794,99,1,824.6,PENDING,2026-07-27 13:33:41.465448
3914,636,152,2,1169.26,COMPLETED,2026-07-19 08:29:41.465448
3915,58,15,1,1202.32,CANCELLED,2025-11-30 11:45:41.465448
3916,230,149,1,1532.91,COMPLETED,2026-08-30 20:44:41.465448
3917,315,162,3,3731.49,COMPLETED,2026-04-20 07:36:41.465448
3918,194,129,3,4146.99,CANCELLED,2026-06-28 08:57:41.465448
3919,898,136,2,113.06,COMPLETED,2026-06-28 17:27:41.465448
3920,490,76,2,737.82,COMPLETED,2026-04-18 07:52:41.465448
3921,849,121,4,4737.64,COMPLETED,2026-04-26 12:00:41.465448
3922,964,43,3,5797.74,COMPLETED,2025-10-23 17:39:41.465448
3923,968,111,2,1513.24,COMPLETED,2026-05-16 23:35:41.465448
3924,671,118,5,7755.95,COMPLETED,2026-06-18 03:00:41.465448
3925,461,72,3,1006.74,CANCELLED,2025-09-19 20:05:41.465448
3926,991,190,2,3566.78,CANCELLED,2026-06-30 21:47:41.465448
3927,180,120,5,7553.5,PENDING,2026-03-17 11:17:41.465448
3928,283,133,5,5797.8,CANCELLED,2025-10-02 13:20:41.465448
3929,983,144,5,2480.5,PENDING,2026-08-06 09:49:41.465448
3930,872,81,2,2722.8,PENDING,2026-01-02 10:17:41.465448
3931,100,170,2,2021.42,CANCELLED,2025-09-23 21:58:41.465448
3932,586,136,5,282.65,COMPLETED,2026-08-22 00:03:41.465448
3933,121,83,1,884.86,COMPLETED,2026-04-16 06:06:41.465448
3934,770,155,4,4052.8,COMPLETED,2026-05-22 09:07:41.465448
3935,495,22,3,1339.62,PENDING,2025-10-29 16:09:41.465448
3936,281,46,3,34.14,CANCELLED,2025-12-22 21:16:41.465448
3937,7,151,2,433.4,COMPLETED,2026-05-01 12:02:41.465448
3938,592,169,2,3690.68,COMPLETED,2026-09-02 21:56:41.465448
3939,351,160,3,4516.74,PENDING,2025-12-23 04:09:41.465448
3940,631,71,5,7736.6,CANCELLED,2026-09-09 22:55:41.465448
3941,865,149,2,3065.82,CANCELLED,2026-01-24 18:06:41.465448
3942,717,120,3,4532.1,COMPLETED,2026-05-28 09:14:41.465448
3943,797,151,2,433.4,COMPLETED,2025-12-06 11:57:41.465448
3944,918,185,2,1503.48,COMPLETED,2026-05-15 14:41:41.465448
3945,306,141,4,647.96,COMPLETED,2026-05-29 03:02:41.465448
3946,140,59,1,1214.25,PENDING,2025-09-25 04:37:41.465448
3947,566,75,2,2479.8,COMPLETED,2026-09-07 11:47:41.465448
3948,494,66,5,2331.75,COMPLETED,2026-04-02 08:48:41.465448
3949,409,19,5,2628.4,CANCELLED,2026-08-24 07:16:41.465448
3950,202,115,1,1849.1,PENDING,2026-04-25 15:04:41.465448
3951,915,148,5,2723.95,COMPLETED,2025-11-16 13:50:41.465448
3952,537,106,2,2488.72,PENDING,2026-07-22 19:46:41.465448
3953,11,57,4,4966.76,COMPLETED,2026-02-18 16:49:41.465448
3954,742,103,3,5373.78,COMPLETED,2026-02-03 09:52:41.465448
3955,804,127,2,1105.68,PENDING,2026-03-15 22:46:41.465448
3956,817,174,2,1917.1,PENDING,2026-02-02 18:51:41.465448
3957,756,150,3,3894.9,COMPLETED,2026-03-13 01:06:41.465448
3958,845,169,4,7381.36,COMPLETED,2026-04-07 03:12:41.465448
3959,831,160,4,6022.32,COMPLETED,2026-08-24 04:55:41.465448
3960,828,166,2,724.26,COMPLETED,2026-03-22 02:39:41.465448
3961,509,180,2,122.26,COMPLETED,2025-12-05 09:56:41.465448
3962,780,27,2,144.56,COMPLETED,2026-03-14 03:42:41.465448
3963,206,56,5,8816.1,COMPLETED,2025-12-14 15:12:41.465448
3964,343,109,3,2945.58,COMPLETED,2025-12-11 14:14:41.465448
3965,126,99,3,2473.8,PENDING,2026-01-02 20:01:41.465448
3966,249,110,3,5999.76,COMPLETED,2026-04-27 01:06:41.465448
3967,951,158,1,952.46,COMPLETED,2025-10-26 22:35:41.465448
3968,906,117,5,2539.8,COMPLETED,2025-09-12 21:42:41.465448
3969,697,181,5,2427.65,CANCELLED,2026-01-27 05:16:41.465448
3970,810,24,1,1350.3,COMPLETED,2026-03-29 21:15:41.465448
3971,826,37,5,7333.9,CANCELLED,2026-04-02 09:46:41.465448
3972,521,200,3,3234.42,COMPLETED,2026-04-26 05:07:41.465448
3973,973,124,2,2804.32,CANCELLED,2026-01-16 09:53:41.465448
3974,627,58,4,6436.96,CANCELLED,2026-04-23 19:05:41.465448
3975,235,13,4,6696.32,COMPLETED,2025-12-26 05:35:41.465448
3976,822,171,2,789.02,COMPLETED,2026-03-26 17:36:41.465448
3977,843,20,1,1375.48,COMPLETED,2026-05-14 22:38:41.465448
3978,673,24,5,6751.5,CANCELLED,2026-07-12 03:22:41.465448
3979,476,33,2,1099.62,COMPLETED,2026-06-07 16:54:41.465448
3980,120,77,1,1438.1,COMPLETED,2026-04-25 09:02:41.465448
3981,254,40,1,922.62,PENDING,2026-03-12 00:12:41.465448
3982,831,111,3,2269.86,COMPLETED,2025-11-01 06:55:41.465448
3983,146,18,2,1147.92,COMPLETED,2025-10-06 01:30:41.465448
3984,273,144,2,992.2,COMPLETED,2026-04-18 07:36:41.465448
3985,36,28,2,3714.4,CANCELLED,2026-09-02 00:52:41.465448
3986,314,2,4,6072.32,COMPLETED,2025-11-15 20:09:41.465448
3987,33,37,5,7333.9,CANCELLED,2026-06-30 15:00:41.465448
3988,496,119,5,3528.8,COMPLETED,2025-11-13 22:47:41.465448
3989,528,120,2,3021.4,COMPLETED,2025-09-26 19:04:41.465448
3990,255,76,4,1475.64,PENDING,2025-12-24 21:23:41.465448
3991,381,29,2,3978.64,COMPLETED,2026-06-15 14:59:41.465448
3992,954,45,4,2949.56,COMPLETED,2026-03-19 05:34:41.465448
3993,117,7,5,3265.8,COMPLETED,2026-04-22 08:15:41.465448
3994,632,146,3,3200.88,CANCELLED,2026-01-12 17:29:41.465448
3995,287,189,1,386.04,CANCELLED,2025-11-07 16:43:41.465448
3996,984,116,4,4678.44,COMPLETED,2026-04-22 04:11:41.465448
3997,460,182,5,5095.6,COMPLETED,2026-03-21 15:05:41.465448
3998,634,168,2,2535.44,CANCELLED,2026-04-30 12:41:41.465448
3999,862,141,4,647.96,CANCELLED,2026-06-27 09:52:41.465448
4000,852,91,1,1742.43,PENDING,2026-07-28 15:24:41.465448
4001,472,172,1,131.66,PENDING,2026-04-05 08:04:41.465448
4002,950,184,2,501.66,PENDING,2025-10-09 12:54:41.465448
4003,344,76,3,1106.73,COMPLETED,2025-12-26 10:34:41.465448
4004,345,101,4,7682.8,PENDING,2025-10-13 12:32:41.465448
4005,706,55,4,4759.88,COMPLETED,2026-06-25 03:34:41.465448
4006,608,73,1,856.75,CANCELLED,2025-10-09 19:58:41.465448
4007,211,11,5,2348.25,COMPLETED,2026-04-25 13:14:41.465448
4008,934,194,4,6895.04,PENDING,2026-06-03 19:55:41.465448
4009,682,117,5,2539.8,COMPLETED,2026-05-13 12:49:41.465448
4010,385,66,2,932.7,PENDING,2026-03-08 19:21:41.465448
4011,503,48,3,4309.44,CANCELLED,2025-10-19 19:17:41.465448
4012,487,160,4,6022.32,CANCELLED,2026-07-31 10:33:41.465448
4013,298,107,3,4726.17,CANCELLED,2026-04-29 00:35:41.465448
4014,327,7,4,2612.64,CANCELLED,2026-01-01 04:21:41.465448
4015,25,28,4,7428.8,COMPLETED,2026-07-05 02:26:41.465448
4016,824,142,5,2279.4,COMPLETED,2026-03-19 22:19:41.465448
4017,733,100,1,134.04,COMPLETED,2026-04-07 12:32:41.465448
4018,841,49,2,1966.42,COMPLETED,2026-08-22 14:31:41.465448
4019,1000,79,5,1580.5,PENDING,2026-08-10 09:48:41.465448
4020,860,90,4,560.88,COMPLETED,2026-08-20 23:28:41.465448
4021,775,199,1,518.67,COMPLETED,2025-12-21 02:46:41.465448
4022,440,189,5,1930.2,PENDING,2025-10-03 14:50:41.465448
4023,494,175,3,556.83,COMPLETED,2026-07-15 11:47:41.465448
4024,766,193,4,4160.84,PENDING,2025-11-25 00:48:41.465448
4025,590,74,2,395.44,PENDING,2025-10-03 20:55:41.465448
4026,173,73,2,1713.5,COMPLETED,2026-07-24 01:08:41.465448
4027,316,94,3,5747.94,PENDING,2026-07-08 21:11:41.465448
4028,371,16,2,2198.26,CANCELLED,2026-02-11 09:40:41.465448
4029,727,69,2,3467.64,COMPLETED,2026-07-14 06:00:41.465448
4030,905,9,2,642.82,PENDING,2026-01-07 08:46:41.465448
4031,768,134,3,4801.02,PENDING,2025-11-06 15:21:41.465448
4032,948,43,2,3865.16,COMPLETED,2026-08-09 13:55:41.465448
4033,733,145,3,1708.02,COMPLETED,2026-01-06 13:17:41.465448
4034,428,4,3,2714.22,PENDING,2026-04-07 18:32:41.465448
4035,459,70,4,6692.2,COMPLETED,2025-10-16 08:22:41.465448
4036,295,85,4,3982.88,COMPLETED,2026-01-18 05:47:41.465448
4037,824,36,5,4506.9,PENDING,2026-01-09 13:14:41.465448
4038,169,9,2,642.82,COMPLETED,2026-09-07 06:35:41.465448
4039,507,191,4,3125.04,CANCELLED,2026-05-06 16:20:41.465448
4040,919,90,5,701.1,COMPLETED,2025-11-06 01:22:41.465448
4041,584,73,1,856.75,COMPLETED,2026-04-27 17:32:41.465448
4042,87,80,3,3916.26,CANCELLED,2026-06-25 05:46:41.465448
4043,65,29,5,9946.6,COMPLETED,2026-01-21 18:23:41.465448
4044,48,133,2,2319.12,COMPLETED,2026-09-02 19:13:41.465448
4045,926,56,4,7052.88,PENDING,2026-08-13 02:31:41.465448
4046,287,81,4,5445.6,CANCELLED,2026-06-20 12:17:41.465448
4047,619,49,4,3932.84,COMPLETED,2025-10-18 22:42:41.465448
4048,785,179,5,3041.2,COMPLETED,2025-12-30 18:00:41.465448
4049,421,188,4,450.24,CANCELLED,2026-08-31 03:20:41.465448
4050,987,153,5,766.95,PENDING,2026-06-09 06:13:41.465448
4051,475,169,3,5536.02,PENDING,2026-02-21 13:11:41.465448
4052,889,197,1,1066.92,COMPLETED,2026-02-14 21:10:41.465448
4053,581,177,2,736.92,COMPLETED,2026-08-18 12:39:41.465448
4054,60,97,5,8929.75,COMPLETED,2026-07-20 15:09:41.465448
4055,480,73,1,856.75,PENDING,2025-11-06 16:31:41.465448
4056,447,153,4,613.56,COMPLETED,2026-04-12 11:57:41.465448
4057,538,43,1,1932.58,COMPLETED,2026-03-24 11:42:41.465448
4058,41,90,2,280.44,PENDING,2025-10-01 10:03:41.465448
4059,120,1,5,7840.4,COMPLETED,2025-10-20 10:13:41.465448
4060,752,61,3,4412.88,COMPLETED,2025-12-22 00:03:41.465448
4061,424,132,4,635.52,PENDING,2026-01-03 09:39:41.465448
4062,748,1,5,7840.4,CANCELLED,2025-11-12 15:19:41.465448
4063,518,155,2,2026.4,COMPLETED,2026-01-22 17:53:41.465448
4064,814,128,5,2076.95,COMPLETED,2026-02-02 18:28:41.465448
4065,608,96,3,878.1,CANCELLED,2026-05-13 11:23:41.465448
4066,72,17,3,2772.54,CANCELLED,2026-06-01 20:14:41.465448
4067,473,180,5,305.65,COMPLETED,2026-01-10 09:52:41.465448
4068,384,23,4,6642.16,PENDING,2026-01-27 07:18:41.465448
4069,554,7,1,653.16,PENDING,2025-09-19 17:23:41.465448
4070,414,30,1,1124.6,COMPLETED,2025-11-02 19:07:41.465448
4071,105,61,4,5883.84,COMPLETED,2026-04-25 00:19:41.465448
4072,742,47,4,1164.08,CANCELLED,2026-08-24 16:03:41.465448
4073,669,163,3,3568.5,COMPLETED,2026-06-26 20:07:41.465448
4074,191,130,2,3833.82,PENDING,2026-05-08 04:15:41.465448
4075,620,117,1,507.96,CANCELLED,2025-11-10 11:43:41.465448
4076,191,8,4,4730.08,COMPLETED,2025-12-12 12:54:41.465448
4077,349,77,2,2876.2,COMPLETED,2026-03-16 03:02:41.465448
4078,931,37,1,1466.78,PENDING,2026-04-20 05:40:41.465448
4079,74,12,1,1678.16,COMPLETED,2026-07-13 13:40:41.465448
4080,261,148,5,2723.95,COMPLETED,2026-01-30 07:15:41.465448
4081,499,47,1,291.02,CANCELLED,2026-08-20 12:02:41.465448
4082,696,199,3,1556.01,CANCELLED,2026-05-19 18:34:41.465448
4083,17,143,1,1774.65,COMPLETED,2025-11-25 04:24:41.465448
4084,152,32,4,5081.36,COMPLETED,2025-12-15 02:50:41.465448
4085,905,198,2,2045.68,COMPLETED,2026-04-22 17:56:41.465448
4086,855,177,3,1105.38,CANCELLED,2025-09-18 02:57:41.465448
4087,672,9,3,964.23,COMPLETED,2025-09-16 06:12:41.465448
4088,833,85,4,3982.88,COMPLETED,2026-05-27 17:30:41.465448
4089,460,137,2,1885.0,COMPLETED,2026-06-06 20:52:41.465448
4090,17,61,4,5883.84,COMPLETED,2026-09-03 09:37:41.465448
4091,520,129,1,1382.33,PENDING,2026-01-16 02:23:41.465448
4092,300,1,5,7840.4,PENDING,2026-03-15 18:37:41.465448
4093,56,64,5,4293.45,COMPLETED,2026-04-28 13:35:41.465448
4094,886,49,3,2949.63,COMPLETED,2025-10-19 20:44:41.465448
4095,265,189,5,1930.2,CANCELLED,2025-12-27 12:55:41.465448
4096,15,133,3,3478.68,COMPLETED,2025-10-02 23:39:41.465448
4097,513,37,2,2933.56,COMPLETED,2026-02-22 23:01:41.465448
4098,625,102,2,878.06,CANCELLED,2025-12-25 04:30:41.465448
4099,45,113,1,1987.21,PENDING,2026-06-10 20:04:41.465448
4100,572,74,1,197.72,CANCELLED,2025-12-03 01:39:41.465448
4101,961,156,1,551.03,COMPLETED,2026-05-01 15:17:41.465448
4102,242,151,5,1083.5,CANCELLED,2025-12-16 00:35:41.465448
4103,907,33,3,1649.43,PENDING,2025-09-17 14:14:41.465448
4104,342,12,1,1678.16,COMPLETED,2026-09-03 04:58:41.465448
4105,145,123,5,9003.2,COMPLETED,2026-05-04 08:28:41.465448
4106,97,96,1,292.7,COMPLETED,2026-03-07 01:40:41.465448
4107,251,166,2,724.26,COMPLETED,2026-07-25 17:29:41.465448
4108,846,73,5,4283.75,COMPLETED,2025-12-17 00:43:41.465448
4109,550,168,1,1267.72,COMPLETED,2026-05-09 17:24:41.465448
4110,209,37,3,4400.34,CANCELLED,2026-08-01 10:12:41.465448
4111,914,75,1,1239.9,COMPLETED,2025-12-11 09:39:41.465448
4112,970,31,1,690.91,CANCELLED,2026-08-15 13:30:41.465448
4113,304,154,5,5513.35,COMPLETED,2026-03-07 23:32:41.465448
4114,136,191,4,3125.04,CANCELLED,2025-10-15 02:22:41.465448
4115,202,51,3,5226.84,COMPLETED,2025-12-23 01:40:41.465448
4116,344,160,3,4516.74,CANCELLED,2026-04-11 07:28:41.465448
4117,719,200,3,3234.42,COMPLETED,2025-11-04 14:27:41.465448
4118,103,166,1,362.13,CANCELLED,2025-11-24 19:36:41.465448
4119,458,56,3,5289.66,COMPLETED,2026-01-11 23:56:41.465448
4120,293,180,5,305.65,COMPLETED,2026-05-09 16:04:41.465448
4121,607,135,2,951.24,COMPLETED,2025-12-06 18:02:41.465448
4122,889,147,2,3969.96,COMPLETED,2026-02-26 16:26:41.465448
4123,58,193,5,5201.05,CANCELLED,2026-01-20 15:39:41.465448
4124,71,79,1,316.1,COMPLETED,2025-12-11 04:11:41.465448
4125,421,57,5,6208.45,CANCELLED,2025-10-13 14:11:41.465448
4126,194,150,3,3894.9,CANCELLED,2026-06-24 03:21:41.465448
4127,549,22,2,893.08,COMPLETED,2026-08-09 12:57:41.465448
4128,463,42,3,5369.79,COMPLETED,2026-02-09 19:48:41.465448
4129,775,48,5,7182.4,CANCELLED,2026-07-24 16:05:41.465448
4130,533,152,4,2338.52,CANCELLED,2025-11-18 17:17:41.465448
4131,596,91,4,6969.72,COMPLETED,2026-05-11 00:48:41.465448
4132,323,9,4,1285.64,COMPLETED,2026-04-08 12:05:41.465448
4133,530,60,3,5630.4,COMPLETED,2026-01-21 22:29:41.465448
4134,240,154,1,1102.67,COMPLETED,2026-09-04 10:29:41.465448
4135,534,76,5,1844.55,CANCELLED,2026-06-12 23:47:41.465448
4136,15,52,4,4477.88,COMPLETED,2026-03-07 16:01:41.465448
4137,671,90,1,140.22,PENDING,2025-10-23 22:52:41.465448
4138,910,77,5,7190.5,CANCELLED,2026-03-17 22:49:41.465448
4139,563,91,4,6969.72,COMPLETED,2026-02-19 05:47:41.465448
4140,60,125,3,2342.91,COMPLETED,2025-11-15 00:09:41.465448
4141,589,171,1,394.51,COMPLETED,2026-07-07 16:22:41.465448
4142,25,165,5,7134.45,CANCELLED,2025-10-03 16:12:41.465448
4143,314,193,3,3120.63,COMPLETED,2026-01-26 23:36:41.465448
4144,251,44,5,8201.5,PENDING,2026-04-25 12:09:41.465448
4145,782,186,5,2540.45,COMPLETED,2026-04-20 16:31:41.465448
4146,634,15,5,6011.6,COMPLETED,2025-11-12 17:35:41.465448
4147,646,197,4,4267.68,COMPLETED,2026-01-28 14:27:41.465448
4148,933,7,5,3265.8,COMPLETED,2026-08-03 04:43:41.465448
4149,705,178,1,686.58,COMPLETED,2026-04-25 07:14:41.465448
4150,60,43,2,3865.16,PENDING,2026-06-21 07:01:41.465448
4151,766,186,4,2032.36,COMPLETED,2026-05-25 20:35:41.465448
4152,490,117,1,507.96,COMPLETED,2026-01-26 15:33:41.465448
4153,657,62,5,9581.05,COMPLETED,2026-08-17 08:31:41.465448
4154,252,135,5,2378.1,PENDING,2026-01-11 05:57:41.465448
4155,629,15,1,1202.32,PENDING,2025-10-14 12:49:41.465448
4156,191,109,3,2945.58,PENDING,2026-08-05 05:20:41.465448
4157,872,146,2,2133.92,COMPLETED,2025-11-01 13:19:41.465448
4158,527,71,4,6189.28,CANCELLED,2025-10-06 12:30:41.465448
4159,731,39,4,7378.12,CANCELLED,2026-05-26 12:39:41.465448
4160,262,177,2,736.92,COMPLETED,2026-07-05 05:14:41.465448
4161,379,175,4,742.44,CANCELLED,2025-12-04 01:35:41.465448
4162,655,118,3,4653.57,CANCELLED,2025-09-18 16:18:41.465448
4163,93,141,2,323.98,COMPLETED,2026-05-12 22:12:41.465448
4164,920,181,1,485.53,COMPLETED,2025-10-07 21:02:41.465448
4165,345,39,3,5533.59,CANCELLED,2026-02-03 02:27:41.465448
4166,466,9,2,642.82,CANCELLED,2026-03-08 21:39:41.465448
4167,314,47,1,291.02,COMPLETED,2025-11-08 03:44:41.465448
4168,710,139,4,4936.16,CANCELLED,2025-09-27 17:07:41.465448
4169,535,154,1,1102.67,PENDING,2026-03-12 01:43:41.465448
4170,533,142,3,1367.64,PENDING,2025-09-16 15:01:41.465448
4171,580,167,1,724.16,COMPLETED,2026-05-14 03:49:41.465448
4172,773,129,4,5529.32,COMPLETED,2025-10-08 14:04:41.465448
4173,545,128,3,1246.17,COMPLETED,2025-10-07 10:24:41.465448
4174,585,44,2,3280.6,COMPLETED,2025-12-21 12:09:41.465448
4175,642,134,4,6401.36,COMPLETED,2026-02-28 08:51:41.465448
4176,408,123,5,9003.2,CANCELLED,2026-02-15 00:16:41.465448
4177,373,200,1,1078.14,CANCELLED,2026-07-25 20:04:41.465448
4178,540,184,2,501.66,CANCELLED,2025-11-06 00:29:41.465448
4179,431,89,4,5514.52,COMPLETED,2025-12-15 05:29:41.465448
4180,192,1,2,3136.16,COMPLETED,2026-04-29 23:39:41.465448
4181,178,74,3,593.16,COMPLETED,2026-01-08 20:44:41.465448
4182,486,91,1,1742.43,CANCELLED,2026-02-18 23:41:41.465448
4183,604,73,5,4283.75,COMPLETED,2025-10-22 05:48:41.465448
4184,667,108,2,83.06,CANCELLED,2025-10-26 02:10:41.465448
4185,985,133,3,3478.68,CANCELLED,2025-10-17 22:56:41.465448
4186,462,193,5,5201.05,CANCELLED,2026-05-22 13:26:41.465448
4187,236,84,3,5552.16,COMPLETED,2026-03-20 07:23:41.465448
4188,59,119,5,3528.8,COMPLETED,2026-03-09 05:42:41.465448
4189,441,119,2,1411.52,COMPLETED,2026-03-26 10:05:41.465448
4190,148,36,3,2704.14,COMPLETED,2026-02-14 13:46:41.465448
4191,644,134,1,1600.34,PENDING,2026-05-25 05:54:41.465448
4192,108,21,3,5898.33,COMPLETED,2026-03-20 14:45:41.465448
4193,496,69,1,1733.82,COMPLETED,2026-04-22 23:05:41.465448
4194,847,172,1,131.66,COMPLETED,2025-11-22 00:48:41.465448
4195,115,14,2,1441.86,COMPLETED,2026-06-15 13:02:41.465448
4196,885,190,3,5350.17,COMPLETED,2026-01-30 14:15:41.465448
4197,797,186,1,508.09,PENDING,2026-05-04 11:54:41.465448
4198,949,4,5,4523.7,COMPLETED,2026-06-14 15:25:41.465448
4199,640,29,2,3978.64,CANCELLED,2025-11-29 03:06:41.465448
4200,183,13,2,3348.16,COMPLETED,2026-02-10 10:25:41.465448
4201,14,29,3,5967.96,COMPLETED,2025-10-16 02:17:41.465448
4202,536,19,3,1577.04,CANCELLED,2026-02-06 16:51:41.465448
4203,831,14,3,2162.79,COMPLETED,2026-03-20 10:56:41.465448
4204,948,113,4,7948.84,CANCELLED,2025-10-17 04:09:41.465448
4205,809,71,3,4641.96,COMPLETED,2025-11-03 05:58:41.465448
4206,934,50,5,4798.05,CANCELLED,2026-05-21 23:26:41.465448
4207,203,105,3,5123.85,COMPLETED,2026-04-15 23:09:41.465448
4208,49,119,1,705.76,COMPLETED,2025-12-02 13:09:41.465448
4209,359,197,5,5334.6,CANCELLED,2025-10-13 17:51:41.465448
4210,89,67,1,1516.99,CANCELLED,2026-03-18 17:44:41.465448
4211,467,75,1,1239.9,CANCELLED,2025-12-28 18:17:41.465448
4212,102,158,1,952.46,COMPLETED,2026-08-26 01:07:41.465448
4213,494,182,5,5095.6,COMPLETED,2026-01-14 16:49:41.465448
4214,516,102,1,439.03,COMPLETED,2026-01-19 05:30:41.465448
4215,45,77,1,1438.1,COMPLETED,2026-03-31 05:38:41.465448
4216,98,17,3,2772.54,CANCELLED,2026-09-07 14:23:41.465448
4217,250,28,3,5571.6,COMPLETED,2026-06-18 20:23:41.465448
4218,286,46,1,11.38,COMPLETED,2026-02-13 05:08:41.465448
4219,954,28,2,3714.4,PENDING,2026-08-13 13:01:41.465448
4220,98,8,2,2365.04,PENDING,2026-09-06 13:58:41.465448
4221,529,86,5,7106.25,COMPLETED,2025-09-23 04:52:41.465448
4222,662,72,4,1342.32,COMPLETED,2026-06-16 03:21:41.465448
4223,190,125,1,780.97,COMPLETED,2026-08-24 21:26:41.465448
4224,581,175,5,928.05,PENDING,2026-07-04 07:55:41.465448
4225,773,111,2,1513.24,CANCELLED,2026-07-03 13:06:41.465448
4226,154,111,1,756.62,COMPLETED,2026-07-17 03:54:41.465448
4227,982,94,2,3831.96,COMPLETED,2026-07-07 09:46:41.465448
4228,938,15,5,6011.6,PENDING,2026-07-06 04:19:41.465448
4229,478,6,5,4067.55,PENDING,2025-11-19 18:21:41.465448
4230,107,33,4,2199.24,PENDING,2026-02-08 04:40:41.465448
4231,591,118,1,1551.19,COMPLETED,2026-03-16 06:10:41.465448
4232,378,14,3,2162.79,COMPLETED,2026-08-14 03:48:41.465448
4233,600,103,2,3582.52,PENDING,2026-04-20 17:38:41.465448
4234,210,90,2,280.44,COMPLETED,2025-10-07 09:23:41.465448
4235,433,123,2,3601.28,COMPLETED,2025-12-10 05:24:41.465448
4236,491,51,2,3484.56,PENDING,2025-12-11 07:40:41.465448
4237,839,188,1,112.56,COMPLETED,2025-10-21 03:02:41.465448
4238,50,103,3,5373.78,PENDING,2025-09-14 03:31:41.465448
4239,670,136,3,169.59,PENDING,2026-07-09 01:47:41.465448
4240,655,177,3,1105.38,COMPLETED,2025-10-24 17:07:41.465448
4241,691,157,5,3162.0,PENDING,2026-04-27 12:14:41.465448
4242,656,169,4,7381.36,COMPLETED,2026-09-01 17:24:41.465448
4243,543,149,1,1532.91,COMPLETED,2026-05-06 12:23:41.465448
4244,721,149,2,3065.82,PENDING,2025-11-30 19:54:41.465448
4245,364,171,5,1972.55,COMPLETED,2026-03-10 05:47:41.465448
4246,105,179,2,1216.48,COMPLETED,2025-12-06 12:09:41.465448
4247,83,78,3,66.3,COMPLETED,2026-01-18 20:46:41.465448
4248,328,73,2,1713.5,COMPLETED,2026-04-11 02:28:41.465448
4249,364,138,1,1498.05,COMPLETED,2025-12-16 15:52:41.465448
4250,746,53,1,1409.28,CANCELLED,2026-07-10 00:18:41.465448
4251,102,4,2,1809.48,COMPLETED,2026-04-24 21:41:41.465448
4252,469,55,1,1189.97,COMPLETED,2026-07-20 12:48:41.465448
4253,883,82,1,1714.57,COMPLETED,2026-08-02 21:33:41.465448
4254,495,121,5,5922.05,CANCELLED,2025-10-15 17:39:41.465448
4255,144,58,3,4827.72,PENDING,2026-03-10 23:16:41.465448
4256,702,114,1,487.86,COMPLETED,2026-08-15 21:05:41.465448
4257,310,177,1,368.46,PENDING,2026-03-14 12:05:41.465448
4258,26,21,5,9830.55,COMPLETED,2026-03-13 21:05:41.465448
4259,158,104,4,955.88,CANCELLED,2026-05-18 07:02:41.465448
4260,116,47,4,1164.08,COMPLETED,2026-05-06 20:44:41.465448
4261,784,46,4,45.52,CANCELLED,2025-12-09 18:51:41.465448
4262,710,159,2,1636.42,PENDING,2025-10-12 16:17:41.465448
4263,600,7,2,1306.32,PENDING,2025-12-22 02:58:41.465448
4264,528,105,3,5123.85,COMPLETED,2025-11-05 20:04:41.465448
4265,905,126,2,2437.7,PENDING,2026-01-03 00:40:41.465448
4266,471,13,3,5022.24,COMPLETED,2026-04-09 02:50:41.465448
4267,248,5,4,1040.8,PENDING,2025-09-29 01:32:41.465448
4268,811,178,1,686.58,PENDING,2025-11-26 06:46:41.465448
4269,534,114,2,975.72,COMPLETED,2025-12-07 17:08:41.465448
4270,813,124,5,7010.8,PENDING,2026-06-11 13:25:41.465448
4271,721,160,4,6022.32,COMPLETED,2025-11-27 06:15:41.465448
4272,899,13,2,3348.16,CANCELLED,2025-11-26 21:45:41.465448
4273,957,71,3,4641.96,COMPLETED,2026-04-06 18:15:41.465448
4274,646,144,2,992.2,COMPLETED,2026-01-18 06:15:41.465448
4275,27,111,3,2269.86,PENDING,2026-02-06 03:59:41.465448
4276,611,74,2,395.44,PENDING,2026-01-10 04:30:41.465448
4277,831,33,5,2749.05,PENDING,2026-07-01 11:15:41.465448
4278,451,142,4,1823.52,CANCELLED,2026-08-28 02:10:41.465448
4279,704,37,5,7333.9,COMPLETED,2026-07-31 03:45:41.465448
4280,202,122,3,3878.28,CANCELLED,2026-08-06 03:45:41.465448
4281,518,48,1,1436.48,CANCELLED,2026-04-16 00:55:41.465448
4282,817,28,4,7428.8,CANCELLED,2026-01-04 20:13:41.465448
4283,258,4,4,3618.96,COMPLETED,2026-01-14 00:38:41.465448
4284,48,32,3,3811.02,CANCELLED,2026-07-26 02:20:41.465448
4285,250,151,1,216.7,COMPLETED,2025-10-08 12:33:41.465448
4286,72,71,1,1547.32,CANCELLED,2025-09-13 10:00:41.465448
4287,102,108,2,83.06,COMPLETED,2026-04-04 23:53:41.465448
4288,329,62,5,9581.05,COMPLETED,2026-07-20 22:15:41.465448
4289,626,20,1,1375.48,COMPLETED,2026-07-15 09:05:41.465448
4290,842,186,1,508.09,CANCELLED,2026-02-01 10:44:41.465448
4291,326,48,1,1436.48,COMPLETED,2026-04-23 07:41:41.465448
4292,96,69,3,5201.46,CANCELLED,2026-04-23 04:41:41.465448
4293,271,69,2,3467.64,CANCELLED,2025-10-20 11:31:41.465448
4294,272,100,3,402.12,COMPLETED,2026-05-21 00:05:41.465448
4295,611,144,4,1984.4,COMPLETED,2025-10-12 23:44:41.465448
4296,707,89,4,5514.52,CANCELLED,2026-08-04 07:58:41.465448
4297,655,127,5,2764.2,CANCELLED,2025-10-10 00:46:41.465448
4298,455,91,4,6969.72,COMPLETED,2026-05-23 10:50:41.465448
4299,551,39,5,9222.65,CANCELLED,2026-01-31 20:08:41.465448
4300,228,117,5,2539.8,PENDING,2026-01-26 21:53:41.465448
4301,49,90,2,280.44,PENDING,2025-10-02 06:10:41.465448
4302,434,27,4,289.12,COMPLETED,2026-01-31 07:08:41.465448
4303,665,3,3,3280.38,COMPLETED,2025-12-26 00:10:41.465448
4304,334,5,2,520.4,PENDING,2026-07-04 11:05:41.465448
4305,955,79,3,948.3,COMPLETED,2026-07-09 23:44:41.465448
4306,287,87,3,1802.88,CANCELLED,2025-09-15 04:11:41.465448
4307,917,40,5,4613.1,COMPLETED,2026-04-04 23:20:41.465448
4308,493,182,3,3057.36,CANCELLED,2026-06-12 12:28:41.465448
4309,520,77,4,5752.4,COMPLETED,2026-08-29 20:25:41.465448
4310,802,136,1,56.53,COMPLETED,2026-02-25 15:46:41.465448
4311,310,124,5,7010.8,COMPLETED,2025-12-07 22:44:41.465448
4312,743,192,2,2502.72,PENDING,2026-04-04 08:48:41.465448
4313,551,200,4,4312.56,COMPLETED,2025-11-16 09:55:41.465448
4314,218,80,5,6527.1,CANCELLED,2025-12-30 04:00:41.465448
4315,848,180,1,61.13,PENDING,2026-03-30 04:25:41.465448
4316,330,136,4,226.12,COMPLETED,2025-11-29 23:08:41.465448
4317,288,116,1,1169.61,COMPLETED,2026-03-22 06:48:41.465448
4318,591,5,1,260.2,CANCELLED,2026-08-05 05:52:41.465448
4319,749,14,3,2162.79,COMPLETED,2025-09-20 22:28:41.465448
4320,134,71,1,1547.32,COMPLETED,2025-10-14 19:28:41.465448
4321,742,133,1,1159.56,CANCELLED,2026-02-01 23:21:41.465448
4322,399,27,4,289.12,COMPLETED,2026-04-12 04:33:41.465448
4323,354,151,2,433.4,COMPLETED,2026-09-11 12:10:41.465448
4324,107,6,2,1627.02,PENDING,2026-02-07 01:48:41.465448
4325,848,178,1,686.58,COMPLETED,2026-01-18 09:31:41.465448
4326,563,108,3,124.59,COMPLETED,2025-11-22 19:36:41.465448
4327,353,57,5,6208.45,CANCELLED,2025-10-08 07:47:41.465448
4328,74,138,2,2996.1,CANCELLED,2025-12-20 11:00:41.465448
4329,174,142,5,2279.4,CANCELLED,2026-09-11 23:47:41.465448
4330,469,109,2,1963.72,COMPLETED,2026-04-02 02:59:41.465448
4331,475,198,5,5114.2,COMPLETED,2026-01-02 01:52:41.465448
4332,177,173,3,3804.21,COMPLETED,2026-05-18 20:26:41.465448
4333,50,188,2,225.12,COMPLETED,2025-11-26 10:18:41.465448
4334,445,88,4,1443.92,PENDING,2026-07-02 15:38:41.465448
4335,537,169,5,9226.7,COMPLETED,2026-05-31 15:56:41.465448
4336,666,88,4,1443.92,COMPLETED,2025-12-27 22:30:41.465448
4337,514,183,2,758.52,PENDING,2026-06-28 23:21:41.465448
4338,53,51,3,5226.84,COMPLETED,2025-09-21 15:20:41.465448
4339,507,111,5,3783.1,CANCELLED,2026-02-12 21:35:41.465448
4340,994,103,5,8956.3,PENDING,2025-12-09 07:47:41.465448
4341,764,182,4,4076.48,COMPLETED,2026-01-02 13:22:41.465448
4342,233,128,5,2076.95,COMPLETED,2026-01-28 17:36:41.465448
4343,697,12,2,3356.32,COMPLETED,2025-09-12 21:26:41.465448
4344,194,125,4,3123.88,PENDING,2025-09-13 06:49:41.465448
4345,572,61,5,7354.8,CANCELLED,2026-09-11 01:25:41.465448
4346,816,65,2,3431.9,COMPLETED,2026-04-19 06:37:41.465448
4347,344,137,1,942.5,PENDING,2026-07-09 14:14:41.465448
4348,546,162,1,1243.83,CANCELLED,2026-07-06 21:40:41.465448
4349,196,200,4,4312.56,PENDING,2025-12-27 07:07:41.465448
4350,769,53,1,1409.28,COMPLETED,2025-09-22 21:24:41.465448
4351,444,63,3,4942.98,COMPLETED,2026-09-03 04:03:41.465448
4352,163,156,1,551.03,COMPLETED,2026-09-02 19:26:41.465448
4353,708,77,4,5752.4,COMPLETED,2025-12-08 06:01:41.465448
4354,853,199,3,1556.01,CANCELLED,2026-08-15 08:39:41.465448
4355,554,48,4,5745.92,COMPLETED,2026-08-30 21:04:41.465448
4356,145,41,5,6048.15,CANCELLED,2026-08-08 21:34:41.465448
4357,582,189,2,772.08,PENDING,2025-10-10 20:51:41.465448
4358,221,98,1,1627.75,COMPLETED,2025-09-27 03:50:41.465448
4359,68,53,1,1409.28,COMPLETED,2025-10-30 02:17:41.465448
4360,656,25,5,7655.55,PENDING,2026-05-20 05:26:41.465448
4361,375,174,2,1917.1,COMPLETED,2025-11-29 19:26:41.465448
4362,87,141,1,161.99,COMPLETED,2026-04-18 15:11:41.465448
4363,414,39,4,7378.12,COMPLETED,2026-01-19 19:17:41.465448
4364,918,71,1,1547.32,COMPLETED,2026-08-25 14:18:41.465448
4365,494,138,5,7490.25,PENDING,2026-08-28 19:14:41.465448
4366,383,168,3,3803.16,COMPLETED,2026-07-19 15:47:41.465448
4367,27,95,5,8579.7,PENDING,2026-06-06 21:38:41.465448
4368,929,107,4,6301.56,CANCELLED,2026-02-21 21:21:41.465448
4369,455,18,1,573.96,PENDING,2025-09-26 14:16:41.465448
4370,661,42,3,5369.79,CANCELLED,2026-02-26 02:48:41.465448
4371,2,153,1,153.39,COMPLETED,2025-11-01 07:03:41.465448
4372,30,150,2,2596.6,CANCELLED,2026-07-22 18:11:41.465448
4373,439,96,1,292.7,COMPLETED,2026-03-13 16:46:41.465448
4374,307,139,3,3702.12,COMPLETED,2025-11-04 15:57:41.465448
4375,969,175,4,742.44,COMPLETED,2026-01-11 10:46:41.465448
4376,134,80,3,3916.26,COMPLETED,2026-07-12 02:05:41.465448
4377,392,90,3,420.66,COMPLETED,2025-10-16 15:13:41.465448
4378,45,174,4,3834.2,CANCELLED,2026-01-06 12:11:41.465448
4379,252,22,4,1786.16,PENDING,2026-04-15 15:33:41.465448
4380,130,72,2,671.16,COMPLETED,2025-10-08 16:17:41.465448
4381,403,94,5,9579.9,CANCELLED,2026-07-31 14:34:41.465448
4382,78,139,1,1234.04,CANCELLED,2026-06-21 04:21:41.465448
4383,959,24,1,1350.3,PENDING,2026-08-29 21:17:41.465448
4384,965,7,1,653.16,COMPLETED,2025-10-18 15:14:41.465448
4385,972,25,1,1531.11,COMPLETED,2026-03-08 07:47:41.465448
4386,276,181,1,485.53,CANCELLED,2025-10-18 21:57:41.465448
4387,895,73,4,3427.0,COMPLETED,2026-01-06 19:48:41.465448
4388,734,100,2,268.08,COMPLETED,2026-04-07 15:45:41.465448
4389,718,167,2,1448.32,COMPLETED,2026-08-03 10:27:41.465448
4390,372,74,1,197.72,CANCELLED,2025-11-14 09:15:41.465448
4391,869,180,4,244.52,COMPLETED,2026-02-20 20:42:41.465448
4392,341,83,3,2654.58,COMPLETED,2026-03-13 08:10:41.465448
4393,236,37,1,1466.78,COMPLETED,2025-11-22 15:35:41.465448
4394,489,33,3,1649.43,COMPLETED,2026-09-08 09:14:41.465448
4395,216,157,4,2529.6,COMPLETED,2026-07-04 21:56:41.465448
4396,350,124,5,7010.8,COMPLETED,2026-05-17 20:31:41.465448
4397,202,125,4,3123.88,COMPLETED,2025-11-25 00:09:41.465448
4398,177,14,2,1441.86,PENDING,2026-04-06 03:18:41.465448
4399,300,10,3,2522.91,PENDING,2026-04-26 05:12:41.465448
4400,412,110,1,1999.92,PENDING,2025-12-02 22:20:41.465448
4401,159,17,3,2772.54,PENDING,2025-11-30 05:38:41.465448
4402,770,82,1,1714.57,COMPLETED,2026-03-08 10:43:41.465448
4403,745,174,5,4792.75,CANCELLED,2026-03-08 18:58:41.465448
4404,310,63,2,3295.32,PENDING,2025-11-14 15:19:41.465448
4405,91,57,1,1241.69,PENDING,2026-08-28 21:21:41.465448
4406,246,155,2,2026.4,COMPLETED,2025-09-27 10:55:41.465448
4407,614,178,3,2059.74,COMPLETED,2026-05-31 21:08:41.465448
4408,772,83,4,3539.44,CANCELLED,2026-06-22 04:40:41.465448
4409,371,146,1,1066.96,COMPLETED,2026-04-08 15:35:41.465448
4410,387,44,5,8201.5,COMPLETED,2025-10-08 18:18:41.465448
4411,724,136,5,282.65,CANCELLED,2026-04-06 07:11:41.465448
4412,764,26,1,1636.26,CANCELLED,2026-06-13 10:46:41.465448
4413,375,158,2,1904.92,COMPLETED,2026-02-21 09:09:41.465448
4414,559,58,5,8046.2,COMPLETED,2026-09-10 13:36:41.465448
4415,62,150,2,2596.6,PENDING,2025-09-28 01:50:41.465448
4416,603,100,2,268.08,CANCELLED,2026-08-09 16:27:41.465448
4417,819,191,1,781.26,PENDING,2026-08-25 03:04:41.465448
4418,979,43,3,5797.74,COMPLETED,2026-03-17 02:08:41.465448
4419,800,24,2,2700.6,CANCELLED,2026-08-14 00:48:41.465448
4420,677,187,4,3366.68,COMPLETED,2026-05-06 20:26:41.465448
4421,134,104,2,477.94,PENDING,2025-10-26 19:23:41.465448
4422,763,195,3,4947.39,COMPLETED,2026-09-10 23:27:41.465448
4423,321,142,3,1367.64,PENDING,2026-07-05 19:52:41.465448
4424,97,142,1,455.88,COMPLETED,2025-10-12 02:07:41.465448
4425,364,49,4,3932.84,CANCELLED,2026-07-31 04:31:41.465448
4426,272,33,2,1099.62,COMPLETED,2026-06-07 17:28:41.465448
4427,637,181,4,1942.12,CANCELLED,2026-08-19 12:31:41.465448
4428,822,196,3,3832.23,PENDING,2026-07-25 12:06:41.465448
4429,200,24,4,5401.2,COMPLETED,2026-04-29 02:20:41.465448
4430,345,184,1,250.83,COMPLETED,2026-01-16 02:44:41.465448
4431,929,86,1,1421.25,PENDING,2025-12-10 09:40:41.465448
4432,22,80,2,2610.84,COMPLETED,2026-05-30 18:53:41.465448
4433,888,5,3,780.6,PENDING,2026-03-18 13:02:41.465448
4434,484,119,3,2117.28,CANCELLED,2026-01-28 04:56:41.465448
4435,947,199,4,2074.68,PENDING,2026-02-03 18:07:41.465448
4436,965,93,4,4106.4,PENDING,2025-12-15 00:18:41.465448
4437,160,18,1,573.96,PENDING,2026-02-24 08:43:41.465448
4438,121,6,2,1627.02,COMPLETED,2025-10-18 08:56:41.465448
4439,39,70,4,6692.2,COMPLETED,2025-11-01 12:06:41.465448
4440,182,145,1,569.34,PENDING,2025-10-06 23:37:41.465448
4441,789,161,5,9505.6,COMPLETED,2026-04-21 02:32:41.465448
4442,132,58,5,8046.2,COMPLETED,2025-10-07 23:41:41.465448
4443,552,82,3,5143.71,CANCELLED,2026-07-07 15:15:41.465448
4444,539,161,4,7604.48,COMPLETED,2026-07-13 01:14:41.465448
4445,443,152,2,1169.26,CANCELLED,2026-03-25 07:53:41.465448
4446,104,62,5,9581.05,PENDING,2025-11-29 01:35:41.465448
4447,763,70,5,8365.25,COMPLETED,2026-06-01 20:17:41.465448
4448,703,42,4,7159.72,PENDING,2025-12-09 17:47:41.465448
4449,979,75,3,3719.7,COMPLETED,2026-02-07 18:59:41.465448
4450,576,197,3,3200.76,COMPLETED,2025-12-12 10:37:41.465448
4451,941,143,5,8873.25,COMPLETED,2026-01-05 13:20:41.465448
4452,89,23,1,1660.54,COMPLETED,2026-04-27 18:34:41.465448
4453,885,43,2,3865.16,COMPLETED,2026-03-13 23:58:41.465448
4454,316,26,2,3272.52,PENDING,2026-04-15 11:25:41.465448
4455,457,99,4,3298.4,COMPLETED,2026-04-30 14:29:41.465448
4456,173,139,5,6170.2,PENDING,2026-05-22 01:54:41.465448
4457,19,10,1,840.97,CANCELLED,2026-05-30 01:22:41.465448
4458,401,8,2,2365.04,COMPLETED,2026-07-15 06:00:41.465448
4459,134,38,5,6653.0,COMPLETED,2026-04-30 02:25:41.465448
4460,559,188,1,112.56,PENDING,2026-07-13 06:32:41.465448
4461,808,23,4,6642.16,PENDING,2025-12-27 10:55:41.465448
4462,752,188,1,112.56,PENDING,2025-10-18 22:40:41.465448
4463,305,50,5,4798.05,PENDING,2026-06-18 08:51:41.465448
4464,279,1,3,4704.24,COMPLETED,2026-07-26 02:17:41.465448
4465,19,67,1,1516.99,COMPLETED,2026-09-08 18:28:41.465448
4466,781,183,3,1137.78,CANCELLED,2025-12-06 12:22:41.465448
4467,678,73,3,2570.25,COMPLETED,2026-01-28 14:28:41.465448
4468,676,104,3,716.91,COMPLETED,2025-12-21 04:59:41.465448
4469,925,197,4,4267.68,CANCELLED,2026-04-25 02:57:41.465448
4470,748,94,1,1915.98,COMPLETED,2026-05-03 10:32:41.465448
4471,660,70,1,1673.05,COMPLETED,2025-11-21 12:44:41.465448
4472,968,35,2,1223.08,COMPLETED,2026-02-16 13:04:41.465448
4473,971,149,5,7664.55,COMPLETED,2026-02-28 03:41:41.465448
4474,34,81,3,4084.2,CANCELLED,2026-07-18 20:46:41.465448
4475,214,146,5,5334.8,COMPLETED,2026-05-15 11:35:41.465448
4476,411,119,1,705.76,COMPLETED,2026-08-08 18:29:41.465448
4477,456,5,1,260.2,COMPLETED,2026-07-15 02:40:41.465448
4478,465,69,4,6935.28,COMPLETED,2026-08-22 15:45:41.465448
4479,533,94,1,1915.98,COMPLETED,2026-05-17 18:51:41.465448
4480,398,6,3,2440.53,COMPLETED,2025-12-13 10:15:41.465448
4481,65,88,3,1082.94,COMPLETED,2026-07-14 20:55:41.465448
4482,212,176,4,2416.4,PENDING,2026-03-04 23:15:41.465448
4483,498,147,3,5954.94,COMPLETED,2026-08-09 15:19:41.465448
4484,389,126,3,3656.55,COMPLETED,2026-08-02 11:55:41.465448
4485,917,171,2,789.02,COMPLETED,2026-01-25 10:26:41.465448
4486,567,146,5,5334.8,PENDING,2025-12-23 00:33:41.465448
4487,661,6,5,4067.55,COMPLETED,2025-09-27 20:32:41.465448
4488,574,166,4,1448.52,COMPLETED,2026-03-23 20:05:41.465448
4489,748,8,2,2365.04,COMPLETED,2025-10-24 23:04:41.465448
4490,79,89,1,1378.63,COMPLETED,2026-05-30 05:39:41.465448
4491,697,33,1,549.81,COMPLETED,2026-06-20 19:00:41.465448
4492,56,94,3,5747.94,COMPLETED,2026-04-30 18:02:41.465448
4493,162,36,3,2704.14,COMPLETED,2025-11-15 23:51:41.465448
4494,374,139,4,4936.16,COMPLETED,2025-09-14 21:01:41.465448
4495,398,191,5,3906.3,PENDING,2026-07-05 17:29:41.465448
4496,418,40,2,1845.24,CANCELLED,2026-04-04 14:19:41.465448
4497,583,113,2,3974.42,PENDING,2026-03-27 15:27:41.465448
4498,597,5,1,260.2,CANCELLED,2025-11-29 03:24:41.465448
4499,636,62,2,3832.42,PENDING,2026-01-29 06:11:41.465448
4500,510,162,2,2487.66,PENDING,2026-07-05 22:38:41.465448
4501,424,14,2,1441.86,COMPLETED,2026-02-18 15:59:41.465448
4502,993,67,1,1516.99,CANCELLED,2025-11-25 19:10:41.465448
4503,350,190,4,7133.56,COMPLETED,2026-09-10 10:27:41.465448
4504,84,36,5,4506.9,COMPLETED,2025-10-10 00:29:41.465448
4505,810,115,5,9245.5,CANCELLED,2026-05-15 14:03:41.465448
4506,70,49,2,1966.42,PENDING,2026-01-18 05:40:41.465448
4507,560,138,2,2996.1,COMPLETED,2026-06-03 06:12:41.465448
4508,110,38,5,6653.0,COMPLETED,2026-06-21 17:20:41.465448
4509,612,24,1,1350.3,COMPLETED,2026-06-18 00:03:41.465448
4510,58,96,4,1170.8,COMPLETED,2025-09-22 21:16:41.465448
4511,854,185,4,3006.96,CANCELLED,2026-07-17 14:43:41.465448
4512,832,132,4,635.52,COMPLETED,2026-01-02 04:48:41.465448
4513,15,73,2,1713.5,COMPLETED,2026-08-16 10:11:41.465448
4514,592,138,4,5992.2,COMPLETED,2026-03-11 12:24:41.465448
4515,859,9,2,642.82,CANCELLED,2026-08-26 11:20:41.465448
4516,398,134,5,8001.7,COMPLETED,2025-12-26 04:11:41.465448
4517,149,133,3,3478.68,COMPLETED,2026-02-11 06:52:41.465448
4518,746,197,2,2133.84,CANCELLED,2025-10-20 18:28:41.465448
4519,295,2,2,3036.16,COMPLETED,2025-10-15 18:13:41.465448
4520,782,86,1,1421.25,PENDING,2026-02-21 16:37:41.465448
4521,434,73,2,1713.5,CANCELLED,2026-03-23 22:03:41.465448
4522,950,129,3,4146.99,COMPLETED,2026-03-18 20:30:41.465448
4523,924,25,4,6124.44,COMPLETED,2025-12-10 04:16:41.465448
4524,308,152,4,2338.52,COMPLETED,2026-05-11 13:51:41.465448
4525,805,176,4,2416.4,CANCELLED,2025-11-05 03:56:41.465448
4526,327,167,3,2172.48,COMPLETED,2026-01-16 11:17:41.465448
4527,230,185,3,2255.22,CANCELLED,2026-07-04 12:48:41.465448
4528,714,53,4,5637.12,COMPLETED,2026-02-08 14:57:41.465448
4529,610,7,3,1959.48,CANCELLED,2025-10-24 07:42:41.465448
4530,866,97,5,8929.75,COMPLETED,2025-12-06 11:57:41.465448
4531,852,39,1,1844.53,COMPLETED,2026-03-29 19:45:41.465448
4532,976,106,4,4977.44,PENDING,2026-06-08 00:49:41.465448
4533,605,158,2,1904.92,COMPLETED,2026-07-23 10:05:41.465448
4534,125,3,4,4373.84,PENDING,2026-03-21 18:02:41.465448
4535,188,192,4,5005.44,COMPLETED,2026-02-09 04:50:41.465448
4536,762,43,1,1932.58,COMPLETED,2026-06-09 17:16:41.465448
4537,361,76,2,737.82,COMPLETED,2026-03-03 01:40:41.465448
4538,319,194,3,5171.28,CANCELLED,2026-04-12 13:05:41.465448
4539,521,2,5,7590.4,COMPLETED,2026-02-02 01:34:41.465448
4540,604,129,4,5529.32,COMPLETED,2026-03-22 07:29:41.465448
4541,251,24,3,4050.9,CANCELLED,2025-12-05 14:37:41.465448
4542,843,93,3,3079.8,PENDING,2026-07-14 04:03:41.465448
4543,170,4,2,1809.48,PENDING,2025-11-17 20:59:41.465448
4544,323,77,4,5752.4,COMPLETED,2026-03-22 19:16:41.465448
4545,455,137,3,2827.5,CANCELLED,2025-12-04 01:35:41.465448
4546,496,165,3,4280.67,COMPLETED,2025-12-26 11:28:41.465448
4547,196,116,1,1169.61,COMPLETED,2025-11-04 17:55:41.465448
4548,954,44,5,8201.5,COMPLETED,2026-06-30 22:42:41.465448
4549,391,135,2,951.24,COMPLETED,2026-08-14 23:31:41.465448
4550,733,19,5,2628.4,PENDING,2026-01-17 22:22:41.465448
4551,205,21,3,5898.33,PENDING,2026-03-18 07:06:41.465448
4552,506,74,4,790.88,COMPLETED,2026-09-10 23:37:41.465448
4553,919,30,3,3373.8,CANCELLED,2026-01-22 02:35:41.465448
4554,875,39,4,7378.12,COMPLETED,2026-07-07 07:00:41.465448
4555,596,82,1,1714.57,COMPLETED,2025-12-30 21:50:41.465448
4556,204,68,2,914.02,PENDING,2026-01-25 00:50:41.465448
4557,936,96,4,1170.8,COMPLETED,2026-06-11 02:43:41.465448
4558,571,20,5,6877.4,CANCELLED,2026-07-07 06:44:41.465448
4559,422,107,4,6301.56,COMPLETED,2026-08-08 12:09:41.465448
4560,478,111,4,3026.48,COMPLETED,2026-07-26 16:37:41.465448
4561,294,103,3,5373.78,PENDING,2026-04-10 14:12:41.465448
4562,875,36,4,3605.52,PENDING,2025-11-13 11:48:41.465448
4563,1000,168,1,1267.72,COMPLETED,2026-07-20 15:01:41.465448
4564,186,156,3,1653.09,COMPLETED,2026-06-08 22:46:41.465448
4565,915,110,1,1999.92,CANCELLED,2026-08-29 10:33:41.465448
4566,565,42,5,8949.65,COMPLETED,2025-09-25 16:06:41.465448
4567,635,118,1,1551.19,COMPLETED,2026-02-08 20:55:41.465448
4568,389,87,3,1802.88,CANCELLED,2026-06-21 10:28:41.465448
4569,647,24,1,1350.3,CANCELLED,2025-09-24 18:17:41.465448
4570,666,59,4,4857.0,COMPLETED,2026-08-19 08:01:41.465448
4571,476,148,5,2723.95,COMPLETED,2025-11-06 02:13:41.465448
4572,983,85,1,995.72,COMPLETED,2026-04-01 18:59:41.465448
4573,944,30,3,3373.8,PENDING,2026-08-11 19:43:41.465448
4574,858,139,2,2468.08,COMPLETED,2026-01-28 18:49:41.465448
4575,686,187,4,3366.68,PENDING,2026-03-16 03:17:41.465448
4576,551,107,2,3150.78,PENDING,2026-06-22 08:09:41.465448
4577,509,30,2,2249.2,COMPLETED,2026-04-10 02:12:41.465448
4578,376,162,4,4975.32,COMPLETED,2026-05-22 00:51:41.465448
4579,942,119,1,705.76,COMPLETED,2026-04-05 00:43:41.465448
4580,727,72,2,671.16,PENDING,2026-01-14 10:08:41.465448
4581,548,33,1,549.81,CANCELLED,2025-09-15 13:26:41.465448
4582,641,156,3,1653.09,COMPLETED,2025-11-27 09:34:41.465448
4583,944,167,5,3620.8,COMPLETED,2026-03-16 11:41:41.465448
4584,806,97,1,1785.95,CANCELLED,2026-02-25 14:45:41.465448
4585,416,176,4,2416.4,COMPLETED,2026-07-01 17:09:41.465448
4586,140,94,5,9579.9,COMPLETED,2026-06-25 04:25:41.465448
4587,658,56,5,8816.1,COMPLETED,2026-03-01 11:45:41.465448
4588,811,78,5,110.5,PENDING,2026-07-18 02:23:41.465448
4589,399,90,2,280.44,COMPLETED,2026-05-11 07:50:41.465448
4590,455,145,2,1138.68,PENDING,2026-03-10 00:44:41.465448
4591,360,7,4,2612.64,COMPLETED,2026-06-13 19:23:41.465448
4592,89,155,5,5066.0,CANCELLED,2026-02-07 16:05:41.465448
4593,377,103,3,5373.78,COMPLETED,2026-02-11 18:57:41.465448
4594,1000,153,5,766.95,PENDING,2025-10-14 19:12:41.465448
4595,77,156,2,1102.06,PENDING,2026-02-13 20:48:41.465448
4596,559,83,4,3539.44,CANCELLED,2026-06-26 07:18:41.465448
4597,965,149,3,4598.73,COMPLETED,2025-10-27 04:15:41.465448
4598,422,78,4,88.4,COMPLETED,2025-11-12 05:13:41.465448
4599,218,45,1,737.39,PENDING,2025-10-06 03:06:41.465448
4600,389,199,2,1037.34,CANCELLED,2025-10-09 02:39:41.465448
4601,164,85,5,4978.6,COMPLETED,2026-03-09 10:49:41.465448
4602,301,120,5,7553.5,COMPLETED,2026-08-20 13:12:41.465448
4603,383,36,3,2704.14,CANCELLED,2026-06-05 03:49:41.465448
4604,55,59,4,4857.0,COMPLETED,2025-09-13 22:24:41.465448
4605,419,185,4,3006.96,COMPLETED,2026-03-19 14:02:41.465448
4606,71,124,2,2804.32,COMPLETED,2026-02-26 06:50:41.465448
4607,307,29,4,7957.28,COMPLETED,2026-04-11 06:21:41.465448
4608,920,3,3,3280.38,COMPLETED,2025-12-23 09:13:41.465448
4609,52,164,1,1928.3,COMPLETED,2026-05-26 14:58:41.465448
4610,173,188,1,112.56,COMPLETED,2026-03-29 07:37:41.465448
4611,534,31,2,1381.82,CANCELLED,2025-11-20 01:06:41.465448
4612,541,138,4,5992.2,COMPLETED,2026-07-20 05:10:41.465448
4613,35,170,1,1010.71,COMPLETED,2026-02-24 14:09:41.465448
4614,809,43,4,7730.32,COMPLETED,2025-11-09 19:48:41.465448
4615,965,35,3,1834.62,COMPLETED,2026-05-06 12:00:41.465448
4616,345,166,3,1086.39,COMPLETED,2025-10-05 05:04:41.465448
4617,901,173,3,3804.21,COMPLETED,2026-01-16 15:16:41.465448
4618,414,149,1,1532.91,COMPLETED,2026-07-01 19:37:41.465448
4619,783,116,5,5848.05,COMPLETED,2025-12-16 20:32:41.465448
4620,418,8,5,5912.6,COMPLETED,2026-03-27 17:21:41.465448
4621,627,63,5,8238.3,COMPLETED,2026-03-21 20:23:41.465448
4622,576,99,1,824.6,CANCELLED,2026-08-16 05:30:41.465448
4623,500,14,2,1441.86,COMPLETED,2026-05-24 10:45:41.465448
4624,404,58,4,6436.96,COMPLETED,2026-05-24 16:50:41.465448
4625,649,39,3,5533.59,COMPLETED,2026-08-14 12:36:41.465448
4626,697,120,5,7553.5,COMPLETED,2025-11-25 11:46:41.465448
4627,721,48,1,1436.48,COMPLETED,2026-06-21 23:44:41.465448
4628,971,90,3,420.66,COMPLETED,2026-03-14 21:01:41.465448
4629,345,92,3,1030.62,PENDING,2025-10-29 15:46:41.465448
4630,872,10,2,1681.94,CANCELLED,2025-12-30 15:33:41.465448
4631,207,73,2,1713.5,PENDING,2026-02-26 11:10:41.465448
4632,300,6,2,1627.02,COMPLETED,2026-03-18 15:08:41.465448
4633,846,162,5,6219.15,COMPLETED,2026-05-31 14:10:41.465448
4634,760,165,3,4280.67,CANCELLED,2026-02-11 20:57:41.465448
4635,782,175,1,185.61,COMPLETED,2026-06-01 11:47:41.465448
4636,161,139,2,2468.08,PENDING,2026-07-04 08:08:41.465448
4637,901,63,4,6590.64,COMPLETED,2026-02-22 02:22:41.465448
4638,601,72,3,1006.74,CANCELLED,2025-12-08 16:15:41.465448
4639,649,194,1,1723.76,COMPLETED,2026-09-10 01:51:41.465448
4640,331,130,2,3833.82,PENDING,2025-10-16 15:23:41.465448
4641,243,159,5,4091.05,PENDING,2025-11-18 11:03:41.465448
4642,98,66,1,466.35,COMPLETED,2026-08-10 12:15:41.465448
4643,559,194,2,3447.52,COMPLETED,2025-10-21 11:04:41.465448
4644,530,36,3,2704.14,PENDING,2026-04-13 13:03:41.465448
4645,662,107,1,1575.39,COMPLETED,2025-11-07 16:17:41.465448
4646,906,68,5,2285.05,CANCELLED,2026-07-26 19:01:41.465448
4647,109,109,1,981.86,COMPLETED,2026-06-20 05:20:41.465448
4648,395,153,4,613.56,PENDING,2026-06-26 13:55:41.465448
4649,395,42,2,3579.86,CANCELLED,2026-05-20 02:33:41.465448
4650,215,74,1,197.72,COMPLETED,2025-09-13 18:00:41.465448
4651,942,54,2,805.4,COMPLETED,2026-01-24 17:03:41.465448
4652,596,97,1,1785.95,COMPLETED,2026-02-14 04:25:41.465448
4653,383,44,2,3280.6,COMPLETED,2026-01-04 21:55:41.465448
4654,608,161,3,5703.36,PENDING,2025-09-24 22:12:41.465448
4655,114,42,3,5369.79,COMPLETED,2025-11-21 23:02:41.465448
4656,392,200,2,2156.28,CANCELLED,2026-06-19 02:13:41.465448
4657,58,124,4,5608.64,COMPLETED,2026-06-15 17:01:41.465448
4658,826,120,2,3021.4,COMPLETED,2026-03-30 02:57:41.465448
4659,13,144,2,992.2,COMPLETED,2025-10-07 02:37:41.465448
4660,141,65,4,6863.8,COMPLETED,2025-09-16 18:58:41.465448
4661,52,112,1,386.81,COMPLETED,2026-04-28 04:35:41.465448
4662,173,39,2,3689.06,COMPLETED,2026-01-06 13:43:41.465448
4663,94,147,3,5954.94,COMPLETED,2025-12-27 06:56:41.465448
4664,621,144,5,2480.5,COMPLETED,2026-08-08 15:58:41.465448
4665,945,124,4,5608.64,CANCELLED,2025-12-03 13:32:41.465448
4666,782,189,3,1158.12,PENDING,2025-11-26 06:13:41.465448
4667,319,8,2,2365.04,COMPLETED,2025-12-04 02:34:41.465448
4668,47,143,4,7098.6,CANCELLED,2025-11-03 21:42:41.465448
4669,171,132,2,317.76,COMPLETED,2025-11-26 21:47:41.465448
4670,578,126,3,3656.55,PENDING,2026-05-22 10:25:41.465448
4671,263,187,1,841.67,PENDING,2025-10-28 10:48:41.465448
4672,321,24,2,2700.6,COMPLETED,2026-05-01 23:43:41.465448
4673,175,47,1,291.02,COMPLETED,2026-04-22 05:30:41.465448
4674,48,34,2,3944.02,COMPLETED,2026-04-15 22:53:41.465448
4675,703,78,5,110.5,CANCELLED,2025-10-21 01:49:41.465448
4676,220,48,3,4309.44,COMPLETED,2026-05-02 16:28:41.465448
4677,88,122,1,1292.76,COMPLETED,2025-12-05 11:49:41.465448
4678,626,10,3,2522.91,PENDING,2026-07-05 07:05:41.465448
4679,193,102,1,439.03,CANCELLED,2026-07-11 10:16:41.465448
4680,817,190,2,3566.78,PENDING,2026-07-13 08:28:41.465448
4681,254,65,1,1715.95,COMPLETED,2026-04-05 13:06:41.465448
4682,714,55,5,5949.85,CANCELLED,2026-01-10 14:25:41.465448
4683,837,177,5,1842.3,COMPLETED,2025-12-26 04:51:41.465448
4684,16,56,5,8816.1,COMPLETED,2026-05-31 23:19:41.465448
4685,346,8,1,1182.52,PENDING,2025-10-04 11:03:41.465448
4686,799,136,5,282.65,COMPLETED,2026-03-03 20:59:41.465448
4687,668,44,2,3280.6,CANCELLED,2026-01-21 04:29:41.465448
4688,874,75,2,2479.8,COMPLETED,2025-12-14 14:27:41.465448
4689,519,5,4,1040.8,CANCELLED,2026-02-03 12:25:41.465448
4690,989,78,4,88.4,CANCELLED,2025-10-31 02:24:41.465448
4691,886,1,4,6272.32,COMPLETED,2026-05-02 14:50:41.465448
4692,811,1,4,6272.32,COMPLETED,2026-04-24 04:06:41.465448
4693,458,185,4,3006.96,PENDING,2025-12-22 14:57:41.465448
4694,40,149,2,3065.82,COMPLETED,2026-01-09 14:19:41.465448
4695,251,30,2,2249.2,COMPLETED,2026-03-23 02:54:41.465448
4696,934,69,1,1733.82,COMPLETED,2026-02-06 08:12:41.465448
4697,728,167,5,3620.8,COMPLETED,2026-07-14 05:14:41.465448
4698,6,30,2,2249.2,COMPLETED,2026-09-01 04:33:41.465448
4699,151,130,3,5750.73,COMPLETED,2025-09-27 12:07:41.465448
4700,955,86,4,5685.0,COMPLETED,2026-02-01 02:39:41.465448
4701,629,193,4,4160.84,COMPLETED,2026-09-08 19:53:41.465448
4702,643,72,1,335.58,COMPLETED,2025-09-21 06:02:41.465448
4703,749,157,3,1897.2,COMPLETED,2026-02-15 08:42:41.465448
4704,555,144,4,1984.4,COMPLETED,2026-01-27 03:31:41.465448
4705,613,82,4,6858.28,COMPLETED,2026-04-06 08:24:41.465448
4706,988,181,1,485.53,COMPLETED,2026-08-11 20:40:41.465448
4707,831,128,1,415.39,COMPLETED,2025-12-18 05:42:41.465448
4708,774,157,2,1264.8,COMPLETED,2026-02-11 20:47:41.465448
4709,366,163,4,4758.0,COMPLETED,2025-09-15 23:54:41.465448
4710,899,82,2,3429.14,PENDING,2026-07-07 22:37:41.465448
4711,234,37,3,4400.34,PENDING,2026-01-26 21:49:41.465448
4712,967,112,2,773.62,COMPLETED,2026-06-08 19:46:41.465448
4713,701,192,1,1251.36,CANCELLED,2026-04-24 08:48:41.465448
4714,554,89,5,6893.15,PENDING,2026-06-18 04:16:41.465448
4715,624,18,4,2295.84,CANCELLED,2025-11-07 19:05:41.465448
4716,105,15,3,3606.96,COMPLETED,2026-04-18 02:39:41.465448
4717,87,141,5,809.95,COMPLETED,2026-02-28 01:04:41.465448
4718,707,101,1,1920.7,CANCELLED,2026-04-10 16:08:41.465448
4719,329,98,3,4883.25,COMPLETED,2026-03-17 22:24:41.465448
4720,339,62,4,7664.84,CANCELLED,2026-01-08 15:14:41.465448
4721,141,106,1,1244.36,CANCELLED,2025-10-04 09:31:41.465448
4722,592,12,4,6712.64,COMPLETED,2026-03-31 03:17:41.465448
4723,993,73,3,2570.25,COMPLETED,2026-04-15 00:12:41.465448
4724,831,180,3,183.39,CANCELLED,2025-10-06 02:17:41.465448
4725,204,119,3,2117.28,CANCELLED,2025-10-13 03:55:41.465448
4726,717,172,2,263.32,PENDING,2026-05-06 00:50:41.465448
4727,453,16,1,1099.13,COMPLETED,2026-07-30 20:39:41.465448
4728,978,141,3,485.97,COMPLETED,2025-11-30 23:09:41.465448
4729,647,16,2,2198.26,COMPLETED,2026-02-27 13:14:41.465448
4730,393,99,4,3298.4,COMPLETED,2025-11-28 19:53:41.465448
4731,778,100,1,134.04,PENDING,2026-08-21 04:56:41.465448
4732,740,104,3,716.91,PENDING,2025-10-18 21:13:41.465448
4733,991,199,3,1556.01,COMPLETED,2026-05-15 01:44:41.465448
4734,736,164,5,9641.5,COMPLETED,2026-05-05 14:10:41.465448
4735,400,149,3,4598.73,CANCELLED,2026-01-02 12:15:41.465448
4736,756,129,5,6911.65,COMPLETED,2026-02-21 17:25:41.465448
4737,232,35,5,3057.7,CANCELLED,2026-04-05 09:43:41.465448
4738,517,25,4,6124.44,COMPLETED,2025-09-22 12:36:41.465448
4739,521,139,3,3702.12,COMPLETED,2026-03-31 12:55:41.465448
4740,533,107,5,7876.95,CANCELLED,2026-07-31 17:16:41.465448
4741,935,61,5,7354.8,CANCELLED,2026-02-04 10:33:41.465448
4742,1000,40,4,3690.48,CANCELLED,2026-04-03 21:16:41.465448
4743,239,148,4,2179.16,PENDING,2026-01-24 03:54:41.465448
4744,258,98,4,6511.0,COMPLETED,2026-07-11 23:19:41.465448
4745,962,36,3,2704.14,COMPLETED,2026-08-21 05:41:41.465448
4746,312,36,3,2704.14,COMPLETED,2025-12-06 03:17:41.465448
4747,178,124,4,5608.64,PENDING,2025-12-13 03:23:41.465448
4748,770,13,2,3348.16,PENDING,2026-01-11 10:20:41.465448
4749,302,149,1,1532.91,PENDING,2026-03-25 11:31:41.465448
4750,422,21,3,5898.33,COMPLETED,2026-08-05 01:32:41.465448
4751,839,67,2,3033.98,COMPLETED,2026-04-10 13:40:41.465448
4752,591,42,2,3579.86,COMPLETED,2026-07-28 18:43:41.465448
4753,49,190,5,8916.95,PENDING,2026-05-28 13:56:41.465448
4754,217,145,2,1138.68,PENDING,2025-11-25 15:46:41.465448
4755,94,180,2,122.26,COMPLETED,2025-11-28 02:00:41.465448
4756,219,147,4,7939.92,COMPLETED,2025-11-03 20:02:41.465448
4757,772,71,4,6189.28,COMPLETED,2025-09-30 06:06:41.465448
4758,616,43,1,1932.58,PENDING,2025-12-30 14:39:41.465448
4759,521,161,4,7604.48,COMPLETED,2025-10-23 06:31:41.465448
4760,849,7,1,653.16,COMPLETED,2026-02-15 12:32:41.465448
4761,622,135,4,1902.48,CANCELLED,2026-02-13 23:45:41.465448
4762,969,200,4,4312.56,CANCELLED,2026-04-17 20:53:41.465448
4763,934,11,2,939.3,PENDING,2026-06-09 05:13:41.465448
4764,761,197,2,2133.84,CANCELLED,2026-05-28 14:32:41.465448
4765,711,129,2,2764.66,COMPLETED,2025-11-21 19:29:41.465448
4766,658,193,3,3120.63,COMPLETED,2026-06-23 03:28:41.465448
4767,11,96,4,1170.8,COMPLETED,2026-02-14 12:26:41.465448
4768,811,25,5,7655.55,COMPLETED,2026-06-10 19:15:41.465448
4769,464,99,1,824.6,COMPLETED,2026-03-16 17:27:41.465448
4770,403,80,3,3916.26,PENDING,2026-08-14 17:22:41.465448
4771,777,86,3,4263.75,COMPLETED,2026-03-29 02:28:41.465448
4772,207,6,3,2440.53,CANCELLED,2025-10-09 22:41:41.465448
4773,317,110,3,5999.76,COMPLETED,2026-03-11 17:36:41.465448
4774,466,44,1,1640.3,CANCELLED,2026-03-26 13:45:41.465448
4775,612,10,3,2522.91,CANCELLED,2026-07-01 16:34:41.465448
4776,458,72,2,671.16,CANCELLED,2025-09-30 17:27:41.465448
4777,465,33,4,2199.24,COMPLETED,2025-10-10 14:19:41.465448
4778,456,102,3,1317.09,COMPLETED,2026-07-06 23:18:41.465448
4779,68,16,1,1099.13,PENDING,2026-06-02 10:19:41.465448
4780,258,200,5,5390.7,CANCELLED,2026-07-15 00:43:41.465448
4781,713,75,3,3719.7,COMPLETED,2026-02-06 11:08:41.465448
4782,706,146,1,1066.96,COMPLETED,2025-11-03 16:40:41.465448
4783,601,179,1,608.24,COMPLETED,2026-04-25 16:03:41.465448
4784,586,170,3,3032.13,CANCELLED,2026-08-14 03:47:41.465448
4785,405,149,4,6131.64,COMPLETED,2025-11-10 08:31:41.465448
4786,278,20,1,1375.48,COMPLETED,2026-03-29 19:47:41.465448
4787,620,155,5,5066.0,COMPLETED,2026-04-15 11:39:41.465448
4788,756,166,3,1086.39,COMPLETED,2026-07-05 09:14:41.465448
4789,512,185,4,3006.96,COMPLETED,2026-02-12 07:06:41.465448
4790,308,51,4,6969.12,PENDING,2026-05-04 10:23:41.465448
4791,611,147,1,1984.98,PENDING,2025-11-14 21:01:41.465448
4792,109,110,5,9999.6,COMPLETED,2026-07-02 03:37:41.465448
4793,465,111,2,1513.24,COMPLETED,2025-10-16 02:41:41.465448
4794,626,149,1,1532.91,CANCELLED,2026-07-24 01:33:41.465448
4795,822,82,2,3429.14,COMPLETED,2025-10-16 11:18:41.465448
4796,22,175,5,928.05,COMPLETED,2025-10-11 10:58:41.465448
4797,391,52,4,4477.88,PENDING,2025-12-03 14:00:41.465448
4798,847,123,1,1800.64,COMPLETED,2025-09-24 09:51:41.465448
4799,239,115,1,1849.1,COMPLETED,2025-10-04 10:34:41.465448
4800,721,51,1,1742.28,COMPLETED,2025-10-21 19:05:41.465448
4801,509,30,2,2249.2,COMPLETED,2026-05-12 05:23:41.465448
4802,205,139,4,4936.16,CANCELLED,2026-07-24 07:18:41.465448
4803,701,37,2,2933.56,PENDING,2026-02-13 06:59:41.465448
4804,256,56,3,5289.66,PENDING,2025-10-27 15:58:41.465448
4805,822,194,3,5171.28,CANCELLED,2026-02-24 14:34:41.465448
4806,301,163,4,4758.0,COMPLETED,2025-12-25 14:06:41.465448
4807,973,146,2,2133.92,COMPLETED,2025-10-04 01:06:41.465448
4808,588,139,3,3702.12,CANCELLED,2025-10-01 22:52:41.465448
4809,521,181,3,1456.59,COMPLETED,2025-11-20 19:52:41.465448
4810,569,162,2,2487.66,COMPLETED,2025-11-27 17:28:41.465448
4811,127,99,3,2473.8,COMPLETED,2025-10-08 01:43:41.465448
4812,865,7,1,653.16,COMPLETED,2025-11-30 08:41:41.465448
4813,704,112,3,1160.43,COMPLETED,2026-05-14 15:45:41.465448
4814,978,157,1,632.4,COMPLETED,2025-10-26 14:09:41.465448
4815,982,141,3,485.97,COMPLETED,2026-04-23 08:12:41.465448
4816,662,110,3,5999.76,COMPLETED,2026-03-28 05:17:41.465448
4817,322,20,5,6877.4,COMPLETED,2025-10-13 12:41:41.465448
4818,492,117,1,507.96,COMPLETED,2026-09-07 02:33:41.465448
4819,595,188,2,225.12,COMPLETED,2026-08-21 09:51:41.465448
4820,685,145,3,1708.02,COMPLETED,2026-06-08 19:20:41.465448
4821,386,192,4,5005.44,COMPLETED,2026-07-08 01:23:41.465448
4822,792,80,1,1305.42,COMPLETED,2026-07-02 09:33:41.465448
4823,525,2,3,4554.24,PENDING,2026-04-06 02:44:41.465448
4824,777,89,3,4135.89,COMPLETED,2025-11-21 15:50:41.465448
4825,162,96,5,1463.5,COMPLETED,2026-05-18 21:18:41.465448
4826,613,177,4,1473.84,PENDING,2025-09-25 20:11:41.465448
4827,90,4,1,904.74,CANCELLED,2026-08-28 21:24:41.465448
4828,91,77,2,2876.2,COMPLETED,2025-10-13 21:41:41.465448
4829,635,47,1,291.02,COMPLETED,2026-07-17 18:46:41.465448
4830,103,128,3,1246.17,COMPLETED,2026-05-13 08:00:41.465448
4831,680,198,5,5114.2,CANCELLED,2025-11-11 20:25:41.465448
4832,905,15,3,3606.96,COMPLETED,2026-08-23 17:13:41.465448
4833,351,192,3,3754.08,PENDING,2025-12-30 14:02:41.465448
4834,448,172,1,131.66,COMPLETED,2025-09-26 16:15:41.465448
4835,594,1,1,1568.08,COMPLETED,2026-08-27 14:33:41.465448
4836,951,122,2,2585.52,COMPLETED,2026-01-12 03:38:41.465448
4837,866,138,3,4494.15,COMPLETED,2026-06-20 11:32:41.465448
4838,991,5,2,520.4,CANCELLED,2026-01-23 07:11:41.465448
4839,169,159,2,1636.42,PENDING,2026-03-20 08:26:41.465448
4840,57,187,3,2525.01,PENDING,2026-05-08 08:04:41.465448
4841,497,120,1,1510.7,CANCELLED,2026-06-08 02:35:41.465448
4842,719,70,4,6692.2,COMPLETED,2026-08-26 03:10:41.465448
4843,61,64,4,3434.76,PENDING,2026-09-06 19:24:41.465448
4844,565,49,1,983.21,CANCELLED,2025-11-03 15:05:41.465448
4845,878,143,1,1774.65,COMPLETED,2025-09-23 00:13:41.465448
4846,74,64,5,4293.45,COMPLETED,2025-10-29 21:18:41.465448
4847,646,30,4,4498.4,COMPLETED,2025-12-11 08:40:41.465448
4848,814,24,2,2700.6,PENDING,2026-04-03 15:46:41.465448
4849,408,47,3,873.06,COMPLETED,2026-04-21 10:47:41.465448
4850,226,3,4,4373.84,PENDING,2026-04-01 19:09:41.465448
4851,340,12,2,3356.32,COMPLETED,2026-07-27 22:50:41.465448
4852,966,100,4,536.16,CANCELLED,2026-08-16 02:45:41.465448
4853,3,119,1,705.76,COMPLETED,2026-05-28 00:29:41.465448
4854,464,105,1,1707.95,PENDING,2026-04-14 14:36:41.465448
4855,704,166,2,724.26,CANCELLED,2026-02-18 17:28:41.465448
4856,693,139,2,2468.08,COMPLETED,2026-03-21 23:37:41.465448
4857,54,64,1,858.69,PENDING,2026-01-06 06:40:41.465448
4858,358,90,2,280.44,CANCELLED,2026-04-07 17:44:41.465448
4859,759,158,3,2857.38,COMPLETED,2026-05-28 01:48:41.465448
4860,690,111,2,1513.24,PENDING,2026-04-23 20:18:41.465448
4861,501,164,4,7713.2,COMPLETED,2026-08-29 15:20:41.465448
4862,354,42,3,5369.79,COMPLETED,2025-10-02 21:48:41.465448
4863,326,59,3,3642.75,COMPLETED,2026-08-14 21:05:41.465448
4864,473,90,1,140.22,COMPLETED,2025-11-23 23:11:41.465448
4865,857,196,4,5109.64,COMPLETED,2026-04-18 02:52:41.465448
4866,704,102,2,878.06,COMPLETED,2026-07-17 14:24:41.465448
4867,457,36,2,1802.76,COMPLETED,2026-04-26 01:39:41.465448
4868,759,44,3,4920.9,CANCELLED,2026-02-23 21:21:41.465448
4869,729,109,2,1963.72,PENDING,2026-05-08 20:46:41.465448
4870,707,137,3,2827.5,COMPLETED,2025-11-25 05:47:41.465448
4871,265,183,4,1517.04,COMPLETED,2026-03-07 13:22:41.465448
4872,731,141,5,809.95,PENDING,2025-10-24 10:54:41.465448
4873,215,167,3,2172.48,CANCELLED,2025-11-22 23:46:41.465448
4874,641,98,2,3255.5,COMPLETED,2025-12-31 22:17:41.465448
4875,966,13,4,6696.32,COMPLETED,2026-07-16 08:48:41.465448
4876,158,103,3,5373.78,COMPLETED,2025-11-19 16:18:41.465448
4877,31,95,5,8579.7,PENDING,2026-03-10 22:06:41.465448
4878,524,95,2,3431.88,COMPLETED,2026-08-12 00:10:41.465448
4879,976,152,3,1753.89,COMPLETED,2026-04-24 11:33:41.465448
4880,42,57,3,3725.07,COMPLETED,2026-09-05 15:47:41.465448
4881,330,80,3,3916.26,COMPLETED,2025-12-14 06:45:41.465448
4882,304,19,4,2102.72,CANCELLED,2026-04-18 11:14:41.465448
4883,331,99,1,824.6,PENDING,2025-10-24 11:24:41.465448
4884,772,126,4,4875.4,COMPLETED,2026-05-24 18:33:41.465448
4885,577,101,5,9603.5,COMPLETED,2025-09-23 00:42:41.465448
4886,819,140,3,4399.35,COMPLETED,2026-08-27 18:49:41.465448
4887,689,144,4,1984.4,COMPLETED,2026-06-07 01:15:41.465448
4888,79,150,1,1298.3,CANCELLED,2025-10-24 14:09:41.465448
4889,860,79,2,632.2,COMPLETED,2026-03-12 02:55:41.465448
4890,340,102,5,2195.15,CANCELLED,2026-05-13 03:14:41.465448
4891,298,13,3,5022.24,COMPLETED,2025-10-29 12:41:41.465448
4892,791,150,4,5193.2,COMPLETED,2025-10-13 02:59:41.465448
4893,846,53,2,2818.56,COMPLETED,2026-09-06 14:14:41.465448
4894,968,56,5,8816.1,PENDING,2026-02-10 09:47:41.465448
4895,395,14,3,2162.79,CANCELLED,2025-09-26 15:38:41.465448
4896,353,110,2,3999.84,COMPLETED,2026-03-30 01:34:41.465448
4897,892,118,4,6204.76,COMPLETED,2025-10-19 22:18:41.465448
4898,770,9,4,1285.64,COMPLETED,2026-04-13 14:44:41.465448
4899,55,55,2,2379.94,COMPLETED,2026-01-08 17:10:41.465448
4900,382,28,1,1857.2,CANCELLED,2026-06-12 05:59:41.465448
4901,920,58,1,1609.24,CANCELLED,2026-05-04 10:20:41.465448
4902,650,49,3,2949.63,COMPLETED,2026-04-03 04:51:41.465448
4903,327,169,3,5536.02,PENDING,2025-10-28 08:00:41.465448
4904,650,85,4,3982.88,COMPLETED,2025-11-25 01:58:41.465448
4905,799,41,5,6048.15,COMPLETED,2026-01-31 15:47:41.465448
4906,764,98,1,1627.75,CANCELLED,2026-01-09 07:04:41.465448
4907,309,83,2,1769.72,CANCELLED,2026-09-11 10:49:41.465448
4908,443,69,3,5201.46,COMPLETED,2025-09-16 10:08:41.465448
4909,607,24,4,5401.2,COMPLETED,2025-10-24 12:42:41.465448
4910,355,155,1,1013.2,COMPLETED,2025-12-03 20:16:41.465448
4911,23,130,4,7667.64,CANCELLED,2026-07-19 15:08:41.465448
4912,858,114,5,2439.3,COMPLETED,2026-05-17 17:49:41.465448
4913,796,127,2,1105.68,PENDING,2026-08-02 17:00:41.465448
4914,764,120,5,7553.5,PENDING,2026-08-25 10:08:41.465448
4915,662,130,5,9584.55,PENDING,2025-10-09 01:46:41.465448
4916,295,160,5,7527.9,COMPLETED,2026-02-09 21:58:41.465448
4917,455,157,3,1897.2,COMPLETED,2025-09-30 06:29:41.465448
4918,926,180,1,61.13,COMPLETED,2025-12-06 00:55:41.465448
4919,740,39,1,1844.53,COMPLETED,2026-05-09 00:16:41.465448
4920,456,6,3,2440.53,COMPLETED,2026-02-26 13:17:41.465448
4921,76,115,2,3698.2,COMPLETED,2026-07-15 15:17:41.465448
4922,315,52,1,1119.47,PENDING,2025-09-24 03:07:41.465448
4923,74,31,3,2072.73,COMPLETED,2026-02-18 18:56:41.465448
4924,744,81,1,1361.4,CANCELLED,2025-11-06 07:19:41.465448
4925,720,92,4,1374.16,COMPLETED,2026-06-28 11:04:41.465448
4926,183,113,2,3974.42,COMPLETED,2026-04-11 23:26:41.465448
4927,523,103,5,8956.3,COMPLETED,2026-06-03 03:38:41.465448
4928,163,20,3,4126.44,COMPLETED,2026-06-10 00:22:41.465448
4929,171,55,1,1189.97,PENDING,2026-08-26 22:06:41.465448
4930,312,150,5,6491.5,CANCELLED,2025-09-21 03:55:41.465448
4931,501,80,4,5221.68,PENDING,2025-09-15 08:10:41.465448
4932,760,101,1,1920.7,COMPLETED,2025-11-13 05:18:41.465448
4933,750,183,3,1137.78,COMPLETED,2025-11-15 17:22:41.465448
4934,43,183,1,379.26,COMPLETED,2026-05-30 23:43:41.465448
4935,116,74,3,593.16,COMPLETED,2025-12-17 14:42:41.465448
4936,148,150,2,2596.6,COMPLETED,2026-07-19 06:03:41.465448
4937,288,165,3,4280.67,COMPLETED,2026-03-30 07:29:41.465448
4938,568,138,5,7490.25,COMPLETED,2026-02-13 04:54:41.465448
4939,24,15,5,6011.6,PENDING,2025-11-11 17:33:41.465448
4940,655,76,5,1844.55,COMPLETED,2026-01-17 08:49:41.465448
4941,68,128,4,1661.56,PENDING,2026-04-30 19:15:41.465448
4942,426,151,3,650.1,COMPLETED,2026-02-26 05:58:41.465448
4943,415,50,4,3838.44,COMPLETED,2026-04-02 22:35:41.465448
4944,825,162,4,4975.32,CANCELLED,2026-07-21 15:50:41.465448
4945,12,73,2,1713.5,CANCELLED,2026-02-14 06:10:41.465448
4946,946,157,5,3162.0,COMPLETED,2026-06-27 14:41:41.465448
4947,858,41,1,1209.63,COMPLETED,2026-03-22 10:00:41.465448
4948,846,50,3,2878.83,COMPLETED,2026-02-12 06:43:41.465448
4949,182,64,4,3434.76,COMPLETED,2026-01-12 00:18:41.465448
4950,72,138,4,5992.2,COMPLETED,2026-05-31 14:58:41.465448
4951,732,44,4,6561.2,PENDING,2026-05-24 13:58:41.465448
4952,770,146,3,3200.88,CANCELLED,2026-01-15 20:44:41.465448
4953,777,10,5,4204.85,COMPLETED,2025-12-02 21:02:41.465448
4954,1000,121,5,5922.05,COMPLETED,2025-11-29 11:37:41.465448
4955,483,67,1,1516.99,COMPLETED,2026-05-31 08:53:41.465448
4956,490,193,2,2080.42,CANCELLED,2025-12-19 18:39:41.465448
4957,947,164,4,7713.2,COMPLETED,2025-11-29 12:28:41.465448
4958,507,47,3,873.06,COMPLETED,2026-06-19 01:02:41.465448
4959,67,134,2,3200.68,COMPLETED,2026-02-21 03:11:41.465448
4960,521,40,3,2767.86,COMPLETED,2026-05-10 17:17:41.465448
4961,761,198,5,5114.2,PENDING,2025-12-27 15:38:41.465448
4962,241,166,5,1810.65,COMPLETED,2026-04-19 00:50:41.465448
4963,614,39,5,9222.65,COMPLETED,2026-06-23 04:51:41.465448
4964,107,41,1,1209.63,COMPLETED,2026-04-17 19:29:41.465448
4965,96,83,2,1769.72,COMPLETED,2026-04-03 21:41:41.465448
4966,443,7,1,653.16,COMPLETED,2026-06-03 03:56:41.465448
4967,922,44,3,4920.9,PENDING,2026-06-30 20:26:41.465448
4968,721,6,5,4067.55,COMPLETED,2026-01-06 17:02:41.465448
4969,938,126,5,6094.25,COMPLETED,2026-06-23 16:22:41.465448
4970,964,94,1,1915.98,CANCELLED,2026-02-16 12:56:41.465448
4971,55,150,2,2596.6,COMPLETED,2025-10-29 16:03:41.465448
4972,461,67,4,6067.96,COMPLETED,2026-02-24 08:26:41.465448
4973,241,16,2,2198.26,PENDING,2025-10-27 05:47:41.465448
4974,530,101,5,9603.5,COMPLETED,2026-08-26 09:16:41.465448
4975,110,44,5,8201.5,COMPLETED,2025-09-23 14:20:41.465448
4976,214,35,1,611.54,CANCELLED,2026-08-02 15:19:41.465448
4977,975,23,4,6642.16,COMPLETED,2026-06-02 13:46:41.465448
4978,201,180,5,305.65,COMPLETED,2026-06-27 18:23:41.465448
4979,281,134,3,4801.02,COMPLETED,2025-10-31 14:38:41.465448
4980,54,94,5,9579.9,PENDING,2026-04-07 18:57:41.465448
4981,136,148,1,544.79,COMPLETED,2026-08-05 21:02:41.465448
4982,623,132,4,635.52,CANCELLED,2025-10-29 16:30:41.465448
4983,84,22,2,893.08,COMPLETED,2026-02-26 18:51:41.465448
4984,562,194,2,3447.52,CANCELLED,2026-05-31 06:04:41.465448
4985,688,34,5,9860.05,COMPLETED,2025-12-18 14:03:41.465448
4986,418,158,4,3809.84,COMPLETED,2026-02-04 06:41:41.465448
4987,85,150,4,5193.2,COMPLETED,2025-11-24 11:26:41.465448
4988,966,105,2,3415.9,COMPLETED,2025-11-01 19:26:41.465448
4989,199,155,5,5066.0,COMPLETED,2025-11-18 08:05:41.465448
4990,913,167,2,1448.32,COMPLETED,2026-04-16 07:13:41.465448
4991,192,65,1,1715.95,COMPLETED,2026-01-10 04:37:41.465448
4992,570,51,3,5226.84,COMPLETED,2025-12-30 07:02:41.465448
4993,930,66,3,1399.05,COMPLETED,2026-03-13 15:14:41.465448
4994,466,29,3,5967.96,COMPLETED,2026-04-12 07:33:41.465448
4995,996,88,2,721.96,COMPLETED,2026-09-06 17:45:41.465448
4996,651,15,3,3606.96,PENDING,2026-08-06 19:26:41.465448
4997,388,15,5,6011.6,COMPLETED,2025-12-19 11:19:41.465448
4998,256,176,1,604.1,COMPLETED,2026-07-13 11:18:41.465448
4999,340,115,1,1849.1,PENDING,2026-04-13 03:21:41.465448
5000,619,78,3,66.3,COMPLETED,2025-11-10 04:36:41.465448
5001,855,122,5,6463.8,COMPLETED,2025-10-18 19:56:41.465448
5002,964,188,5,562.8,COMPLETED,2025-11-23 14:27:41.465448
5003,99,148,5,2723.95,PENDING,2026-03-29 18:30:41.465448
5004,825,198,2,2045.68,PENDING,2026-01-03 02:15:41.465448
5005,503,120,1,1510.7,PENDING,2026-04-15 22:01:41.465448
5006,972,177,4,1473.84,COMPLETED,2026-02-03 05:57:41.465448
5007,990,66,2,932.7,CANCELLED,2026-08-12 20:08:41.465448
5008,203,8,2,2365.04,PENDING,2025-12-13 03:00:41.465448
5009,125,115,4,7396.4,COMPLETED,2026-04-02 20:03:41.465448
5010,967,81,3,4084.2,COMPLETED,2026-08-30 00:27:41.465448
5011,747,128,4,1661.56,COMPLETED,2026-01-05 12:09:41.465448
5012,482,99,4,3298.4,COMPLETED,2025-11-10 14:06:41.465448
5013,595,120,1,1510.7,COMPLETED,2026-05-01 12:12:41.465448
5014,451,92,3,1030.62,PENDING,2026-08-02 04:59:41.465448
5015,152,9,5,1607.05,PENDING,2026-08-12 23:26:41.465448
5016,758,135,2,951.24,COMPLETED,2026-07-06 10:19:41.465448
5017,822,100,5,670.2,COMPLETED,2025-11-09 17:58:41.465448
5018,548,115,2,3698.2,COMPLETED,2026-03-15 06:55:41.465448
5019,806,186,3,1524.27,COMPLETED,2026-09-02 08:41:41.465448
5020,960,7,2,1306.32,COMPLETED,2025-10-27 17:14:41.465448
5021,986,139,2,2468.08,COMPLETED,2025-12-27 15:08:41.465448
5022,704,89,3,4135.89,CANCELLED,2026-09-12 02:56:41.465448
5023,905,93,3,3079.8,COMPLETED,2026-08-19 13:16:41.465448
5024,163,151,3,650.1,COMPLETED,2026-02-07 00:39:41.465448
5025,951,145,1,569.34,COMPLETED,2026-07-23 17:00:41.465448
5026,226,187,2,1683.34,PENDING,2025-10-24 12:25:41.465448
5027,308,149,3,4598.73,COMPLETED,2026-07-11 23:07:41.465448
5028,299,64,2,1717.38,PENDING,2026-03-13 20:07:41.465448
5029,364,140,5,7332.25,COMPLETED,2025-10-09 11:22:41.465448
5030,364,58,4,6436.96,PENDING,2026-08-31 11:34:41.465448
5031,930,83,4,3539.44,COMPLETED,2025-10-27 06:29:41.465448
5032,71,132,1,158.88,CANCELLED,2026-08-18 23:03:41.465448
5033,123,95,5,8579.7,COMPLETED,2026-02-28 06:32:41.465448
5034,509,89,1,1378.63,COMPLETED,2025-10-17 02:16:41.465448
5035,511,53,3,4227.84,PENDING,2025-10-19 06:24:41.465448
5036,258,169,5,9226.7,COMPLETED,2026-07-29 19:54:41.465448
5037,767,112,3,1160.43,CANCELLED,2026-04-08 12:55:41.465448
5038,867,127,5,2764.2,CANCELLED,2025-09-25 13:37:41.465448
5039,594,63,1,1647.66,COMPLETED,2026-06-30 14:32:41.465448
5040,514,157,4,2529.6,COMPLETED,2025-12-10 12:41:41.465448
5041,157,134,2,3200.68,PENDING,2026-04-26 03:29:41.465448
5042,203,63,3,4942.98,COMPLETED,2026-07-11 07:28:41.465448
5043,5,172,4,526.64,CANCELLED,2025-10-18 01:13:41.465448
5044,48,199,1,518.67,COMPLETED,2026-01-31 23:38:41.465448
5045,410,20,3,4126.44,CANCELLED,2026-07-17 15:26:41.465448
5046,342,37,2,2933.56,COMPLETED,2026-08-04 08:42:41.465448
5047,668,56,4,7052.88,COMPLETED,2025-09-18 23:58:41.465448
5048,277,60,3,5630.4,COMPLETED,2026-07-09 06:20:41.465448
5049,266,56,2,3526.44,PENDING,2025-12-04 10:36:41.465448
5050,997,64,1,858.69,PENDING,2026-05-12 17:59:41.465448
5051,967,66,2,932.7,CANCELLED,2025-11-14 08:57:41.465448
5052,447,17,3,2772.54,COMPLETED,2025-10-21 01:39:41.465448
5053,659,84,3,5552.16,COMPLETED,2025-12-06 07:04:41.465448
5054,286,196,2,2554.82,CANCELLED,2026-03-27 13:16:41.465448
5055,462,74,4,790.88,COMPLETED,2026-06-23 18:24:41.465448
5056,273,147,1,1984.98,CANCELLED,2026-04-01 01:14:41.465448
5057,157,123,3,5401.92,CANCELLED,2025-11-08 08:08:41.465448
5058,993,195,1,1649.13,COMPLETED,2026-05-14 14:11:41.465448
5059,868,185,2,1503.48,COMPLETED,2025-10-27 01:13:41.465448
5060,660,7,5,3265.8,COMPLETED,2025-11-30 15:58:41.465448
5061,297,27,2,144.56,CANCELLED,2025-11-27 17:46:41.465448
5062,498,62,5,9581.05,CANCELLED,2025-11-10 03:13:41.465448
5063,699,73,2,1713.5,CANCELLED,2026-03-03 22:07:41.465448
5064,173,84,2,3701.44,PENDING,2026-08-28 06:31:41.465448
5065,364,90,2,280.44,COMPLETED,2026-06-29 23:28:41.465448
5066,204,107,5,7876.95,CANCELLED,2026-01-04 01:08:41.465448
5067,834,79,1,316.1,COMPLETED,2026-06-18 18:44:41.465448
5068,100,151,5,1083.5,COMPLETED,2025-10-03 18:01:41.465448
5069,293,108,4,166.12,COMPLETED,2026-07-13 22:57:41.465448
5070,142,159,3,2454.63,PENDING,2026-02-20 22:28:41.465448
5071,626,155,3,3039.6,COMPLETED,2025-10-27 23:48:41.465448
5072,357,104,2,477.94,CANCELLED,2026-06-11 10:41:41.465448
5073,114,146,2,2133.92,PENDING,2025-10-29 14:26:41.465448
5074,883,62,4,7664.84,COMPLETED,2026-06-28 21:17:41.465448
5075,654,76,5,1844.55,COMPLETED,2026-02-11 05:24:41.465448
5076,794,90,2,280.44,COMPLETED,2026-05-05 17:21:41.465448
5077,901,20,3,4126.44,CANCELLED,2026-07-19 12:46:41.465448
5078,718,128,4,1661.56,COMPLETED,2026-06-07 01:58:41.465448
5079,147,105,2,3415.9,COMPLETED,2025-11-04 02:20:41.465448
5080,853,123,5,9003.2,CANCELLED,2025-12-20 00:24:41.465448
5081,463,48,4,5745.92,COMPLETED,2026-07-05 02:21:41.465448
5082,490,32,3,3811.02,COMPLETED,2026-05-06 12:08:41.465448
5083,1000,93,2,2053.2,PENDING,2025-12-15 07:20:41.465448
5084,959,125,5,3904.85,COMPLETED,2025-09-22 14:05:41.465448
5085,505,45,2,1474.78,COMPLETED,2026-03-09 23:17:41.465448
5086,881,164,5,9641.5,COMPLETED,2025-09-29 17:04:41.465448
5087,306,13,1,1674.08,COMPLETED,2025-12-24 22:00:41.465448
5088,623,135,5,2378.1,COMPLETED,2026-02-28 15:42:41.465448
5089,61,191,3,2343.78,CANCELLED,2025-11-28 19:37:41.465448
5090,17,30,2,2249.2,COMPLETED,2026-05-09 08:40:41.465448
5091,444,37,1,1466.78,CANCELLED,2026-06-17 00:57:41.465448
5092,454,78,5,110.5,COMPLETED,2025-11-02 18:40:41.465448
5093,585,124,5,7010.8,COMPLETED,2025-12-21 14:31:41.465448
5094,832,15,2,2404.64,COMPLETED,2025-12-11 16:05:41.465448
5095,327,118,2,3102.38,PENDING,2025-11-24 13:33:41.465448
5096,984,179,3,1824.72,COMPLETED,2025-11-06 05:46:41.465448
5097,605,99,2,1649.2,COMPLETED,2026-02-17 11:31:41.465448
5098,997,191,5,3906.3,PENDING,2026-05-02 21:45:41.465448
5099,335,141,5,809.95,PENDING,2026-01-05 17:01:41.465448
5100,819,196,1,1277.41,COMPLETED,2026-03-24 03:44:41.465448
5101,221,197,1,1066.92,COMPLETED,2026-05-01 19:20:41.465448
5102,275,23,5,8302.7,COMPLETED,2025-11-16 20:06:41.465448
5103,967,75,4,4959.6,CANCELLED,2025-12-01 05:26:41.465448
5104,701,173,4,5072.28,COMPLETED,2025-10-10 22:28:41.465448
5105,872,111,2,1513.24,COMPLETED,2026-08-25 10:11:41.465448
5106,586,146,2,2133.92,COMPLETED,2025-11-20 18:38:41.465448
5107,263,125,1,780.97,COMPLETED,2026-04-26 18:38:41.465448
5108,988,178,5,3432.9,COMPLETED,2026-07-19 06:33:41.465448
5109,922,196,1,1277.41,COMPLETED,2025-11-30 17:06:41.465448
5110,716,24,2,2700.6,PENDING,2026-06-23 13:31:41.465448
5111,108,53,2,2818.56,COMPLETED,2026-07-19 05:52:41.465448
5112,674,37,2,2933.56,COMPLETED,2025-12-29 01:47:41.465448
5113,963,112,1,386.81,CANCELLED,2025-12-19 15:05:41.465448
5114,209,123,2,3601.28,PENDING,2026-03-05 06:53:41.465448
5115,703,15,4,4809.28,COMPLETED,2026-05-17 01:03:41.465448
5116,304,174,3,2875.65,PENDING,2026-03-28 01:22:41.465448
5117,279,142,4,1823.52,COMPLETED,2026-07-17 13:20:41.465448
5118,316,107,2,3150.78,COMPLETED,2026-06-03 05:43:41.465448
5119,377,65,3,5147.85,CANCELLED,2026-08-17 03:04:41.465448
5120,610,41,1,1209.63,COMPLETED,2026-04-02 04:27:41.465448
5121,695,58,1,1609.24,PENDING,2025-12-28 10:13:41.465448
5122,394,130,5,9584.55,CANCELLED,2026-06-26 13:34:41.465448
5123,149,139,5,6170.2,COMPLETED,2025-10-17 01:25:41.465448
5124,256,154,4,4410.68,CANCELLED,2026-06-22 10:17:41.465448
5125,564,54,1,402.7,COMPLETED,2026-06-06 21:03:41.465448
5126,550,63,2,3295.32,CANCELLED,2026-07-16 01:07:41.465448
5127,83,157,5,3162.0,COMPLETED,2026-08-18 07:40:41.465448
5128,618,147,4,7939.92,COMPLETED,2026-06-22 00:32:41.465448
5129,90,139,3,3702.12,COMPLETED,2026-04-03 20:40:41.465448
5130,407,196,4,5109.64,PENDING,2025-10-10 07:19:41.465448
5131,781,115,1,1849.1,COMPLETED,2026-05-20 12:06:41.465448
5132,585,95,5,8579.7,COMPLETED,2026-03-04 03:41:41.465448
5133,795,124,3,4206.48,PENDING,2025-09-19 01:26:41.465448
5134,825,60,3,5630.4,COMPLETED,2025-11-09 04:59:41.465448
5135,669,63,5,8238.3,CANCELLED,2025-11-25 09:35:41.465448
5136,980,118,2,3102.38,PENDING,2026-07-28 09:24:41.465448
5137,632,95,5,8579.7,COMPLETED,2026-08-31 20:01:41.465448
5138,117,129,4,5529.32,COMPLETED,2026-08-22 11:10:41.465448
5139,600,40,1,922.62,COMPLETED,2026-07-15 15:08:41.465448
5140,68,130,2,3833.82,PENDING,2026-06-26 18:20:41.465448
5141,494,153,3,460.17,COMPLETED,2026-01-15 09:29:41.465448
5142,715,62,2,3832.42,COMPLETED,2026-01-22 11:40:41.465448
5143,148,197,1,1066.92,COMPLETED,2026-01-03 21:39:41.465448
5144,770,64,3,2576.07,COMPLETED,2026-09-11 06:24:41.465448
5145,369,172,4,526.64,COMPLETED,2025-11-20 19:11:41.465448
5146,68,10,1,840.97,PENDING,2026-05-10 16:28:41.465448
5147,921,191,4,3125.04,COMPLETED,2025-11-01 20:32:41.465448
5148,261,11,4,1878.6,CANCELLED,2026-02-13 20:03:41.465448
5149,455,196,2,2554.82,COMPLETED,2026-03-13 18:23:41.465448
5150,133,104,4,955.88,COMPLETED,2026-06-10 08:22:41.465448
5151,773,170,5,5053.55,COMPLETED,2025-11-21 17:59:41.465448
5152,444,104,5,1194.85,CANCELLED,2026-05-14 22:34:41.465448
5153,174,174,4,3834.2,COMPLETED,2025-12-12 02:20:41.465448
5154,347,92,5,1717.7,COMPLETED,2026-01-12 09:50:41.465448
5155,270,61,1,1470.96,CANCELLED,2026-06-23 09:04:41.465448
5156,348,100,3,402.12,COMPLETED,2026-05-09 22:43:41.465448
5157,788,138,4,5992.2,CANCELLED,2026-04-23 04:55:41.465448
5158,555,44,4,6561.2,COMPLETED,2026-09-11 14:14:41.465448
5159,12,159,5,4091.05,COMPLETED,2026-07-29 05:21:41.465448
5160,876,97,3,5357.85,COMPLETED,2025-12-04 06:07:41.465448
5161,294,137,4,3770.0,COMPLETED,2026-02-10 20:24:41.465448
5162,901,113,3,5961.63,COMPLETED,2025-10-11 13:53:41.465448
5163,502,15,4,4809.28,COMPLETED,2025-12-02 19:20:41.465448
5164,786,168,5,6338.6,COMPLETED,2025-10-31 02:18:41.465448
5165,806,21,5,9830.55,COMPLETED,2026-01-10 10:15:41.465448
5166,379,16,5,5495.65,PENDING,2025-12-17 13:16:41.465448
5167,138,10,5,4204.85,COMPLETED,2025-12-31 11:37:41.465448
5168,106,13,5,8370.4,CANCELLED,2026-09-04 00:43:41.465448
5169,892,168,2,2535.44,COMPLETED,2025-10-26 09:20:41.465448
5170,690,34,5,9860.05,CANCELLED,2025-09-22 19:31:41.465448
5171,640,35,3,1834.62,COMPLETED,2025-09-15 11:20:41.465448
5172,261,145,1,569.34,COMPLETED,2026-03-13 23:50:41.465448
5173,345,121,1,1184.41,COMPLETED,2025-10-05 18:15:41.465448
5174,855,116,2,2339.22,PENDING,2026-07-16 23:30:41.465448
5175,36,52,2,2238.94,COMPLETED,2026-03-03 17:28:41.465448
5176,539,180,3,183.39,COMPLETED,2026-01-27 08:48:41.465448
5177,74,95,2,3431.88,COMPLETED,2026-06-11 15:58:41.465448
5178,74,129,2,2764.66,COMPLETED,2026-03-24 07:40:41.465448
5179,383,38,3,3991.8,COMPLETED,2026-01-25 03:31:41.465448
5180,203,46,5,56.9,PENDING,2026-05-25 21:36:41.465448
5181,802,127,5,2764.2,COMPLETED,2026-03-09 17:44:41.465448
5182,312,18,5,2869.8,PENDING,2025-12-23 21:35:41.465448
5183,770,148,5,2723.95,PENDING,2026-04-02 16:54:41.465448
5184,233,88,5,1804.9,CANCELLED,2026-02-25 00:37:41.465448
5185,209,167,3,2172.48,COMPLETED,2026-06-06 15:58:41.465448
5186,485,196,5,6387.05,COMPLETED,2025-12-26 03:49:41.465448
5187,2,107,4,6301.56,CANCELLED,2026-01-24 10:37:41.465448
5188,623,149,4,6131.64,COMPLETED,2026-09-11 22:28:41.465448
5189,744,172,5,658.3,CANCELLED,2026-07-16 03:57:41.465448
5190,276,106,3,3733.08,CANCELLED,2026-03-30 19:00:41.465448
5191,962,129,5,6911.65,COMPLETED,2026-05-08 01:34:41.465448
5192,432,71,1,1547.32,COMPLETED,2026-07-04 23:34:41.465448
5193,862,159,2,1636.42,COMPLETED,2025-10-24 11:14:41.465448
5194,258,48,5,7182.4,PENDING,2025-12-03 07:15:41.465448
5195,96,157,5,3162.0,COMPLETED,2026-07-22 17:00:41.465448
5196,663,31,3,2072.73,COMPLETED,2025-10-27 07:58:41.465448
5197,811,199,4,2074.68,COMPLETED,2026-06-11 04:26:41.465448
5198,322,196,2,2554.82,COMPLETED,2026-08-30 13:11:41.465448
5199,354,21,4,7864.44,COMPLETED,2026-07-16 08:47:41.465448
5200,533,124,2,2804.32,COMPLETED,2026-04-09 03:22:41.465448
5201,316,111,3,2269.86,COMPLETED,2026-05-23 13:40:41.465448
5202,651,156,1,551.03,COMPLETED,2025-10-15 17:02:41.465448
5203,315,117,1,507.96,COMPLETED,2025-09-18 03:27:41.465448
5204,669,198,2,2045.68,CANCELLED,2026-01-08 23:52:41.465448
5205,706,125,1,780.97,COMPLETED,2026-04-18 13:23:41.465448
5206,233,145,4,2277.36,COMPLETED,2026-07-30 05:27:41.465448
5207,834,196,3,3832.23,CANCELLED,2026-07-15 20:25:41.465448
5208,197,75,1,1239.9,COMPLETED,2026-03-15 23:04:41.465448
5209,57,136,2,113.06,CANCELLED,2025-10-03 04:31:41.465448
5210,68,55,3,3569.91,PENDING,2026-08-23 10:16:41.465448
5211,610,193,4,4160.84,CANCELLED,2026-06-03 09:26:41.465448
5212,988,174,2,1917.1,COMPLETED,2026-06-05 07:41:41.465448
5213,100,172,1,131.66,COMPLETED,2026-05-18 07:52:41.465448
5214,527,185,3,2255.22,PENDING,2026-07-22 18:23:41.465448
5215,153,168,3,3803.16,PENDING,2025-12-16 04:05:41.465448
5216,6,155,5,5066.0,PENDING,2026-04-15 15:00:41.465448
5217,863,34,1,1972.01,COMPLETED,2026-07-14 01:25:41.465448
5218,268,195,5,8245.65,COMPLETED,2025-11-16 17:14:41.465448
5219,293,169,2,3690.68,CANCELLED,2026-08-12 21:27:41.465448
5220,603,20,2,2750.96,COMPLETED,2026-05-17 04:59:41.465448
5221,587,70,2,3346.1,COMPLETED,2026-03-04 13:43:41.465448
5222,588,165,1,1426.89,CANCELLED,2026-09-03 13:44:41.465448
5223,331,154,2,2205.34,COMPLETED,2026-07-05 18:19:41.465448
5224,534,199,1,518.67,COMPLETED,2026-07-17 08:30:41.465448
5225,737,184,2,501.66,CANCELLED,2026-03-01 20:52:41.465448
5226,654,66,2,932.7,COMPLETED,2026-04-08 17:52:41.465448
5227,109,119,4,2823.04,CANCELLED,2026-07-08 14:30:41.465448
5228,264,90,2,280.44,COMPLETED,2025-12-30 18:31:41.465448
5229,957,27,2,144.56,COMPLETED,2025-10-10 23:01:41.465448
5230,735,37,3,4400.34,COMPLETED,2025-10-01 14:04:41.465448
5231,732,143,1,1774.65,COMPLETED,2026-02-14 04:10:41.465448
5232,188,158,3,2857.38,CANCELLED,2026-03-29 19:53:41.465448
5233,268,70,3,5019.15,CANCELLED,2026-01-28 04:24:41.465448
5234,771,51,2,3484.56,PENDING,2026-07-20 19:14:41.465448
5235,962,3,1,1093.46,COMPLETED,2026-09-11 16:57:41.465448
5236,82,193,3,3120.63,CANCELLED,2026-05-18 22:33:41.465448
5237,368,24,1,1350.3,PENDING,2026-01-03 08:25:41.465448
5238,307,3,5,5467.3,COMPLETED,2026-01-16 22:56:41.465448
5239,777,48,5,7182.4,COMPLETED,2026-02-19 21:43:41.465448
5240,569,97,1,1785.95,COMPLETED,2026-03-14 19:41:41.465448
5241,879,156,4,2204.12,COMPLETED,2026-01-29 08:46:41.465448
5242,624,91,2,3484.86,COMPLETED,2026-05-25 09:42:41.465448
5243,2,1,3,4704.24,COMPLETED,2025-10-30 04:24:41.465448
5244,390,56,4,7052.88,COMPLETED,2026-04-30 12:36:41.465448
5245,996,50,2,1919.22,PENDING,2026-04-01 02:21:41.465448
5246,763,70,1,1673.05,COMPLETED,2026-05-13 19:53:41.465448
5247,850,121,5,5922.05,CANCELLED,2025-10-31 12:53:41.465448
5248,526,64,4,3434.76,PENDING,2026-02-23 13:44:41.465448
5249,748,83,4,3539.44,COMPLETED,2026-06-07 20:49:41.465448
5250,259,48,4,5745.92,CANCELLED,2026-01-19 02:23:41.465448
5251,692,84,2,3701.44,COMPLETED,2026-06-12 14:16:41.465448
5252,444,181,3,1456.59,COMPLETED,2026-05-17 02:30:41.465448
5253,517,130,4,7667.64,COMPLETED,2026-08-13 19:25:41.465448
5254,631,196,4,5109.64,CANCELLED,2026-02-26 03:23:41.465448
5255,86,196,1,1277.41,PENDING,2026-07-18 05:43:41.465448
5256,398,159,3,2454.63,COMPLETED,2026-04-30 16:01:41.465448
5257,653,119,3,2117.28,COMPLETED,2025-11-04 07:03:41.465448
5258,314,51,5,8711.4,COMPLETED,2026-01-26 08:05:41.465448
5259,825,143,1,1774.65,PENDING,2026-07-12 08:25:41.465448
5260,274,67,4,6067.96,CANCELLED,2025-12-08 06:38:41.465448
5261,986,72,3,1006.74,COMPLETED,2026-02-12 16:51:41.465448
5262,892,167,2,1448.32,CANCELLED,2026-02-13 08:31:41.465448
5263,651,117,5,2539.8,COMPLETED,2026-08-21 08:19:41.465448
5264,344,193,2,2080.42,CANCELLED,2026-04-17 21:36:41.465448
5265,886,192,1,1251.36,COMPLETED,2026-03-06 05:39:41.465448
5266,512,69,2,3467.64,PENDING,2026-01-11 12:18:41.465448
5267,413,160,5,7527.9,COMPLETED,2025-09-14 00:18:41.465448
5268,662,119,3,2117.28,COMPLETED,2026-05-02 13:39:41.465448
5269,819,13,1,1674.08,COMPLETED,2026-01-12 10:42:41.465448
5270,411,9,5,1607.05,CANCELLED,2026-09-11 04:16:41.465448
5271,497,140,2,2932.9,COMPLETED,2025-11-06 15:14:41.465448
5272,265,73,2,1713.5,COMPLETED,2026-06-30 04:53:41.465448
5273,809,72,2,671.16,CANCELLED,2026-05-14 21:25:41.465448
5274,616,190,3,5350.17,COMPLETED,2026-08-02 00:09:41.465448
5275,150,118,2,3102.38,COMPLETED,2026-02-07 02:29:41.465448
5276,884,190,3,5350.17,COMPLETED,2026-03-06 20:19:41.465448
5277,412,180,1,61.13,CANCELLED,2026-06-23 15:08:41.465448
5278,97,168,5,6338.6,CANCELLED,2026-03-20 00:54:41.465448
5279,470,133,5,5797.8,COMPLETED,2026-01-23 03:48:41.465448
5280,325,159,3,2454.63,CANCELLED,2026-06-21 20:22:41.465448
5281,5,45,2,1474.78,COMPLETED,2025-11-11 08:54:41.465448
5282,257,131,3,2897.34,CANCELLED,2025-11-24 00:45:41.465448
5283,287,41,4,4838.52,COMPLETED,2025-11-10 14:02:41.465448
5284,360,34,4,7888.04,COMPLETED,2026-03-06 19:56:41.465448
5285,924,55,1,1189.97,COMPLETED,2026-04-06 09:08:41.465448
5286,191,119,5,3528.8,COMPLETED,2025-10-04 22:32:41.465448
5287,938,161,1,1901.12,COMPLETED,2026-09-04 18:48:41.465448
5288,884,196,2,2554.82,COMPLETED,2026-02-08 23:17:41.465448
5289,855,79,2,632.2,COMPLETED,2026-01-06 13:23:41.465448
5290,62,140,1,1466.45,PENDING,2026-07-31 17:03:41.465448
5291,487,10,4,3363.88,CANCELLED,2026-07-25 22:57:41.465448
5292,147,88,1,360.98,CANCELLED,2026-03-19 16:02:41.465448
5293,226,38,5,6653.0,CANCELLED,2026-08-06 04:21:41.465448
5294,213,147,5,9924.9,COMPLETED,2026-03-05 08:59:41.465448
5295,307,195,1,1649.13,COMPLETED,2026-01-29 10:54:41.465448
5296,741,43,5,9662.9,COMPLETED,2026-08-23 03:40:41.465448
5297,617,46,4,45.52,PENDING,2026-05-22 16:48:41.465448
5298,710,53,5,7046.4,COMPLETED,2026-06-24 01:09:41.465448
5299,998,108,5,207.65,COMPLETED,2025-11-18 02:41:41.465448
5300,876,89,3,4135.89,COMPLETED,2025-10-20 05:10:41.465448
5301,481,172,2,263.32,COMPLETED,2025-10-31 04:45:41.465448
5302,380,129,1,1382.33,CANCELLED,2026-06-12 14:54:41.465448
5303,149,7,4,2612.64,COMPLETED,2026-08-08 04:20:41.465448
5304,617,28,1,1857.2,COMPLETED,2026-06-23 05:01:41.465448
5305,35,53,3,4227.84,COMPLETED,2026-09-04 12:12:41.465448
5306,469,177,3,1105.38,COMPLETED,2026-02-01 12:07:41.465448
5307,802,21,1,1966.11,COMPLETED,2026-03-24 16:23:41.465448
5308,49,117,2,1015.92,COMPLETED,2026-03-15 13:02:41.465448
5309,231,60,3,5630.4,COMPLETED,2026-04-17 23:03:41.465448
5310,46,75,1,1239.9,PENDING,2025-11-17 06:03:41.465448
5311,980,169,5,9226.7,COMPLETED,2026-05-09 19:38:41.465448
5312,944,59,3,3642.75,CANCELLED,2025-10-12 08:12:41.465448
5313,390,28,4,7428.8,PENDING,2025-12-31 04:02:41.465448
5314,368,116,1,1169.61,COMPLETED,2025-11-09 09:52:41.465448
5315,242,102,5,2195.15,PENDING,2026-05-20 23:54:41.465448
5316,532,200,4,4312.56,CANCELLED,2025-10-07 00:53:41.465448
5317,634,53,3,4227.84,COMPLETED,2026-07-07 10:21:41.465448
5318,25,163,1,1189.5,PENDING,2026-06-08 01:56:41.465448
5319,337,66,2,932.7,COMPLETED,2026-01-25 18:57:41.465448
5320,668,200,1,1078.14,PENDING,2026-09-04 14:15:41.465448
5321,689,123,3,5401.92,COMPLETED,2026-05-15 10:08:41.465448
5322,195,170,3,3032.13,COMPLETED,2026-07-01 05:51:41.465448
5323,582,92,1,343.54,PENDING,2026-08-07 03:14:41.465448
5324,509,164,4,7713.2,COMPLETED,2026-02-26 21:26:41.465448
5325,996,194,1,1723.76,PENDING,2026-04-14 20:46:41.465448
5326,372,120,4,6042.8,COMPLETED,2026-09-12 01:37:41.465448
5327,292,6,1,813.51,CANCELLED,2026-03-19 02:39:41.465448
5328,72,2,4,6072.32,COMPLETED,2026-06-30 02:07:41.465448
5329,908,191,1,781.26,CANCELLED,2025-09-21 01:00:41.465448
5330,769,186,4,2032.36,COMPLETED,2026-04-09 09:20:41.465448
5331,663,139,4,4936.16,COMPLETED,2026-04-22 10:05:41.465448
5332,994,166,4,1448.52,COMPLETED,2026-03-31 09:49:41.465448
5333,522,77,3,4314.3,CANCELLED,2026-09-05 08:28:41.465448
5334,564,154,3,3308.01,PENDING,2026-08-20 20:09:41.465448
5335,112,152,4,2338.52,PENDING,2025-09-19 05:12:41.465448
5336,185,115,4,7396.4,CANCELLED,2026-07-20 09:24:41.465448
5337,427,38,2,2661.2,CANCELLED,2026-07-28 15:36:41.465448
5338,587,194,2,3447.52,COMPLETED,2026-07-14 01:47:41.465448
5339,227,63,2,3295.32,CANCELLED,2026-01-26 21:12:41.465448
5340,809,79,5,1580.5,PENDING,2026-08-14 12:35:41.465448
5341,947,10,2,1681.94,COMPLETED,2026-07-30 14:13:41.465448
5342,307,40,4,3690.48,PENDING,2026-03-25 09:41:41.465448
5343,110,171,2,789.02,COMPLETED,2026-08-10 03:27:41.465448
5344,767,106,5,6221.8,CANCELLED,2025-09-24 08:20:41.465448
5345,771,142,3,1367.64,COMPLETED,2026-01-06 19:46:41.465448
5346,287,75,3,3719.7,PENDING,2026-07-18 17:16:41.465448
5347,440,23,5,8302.7,COMPLETED,2026-08-05 16:12:41.465448
5348,536,80,4,5221.68,PENDING,2026-09-07 04:42:41.465448
5349,462,189,1,386.04,CANCELLED,2026-08-25 10:17:41.465448
5350,310,78,2,44.2,COMPLETED,2026-07-10 20:37:41.465448
5351,958,145,3,1708.02,COMPLETED,2025-12-28 02:16:41.465448
5352,177,157,5,3162.0,COMPLETED,2026-04-17 09:35:41.465448
5353,608,198,4,4091.36,PENDING,2025-12-20 09:09:41.465448
5354,734,170,1,1010.71,COMPLETED,2026-02-26 07:53:41.465448
5355,842,161,4,7604.48,CANCELLED,2025-10-19 02:56:41.465448
5356,900,146,3,3200.88,CANCELLED,2025-12-23 22:53:41.465448
5357,890,67,2,3033.98,PENDING,2025-12-10 07:45:41.465448
5358,88,84,5,9253.6,COMPLETED,2025-10-31 06:13:41.465448
5359,596,85,5,4978.6,CANCELLED,2026-06-09 12:38:41.465448
5360,912,163,1,1189.5,COMPLETED,2026-03-11 15:31:41.465448
5361,56,120,2,3021.4,CANCELLED,2025-11-30 11:33:41.465448
5362,906,136,4,226.12,COMPLETED,2026-01-16 17:59:41.465448
5363,921,21,4,7864.44,CANCELLED,2025-09-15 17:44:41.465448
5364,40,114,1,487.86,CANCELLED,2025-11-15 23:07:41.465448
5365,697,88,4,1443.92,PENDING,2026-03-17 16:13:41.465448
5366,391,166,1,362.13,CANCELLED,2025-10-02 03:26:41.465448
5367,687,129,1,1382.33,COMPLETED,2026-03-12 22:56:41.465448
5368,682,80,1,1305.42,CANCELLED,2025-12-02 03:32:41.465448
5369,601,70,5,8365.25,COMPLETED,2025-12-20 23:46:41.465448
5370,11,5,4,1040.8,COMPLETED,2026-01-10 18:45:41.465448
5371,205,158,5,4762.3,PENDING,2026-01-29 16:17:41.465448
5372,705,143,2,3549.3,COMPLETED,2026-07-21 01:01:41.465448
5373,894,46,1,11.38,PENDING,2026-03-02 19:11:41.465448
5374,386,172,5,658.3,COMPLETED,2025-12-21 05:00:41.465448
5375,668,158,4,3809.84,PENDING,2026-02-16 13:14:41.465448
5376,194,124,5,7010.8,COMPLETED,2026-03-31 07:06:41.465448
5377,754,42,5,8949.65,CANCELLED,2025-11-03 11:31:41.465448
5378,65,37,3,4400.34,COMPLETED,2026-05-01 18:06:41.465448
5379,412,110,4,7999.68,COMPLETED,2026-06-02 07:59:41.465448
5380,509,46,2,22.76,COMPLETED,2026-02-21 10:02:41.465448
5381,726,9,5,1607.05,PENDING,2025-12-10 18:20:41.465448
5382,758,146,5,5334.8,COMPLETED,2026-03-19 19:34:41.465448
5383,983,11,4,1878.6,COMPLETED,2026-08-22 20:31:41.465448
5384,502,106,5,6221.8,COMPLETED,2026-03-18 17:15:41.465448
5385,348,195,3,4947.39,PENDING,2026-06-22 09:20:41.465448
5386,188,83,2,1769.72,COMPLETED,2025-09-16 23:55:41.465448
5387,334,164,2,3856.6,CANCELLED,2026-02-10 01:31:41.465448
5388,917,151,3,650.1,PENDING,2025-12-30 07:31:41.465448
5389,115,58,2,3218.48,COMPLETED,2026-04-11 09:49:41.465448
5390,375,89,1,1378.63,COMPLETED,2026-05-27 08:16:41.465448
5391,349,129,3,4146.99,COMPLETED,2026-02-08 04:35:41.465448
5392,248,198,5,5114.2,COMPLETED,2026-06-15 08:27:41.465448
5393,86,53,1,1409.28,CANCELLED,2026-01-16 01:19:41.465448
5394,461,138,4,5992.2,COMPLETED,2026-01-08 08:38:41.465448
5395,263,37,3,4400.34,PENDING,2026-04-24 22:11:41.465448
5396,502,190,5,8916.95,COMPLETED,2026-09-12 14:18:41.465448
5397,647,132,1,158.88,COMPLETED,2025-12-27 00:51:41.465448
5398,24,138,1,1498.05,COMPLETED,2026-01-07 06:03:41.465448
5399,755,31,1,690.91,CANCELLED,2026-02-12 07:38:41.465448
5400,695,64,1,858.69,PENDING,2025-10-07 07:51:41.465448
5401,924,103,3,5373.78,CANCELLED,2026-02-28 21:11:41.465448
5402,592,111,3,2269.86,COMPLETED,2025-11-27 00:44:41.465448
5403,847,117,3,1523.88,PENDING,2026-08-07 08:19:41.465448
5404,278,34,1,1972.01,COMPLETED,2026-08-29 05:55:41.465448
5405,123,156,1,551.03,CANCELLED,2026-05-20 02:23:41.465448
5406,986,86,4,5685.0,COMPLETED,2026-04-25 02:08:41.465448
5407,916,39,3,5533.59,COMPLETED,2025-09-19 21:43:41.465448
5408,661,39,3,5533.59,PENDING,2026-05-27 07:35:41.465448
5409,37,89,1,1378.63,COMPLETED,2026-07-03 13:07:41.465448
5410,962,49,1,983.21,PENDING,2026-09-07 02:45:41.465448
5411,361,21,4,7864.44,COMPLETED,2026-07-24 09:15:41.465448
5412,231,120,3,4532.1,PENDING,2026-01-26 02:15:41.465448
5413,371,157,3,1897.2,COMPLETED,2025-11-10 12:27:41.465448
5414,927,195,4,6596.52,COMPLETED,2026-02-16 22:35:41.465448
5415,564,24,1,1350.3,COMPLETED,2026-04-21 03:27:41.465448
5416,299,41,4,4838.52,COMPLETED,2025-10-16 15:05:41.465448
5417,682,120,1,1510.7,COMPLETED,2025-11-16 03:09:41.465448
5418,719,155,5,5066.0,CANCELLED,2025-12-19 01:05:41.465448
5419,725,12,4,6712.64,PENDING,2026-05-12 19:14:41.465448
5420,803,132,4,635.52,CANCELLED,2026-04-14 14:32:41.465448
5421,953,75,3,3719.7,COMPLETED,2026-08-29 00:07:41.465448
5422,939,135,2,951.24,CANCELLED,2026-07-04 04:04:41.465448
5423,668,68,2,914.02,CANCELLED,2025-12-18 02:00:41.465448
5424,71,136,3,169.59,COMPLETED,2026-06-06 21:37:41.465448
5425,949,137,4,3770.0,CANCELLED,2026-02-16 04:00:41.465448
5426,913,190,3,5350.17,COMPLETED,2026-03-04 20:33:41.465448
5427,529,166,5,1810.65,COMPLETED,2026-04-12 11:19:41.465448
5428,930,30,3,3373.8,PENDING,2026-01-18 18:34:41.465448
5429,779,4,1,904.74,COMPLETED,2026-08-17 21:42:41.465448
5430,946,184,1,250.83,COMPLETED,2025-10-26 17:30:41.465448
5431,132,55,4,4759.88,COMPLETED,2026-05-14 05:03:41.465448
5432,777,172,4,526.64,PENDING,2025-11-17 22:21:41.465448
5433,582,162,4,4975.32,COMPLETED,2026-05-13 13:51:41.465448
5434,324,194,2,3447.52,COMPLETED,2025-09-16 08:07:41.465448
5435,694,148,5,2723.95,CANCELLED,2025-12-19 12:16:41.465448
5436,143,143,4,7098.6,CANCELLED,2025-12-02 10:49:41.465448
5437,764,137,3,2827.5,PENDING,2026-03-14 03:31:41.465448
5438,997,26,1,1636.26,COMPLETED,2025-10-12 15:26:41.465448
5439,146,194,1,1723.76,COMPLETED,2025-11-21 03:33:41.465448
5440,108,132,5,794.4,COMPLETED,2025-10-22 00:25:41.465448
5441,927,16,1,1099.13,CANCELLED,2025-10-10 22:30:41.465448
5442,721,35,1,611.54,CANCELLED,2026-03-24 11:07:41.465448
5443,886,92,4,1374.16,CANCELLED,2025-10-20 08:32:41.465448
5444,452,3,2,2186.92,PENDING,2026-02-02 06:38:41.465448
5445,406,24,5,6751.5,COMPLETED,2026-02-03 12:59:41.465448
5446,530,60,3,5630.4,COMPLETED,2026-05-07 16:27:41.465448
5447,956,175,2,371.22,PENDING,2026-03-17 05:37:41.465448
5448,286,131,2,1931.56,COMPLETED,2025-11-18 03:54:41.465448
5449,38,72,1,335.58,COMPLETED,2026-07-11 15:34:41.465448
5450,768,139,4,4936.16,COMPLETED,2026-05-05 13:43:41.465448
5451,854,145,1,569.34,PENDING,2026-07-02 20:46:41.465448
5452,229,26,5,8181.3,COMPLETED,2026-03-10 09:51:41.465448
5453,502,131,4,3863.12,COMPLETED,2026-04-02 10:11:41.465448
5454,185,30,5,5623.0,COMPLETED,2025-09-25 19:51:41.465448
5455,461,7,5,3265.8,COMPLETED,2026-07-02 19:12:41.465448
5456,467,198,4,4091.36,COMPLETED,2026-06-03 20:36:41.465448
5457,767,43,4,7730.32,CANCELLED,2025-12-03 06:13:41.465448
5458,573,180,4,244.52,COMPLETED,2026-02-06 10:32:41.465448
5459,862,47,2,582.04,COMPLETED,2026-06-03 17:58:41.465448
5460,823,2,3,4554.24,COMPLETED,2025-12-22 04:23:41.465448
5461,49,36,1,901.38,COMPLETED,2025-09-22 04:41:41.465448
5462,911,115,5,9245.5,PENDING,2026-08-28 00:10:41.465448
5463,128,75,4,4959.6,COMPLETED,2026-04-01 23:30:41.465448
5464,461,41,4,4838.52,COMPLETED,2026-08-17 01:20:41.465448
5465,858,195,5,8245.65,COMPLETED,2026-05-18 01:16:41.465448
5466,523,48,3,4309.44,COMPLETED,2026-01-21 13:41:41.465448
5467,531,181,4,1942.12,COMPLETED,2026-01-05 19:37:41.465448
5468,589,198,5,5114.2,COMPLETED,2026-04-30 21:09:41.465448
5469,213,36,3,2704.14,PENDING,2026-08-06 18:44:41.465448
5470,282,151,1,216.7,COMPLETED,2026-01-06 20:04:41.465448
5471,650,4,4,3618.96,COMPLETED,2025-12-20 17:14:41.465448
5472,476,75,4,4959.6,COMPLETED,2026-03-27 08:32:41.465448
5473,477,65,2,3431.9,PENDING,2025-11-12 16:33:41.465448
5474,657,30,1,1124.6,COMPLETED,2026-08-25 10:24:41.465448
5475,479,178,3,2059.74,PENDING,2026-06-22 14:36:41.465448
5476,782,65,2,3431.9,COMPLETED,2026-07-09 17:57:41.465448
5477,643,30,3,3373.8,COMPLETED,2026-07-09 18:17:41.465448
5478,663,180,3,183.39,COMPLETED,2026-05-27 13:18:41.465448
5479,26,67,4,6067.96,CANCELLED,2026-03-19 03:25:41.465448
5480,4,96,3,878.1,PENDING,2026-06-02 17:12:41.465448
5481,257,103,5,8956.3,COMPLETED,2026-03-19 01:17:41.465448
5482,160,166,4,1448.52,COMPLETED,2026-01-14 04:19:41.465448
5483,973,74,1,197.72,COMPLETED,2025-09-17 13:00:41.465448
5484,990,141,1,161.99,COMPLETED,2025-10-17 17:05:41.465448
5485,695,108,5,207.65,CANCELLED,2026-07-07 16:46:41.465448
5486,912,30,5,5623.0,COMPLETED,2026-04-16 19:53:41.465448
5487,567,56,3,5289.66,COMPLETED,2025-12-10 10:40:41.465448
5488,412,188,5,562.8,COMPLETED,2025-09-29 05:19:41.465448
5489,237,197,1,1066.92,COMPLETED,2026-02-15 00:37:41.465448
5490,15,21,5,9830.55,COMPLETED,2026-01-30 01:18:41.465448
5491,506,41,1,1209.63,COMPLETED,2026-01-27 01:01:41.465448
5492,873,161,3,5703.36,CANCELLED,2026-02-21 16:52:41.465448
5493,374,152,5,2923.15,CANCELLED,2026-04-15 09:46:41.465448
5494,604,55,5,5949.85,COMPLETED,2026-01-22 14:26:41.465448
5495,824,75,1,1239.9,COMPLETED,2026-09-07 23:59:41.465448
5496,130,31,3,2072.73,COMPLETED,2026-08-02 05:04:41.465448
5497,41,145,3,1708.02,PENDING,2025-12-05 22:23:41.465448
5498,970,185,3,2255.22,COMPLETED,2026-02-02 11:00:41.465448
5499,560,14,4,2883.72,CANCELLED,2026-05-27 10:57:41.465448
5500,992,13,3,5022.24,COMPLETED,2026-06-26 13:21:41.465448
5501,240,16,4,4396.52,COMPLETED,2026-09-05 22:52:41.465448
5502,309,161,5,9505.6,PENDING,2025-10-16 01:09:41.465448
5503,452,194,2,3447.52,CANCELLED,2025-11-20 11:05:41.465448
5504,560,110,3,5999.76,PENDING,2026-04-07 05:03:41.465448
5505,288,123,5,9003.2,CANCELLED,2025-11-13 11:39:41.465448
5506,906,44,3,4920.9,COMPLETED,2026-07-14 07:32:41.465448
5507,26,7,2,1306.32,COMPLETED,2025-10-10 16:25:41.465448
5508,196,176,2,1208.2,COMPLETED,2026-01-12 19:02:41.465448
5509,201,188,5,562.8,COMPLETED,2026-08-20 09:07:41.465448
5510,707,10,4,3363.88,COMPLETED,2025-09-20 06:19:41.465448
5511,46,164,1,1928.3,PENDING,2026-06-22 06:28:41.465448
5512,452,124,5,7010.8,CANCELLED,2026-06-15 08:39:41.465448
5513,732,40,3,2767.86,PENDING,2026-08-27 18:31:41.465448
5514,409,156,4,2204.12,CANCELLED,2026-07-09 06:43:41.465448
5515,107,38,5,6653.0,PENDING,2026-05-29 03:05:41.465448
5516,205,93,4,4106.4,COMPLETED,2026-02-14 22:58:41.465448
5517,818,150,2,2596.6,CANCELLED,2025-12-19 23:23:41.465448
5518,130,15,2,2404.64,CANCELLED,2025-10-03 00:34:41.465448
5519,110,178,1,686.58,PENDING,2026-09-09 12:56:41.465448
5520,150,132,5,794.4,COMPLETED,2025-12-27 16:55:41.465448
5521,604,148,4,2179.16,COMPLETED,2026-03-23 03:01:41.465448
5522,858,184,1,250.83,COMPLETED,2026-07-16 07:21:41.465448
5523,808,77,5,7190.5,COMPLETED,2026-08-08 08:36:41.465448
5524,849,43,2,3865.16,CANCELLED,2026-03-12 23:34:41.465448
5525,552,114,1,487.86,CANCELLED,2026-03-29 01:10:41.465448
5526,20,110,2,3999.84,PENDING,2026-04-20 05:43:41.465448
5527,150,66,5,2331.75,PENDING,2026-08-04 15:16:41.465448
5528,397,193,4,4160.84,CANCELLED,2025-09-26 17:03:41.465448
5529,730,191,5,3906.3,PENDING,2026-03-09 10:21:41.465448
5530,662,170,1,1010.71,COMPLETED,2025-10-09 00:43:41.465448
5531,573,47,4,1164.08,COMPLETED,2025-12-20 04:02:41.465448
5532,137,10,2,1681.94,COMPLETED,2025-10-27 23:22:41.465448
5533,642,43,4,7730.32,COMPLETED,2026-05-13 18:56:41.465448
5534,803,197,2,2133.84,COMPLETED,2026-08-17 05:55:41.465448
5535,317,29,1,1989.32,COMPLETED,2026-06-06 16:09:41.465448
5536,247,187,1,841.67,COMPLETED,2026-06-11 10:08:41.465448
5537,297,128,5,2076.95,PENDING,2026-04-29 09:13:41.465448
5538,947,186,1,508.09,PENDING,2025-09-30 21:10:41.465448
5539,209,13,2,3348.16,CANCELLED,2026-08-11 09:18:41.465448
5540,927,112,2,773.62,COMPLETED,2025-10-05 20:52:41.465448
5541,536,26,1,1636.26,CANCELLED,2026-07-21 05:41:41.465448
5542,797,80,4,5221.68,CANCELLED,2026-08-02 12:23:41.465448
5543,930,119,1,705.76,PENDING,2025-10-07 14:50:41.465448
5544,717,182,2,2038.24,PENDING,2025-09-18 00:44:41.465448
5545,597,48,4,5745.92,COMPLETED,2025-11-08 19:50:41.465448
5546,490,119,1,705.76,PENDING,2026-09-04 05:28:41.465448
5547,937,127,4,2211.36,CANCELLED,2026-04-13 08:24:41.465448
5548,951,153,4,613.56,COMPLETED,2025-11-09 01:48:41.465448
5549,335,101,5,9603.5,COMPLETED,2025-10-03 09:04:41.465448
5550,432,42,3,5369.79,COMPLETED,2026-05-29 20:33:41.465448
5551,287,69,4,6935.28,COMPLETED,2026-06-07 15:30:41.465448
5552,125,33,1,549.81,PENDING,2025-12-05 16:13:41.465448
5553,785,176,5,3020.5,COMPLETED,2026-07-09 01:59:41.465448
5554,792,135,3,1426.86,COMPLETED,2026-08-24 10:33:41.465448
5555,301,131,5,4828.9,PENDING,2025-10-16 21:24:41.465448
5556,17,21,2,3932.22,COMPLETED,2025-09-30 09:33:41.465448
5557,406,192,2,2502.72,COMPLETED,2026-05-09 20:53:41.465448
5558,616,68,4,1828.04,COMPLETED,2026-04-29 01:05:41.465448
5559,985,16,1,1099.13,COMPLETED,2026-01-25 10:03:41.465448
5560,523,187,1,841.67,COMPLETED,2025-11-20 07:51:41.465448
5561,628,155,5,5066.0,COMPLETED,2026-05-14 09:31:41.465448
5562,690,51,1,1742.28,COMPLETED,2026-03-15 22:24:41.465448
5563,110,27,4,289.12,CANCELLED,2025-09-14 03:36:41.465448
5564,492,34,5,9860.05,CANCELLED,2026-07-30 04:40:41.465448
5565,295,168,2,2535.44,COMPLETED,2026-03-05 19:00:41.465448
5566,336,168,1,1267.72,COMPLETED,2026-08-28 03:04:41.465448
5567,809,98,4,6511.0,COMPLETED,2026-06-17 08:03:41.465448
5568,406,154,5,5513.35,COMPLETED,2026-01-24 02:32:41.465448
5569,312,52,1,1119.47,PENDING,2026-02-06 05:27:41.465448
5570,649,186,5,2540.45,COMPLETED,2026-04-04 00:12:41.465448
5571,13,185,1,751.74,COMPLETED,2026-03-04 20:34:41.465448
5572,846,26,5,8181.3,CANCELLED,2026-02-11 20:48:41.465448
5573,167,52,4,4477.88,CANCELLED,2025-10-08 20:42:41.465448
5574,284,134,1,1600.34,PENDING,2025-12-27 20:17:41.465448
5575,52,25,1,1531.11,PENDING,2025-12-26 21:50:41.465448
5576,21,121,5,5922.05,COMPLETED,2026-01-04 05:45:41.465448
5577,629,102,2,878.06,PENDING,2026-03-23 05:20:41.465448
5578,359,18,1,573.96,COMPLETED,2026-02-23 18:46:41.465448
5579,752,163,4,4758.0,COMPLETED,2026-01-31 07:32:41.465448
5580,780,44,4,6561.2,CANCELLED,2026-06-17 23:24:41.465448
5581,216,17,2,1848.36,CANCELLED,2026-02-17 08:46:41.465448
5582,464,21,1,1966.11,COMPLETED,2026-08-28 12:01:41.465448
5583,756,110,2,3999.84,PENDING,2026-08-09 16:13:41.465448
5584,386,64,4,3434.76,COMPLETED,2026-05-15 15:37:41.465448
5585,435,150,1,1298.3,PENDING,2026-06-08 10:51:41.465448
5586,86,82,5,8572.85,COMPLETED,2026-03-21 09:51:41.465448
5587,887,1,2,3136.16,COMPLETED,2025-12-31 13:06:41.465448
5588,643,161,1,1901.12,COMPLETED,2026-05-29 22:05:41.465448
5589,508,144,5,2480.5,PENDING,2026-08-19 20:34:41.465448
5590,157,191,4,3125.04,PENDING,2026-03-12 23:06:41.465448
5591,302,25,4,6124.44,CANCELLED,2026-05-28 22:50:41.465448
5592,920,122,3,3878.28,PENDING,2026-04-28 13:04:41.465448
5593,867,111,1,756.62,COMPLETED,2026-08-21 14:54:41.465448
5594,96,125,4,3123.88,PENDING,2026-01-16 04:07:41.465448
5595,194,165,3,4280.67,COMPLETED,2026-04-16 13:10:41.465448
5596,414,160,5,7527.9,COMPLETED,2026-05-17 17:13:41.465448
5597,191,59,4,4857.0,COMPLETED,2026-05-10 06:07:41.465448
5598,617,72,1,335.58,COMPLETED,2026-05-05 05:36:41.465448
5599,264,105,5,8539.75,CANCELLED,2025-12-09 17:25:41.465448
5600,897,71,1,1547.32,PENDING,2026-06-01 02:41:41.465448
5601,856,79,4,1264.4,COMPLETED,2026-06-05 11:40:41.465448
5602,85,132,1,158.88,COMPLETED,2026-07-23 00:37:41.465448
5603,369,111,4,3026.48,CANCELLED,2025-12-13 08:22:41.465448
5604,140,109,5,4909.3,COMPLETED,2025-12-23 12:05:41.465448
5605,566,86,3,4263.75,COMPLETED,2026-06-19 14:00:41.465448
5606,380,157,4,2529.6,CANCELLED,2025-09-30 05:00:41.465448
5607,718,11,5,2348.25,PENDING,2026-04-02 09:15:41.465448
5608,822,60,4,7507.2,PENDING,2025-12-04 14:41:41.465448
5609,908,82,2,3429.14,COMPLETED,2026-08-01 20:32:41.465448
5610,987,17,2,1848.36,COMPLETED,2026-07-13 11:25:41.465448
5611,304,102,2,878.06,COMPLETED,2026-03-03 21:07:41.465448
5612,614,85,4,3982.88,COMPLETED,2026-01-11 03:12:41.465448
5613,589,84,3,5552.16,COMPLETED,2026-02-19 14:16:41.465448
5614,349,83,5,4424.3,CANCELLED,2025-12-09 10:03:41.465448
5615,896,137,1,942.5,COMPLETED,2026-06-27 22:02:41.465448
5616,26,63,5,8238.3,COMPLETED,2025-12-07 02:51:41.465448
5617,246,98,3,4883.25,COMPLETED,2026-05-18 09:40:41.465448
5618,393,129,4,5529.32,PENDING,2025-09-21 06:52:41.465448
5619,469,122,2,2585.52,COMPLETED,2026-08-29 04:38:41.465448
5620,141,130,4,7667.64,COMPLETED,2026-06-06 15:46:41.465448
5621,410,113,2,3974.42,COMPLETED,2025-11-01 19:48:41.465448
5622,620,128,2,830.78,PENDING,2025-10-25 20:32:41.465448
5623,691,158,1,952.46,COMPLETED,2026-01-27 02:26:41.465448
5624,19,67,4,6067.96,CANCELLED,2026-03-23 23:36:41.465448
5625,681,83,5,4424.3,COMPLETED,2025-11-20 00:37:41.465448
5626,903,174,2,1917.1,COMPLETED,2026-03-05 03:04:41.465448
5627,143,172,4,526.64,COMPLETED,2026-01-25 15:23:41.465448
5628,60,6,4,3254.04,CANCELLED,2026-01-11 11:06:41.465448
5629,875,172,5,658.3,PENDING,2026-03-04 08:17:41.465448
5630,815,3,5,5467.3,PENDING,2026-07-15 13:39:41.465448
5631,337,160,4,6022.32,PENDING,2026-05-14 22:49:41.465448
5632,704,177,3,1105.38,COMPLETED,2026-06-30 14:46:41.465448
5633,240,10,5,4204.85,CANCELLED,2026-03-25 05:05:41.465448
5634,273,122,3,3878.28,COMPLETED,2026-05-06 18:46:41.465448
5635,326,58,5,8046.2,COMPLETED,2025-12-31 23:05:41.465448
5636,42,198,1,1022.84,COMPLETED,2026-02-14 00:15:41.465448
5637,186,41,2,2419.26,COMPLETED,2026-01-05 07:42:41.465448
5638,998,42,5,8949.65,COMPLETED,2026-03-31 03:36:41.465448
5639,424,167,5,3620.8,COMPLETED,2026-04-17 03:14:41.465448
5640,405,83,2,1769.72,CANCELLED,2026-09-07 10:15:41.465448
5641,356,134,5,8001.7,PENDING,2026-03-13 12:39:41.465448
5642,942,21,1,1966.11,COMPLETED,2025-12-05 20:37:41.465448
5643,633,168,3,3803.16,COMPLETED,2026-03-30 22:54:41.465448
5644,8,8,4,4730.08,PENDING,2025-11-03 10:43:41.465448
5645,485,34,5,9860.05,COMPLETED,2026-08-27 10:58:41.465448
5646,275,58,3,4827.72,COMPLETED,2026-01-23 23:14:41.465448
5647,198,6,4,3254.04,PENDING,2026-06-29 08:18:41.465448
5648,918,128,2,830.78,PENDING,2026-04-08 10:49:41.465448
5649,784,41,5,6048.15,CANCELLED,2026-03-16 10:14:41.465448
5650,971,52,4,4477.88,CANCELLED,2026-06-25 12:11:41.465448
5651,130,77,3,4314.3,CANCELLED,2026-01-07 03:58:41.465448
5652,608,180,1,61.13,PENDING,2025-12-08 12:22:41.465448
5653,749,129,3,4146.99,COMPLETED,2026-07-28 05:23:41.465448
5654,706,200,5,5390.7,PENDING,2025-10-07 01:51:41.465448
5655,36,41,4,4838.52,CANCELLED,2026-07-01 18:09:41.465448
5656,192,94,3,5747.94,COMPLETED,2025-10-04 00:33:41.465448
5657,360,181,2,971.06,PENDING,2025-11-07 21:15:41.465448
5658,660,167,1,724.16,COMPLETED,2026-01-22 20:34:41.465448
5659,922,101,3,5762.1,COMPLETED,2026-01-05 05:12:41.465448
5660,714,163,1,1189.5,COMPLETED,2026-08-13 14:07:41.465448
5661,440,17,4,3696.72,COMPLETED,2026-08-23 17:50:41.465448
5662,192,158,2,1904.92,PENDING,2025-10-05 22:08:41.465448
5663,383,160,3,4516.74,COMPLETED,2026-06-27 17:25:41.465448
5664,586,67,2,3033.98,COMPLETED,2026-08-02 18:48:41.465448
5665,641,120,1,1510.7,COMPLETED,2026-06-07 07:20:41.465448
5666,579,12,2,3356.32,COMPLETED,2026-03-11 03:26:41.465448
5667,274,87,2,1201.92,CANCELLED,2026-05-25 19:48:41.465448
5668,978,171,1,394.51,PENDING,2026-05-01 13:37:41.465448
5669,881,9,5,1607.05,COMPLETED,2025-11-18 15:47:41.465448
5670,840,190,5,8916.95,COMPLETED,2026-01-21 13:12:41.465448
5671,120,136,2,113.06,COMPLETED,2026-05-05 05:57:41.465448
5672,721,22,4,1786.16,COMPLETED,2026-08-25 22:35:41.465448
5673,197,109,5,4909.3,COMPLETED,2026-01-18 05:05:41.465448
5674,772,4,5,4523.7,COMPLETED,2026-05-09 06:28:41.465448
5675,857,114,3,1463.58,PENDING,2026-01-22 13:57:41.465448
5676,855,27,5,361.4,COMPLETED,2025-11-04 14:03:41.465448
5677,493,70,5,8365.25,COMPLETED,2026-04-22 12:29:41.465448
5678,674,198,1,1022.84,CANCELLED,2026-02-05 14:09:41.465448
5679,43,159,4,3272.84,CANCELLED,2026-04-01 13:40:41.465448
5680,358,10,1,840.97,CANCELLED,2026-08-16 16:33:41.465448
5681,357,193,5,5201.05,COMPLETED,2026-07-26 23:14:41.465448
5682,721,108,4,166.12,CANCELLED,2026-03-14 03:28:41.465448
5683,220,177,2,736.92,PENDING,2026-01-27 01:15:41.465448
5684,649,11,1,469.65,CANCELLED,2026-03-24 17:57:41.465448
5685,177,11,5,2348.25,COMPLETED,2026-05-25 05:00:41.465448
5686,80,28,1,1857.2,PENDING,2026-06-30 18:51:41.465448
5687,463,64,3,2576.07,COMPLETED,2026-07-21 17:36:41.465448
5688,323,97,1,1785.95,COMPLETED,2025-10-30 23:51:41.465448
5689,77,25,2,3062.22,PENDING,2025-12-25 20:55:41.465448
5690,508,1,4,6272.32,COMPLETED,2026-08-15 12:53:41.465448
5691,805,195,5,8245.65,COMPLETED,2026-02-25 00:10:41.465448
5692,237,191,2,1562.52,CANCELLED,2026-07-12 06:38:41.465448
5693,335,40,2,1845.24,COMPLETED,2025-10-06 15:37:41.465448
5694,903,34,1,1972.01,CANCELLED,2026-08-27 10:46:41.465448
5695,956,90,5,701.1,COMPLETED,2025-10-28 01:57:41.465448
5696,149,152,2,1169.26,CANCELLED,2025-10-06 17:28:41.465448
5697,888,108,1,41.53,PENDING,2025-10-09 17:51:41.465448
5698,755,24,4,5401.2,COMPLETED,2025-10-08 03:56:41.465448
5699,844,61,4,5883.84,COMPLETED,2026-07-02 21:54:41.465448
5700,949,94,2,3831.96,PENDING,2025-11-27 00:14:41.465448
5701,209,17,2,1848.36,CANCELLED,2025-10-11 09:18:41.465448
5702,889,177,5,1842.3,PENDING,2025-09-21 23:07:41.465448
5703,922,136,5,282.65,PENDING,2026-02-27 05:50:41.465448
5704,165,39,2,3689.06,COMPLETED,2026-08-09 04:29:41.465448
5705,968,142,3,1367.64,COMPLETED,2026-04-03 05:34:41.465448
5706,196,14,4,2883.72,CANCELLED,2026-04-12 21:40:41.465448
5707,583,161,1,1901.12,COMPLETED,2026-05-08 18:31:41.465448
5708,638,155,4,4052.8,COMPLETED,2026-01-25 13:31:41.465448
5709,33,115,1,1849.1,COMPLETED,2026-06-12 00:56:41.465448
5710,255,178,4,2746.32,COMPLETED,2026-08-29 21:23:41.465448
5711,924,174,5,4792.75,CANCELLED,2026-07-31 03:31:41.465448
5712,929,139,1,1234.04,COMPLETED,2026-08-07 11:33:41.465448
5713,434,91,2,3484.86,CANCELLED,2026-01-19 07:55:41.465448
5714,431,39,5,9222.65,COMPLETED,2026-07-31 13:15:41.465448
5715,444,120,2,3021.4,COMPLETED,2025-10-30 22:42:41.465448
5716,154,79,4,1264.4,PENDING,2025-11-06 01:04:41.465448
5717,755,178,1,686.58,COMPLETED,2026-08-31 03:49:41.465448
5718,348,74,1,197.72,PENDING,2026-05-03 15:09:41.465448
5719,219,2,4,6072.32,COMPLETED,2026-02-28 10:11:41.465448
5720,604,95,5,8579.7,COMPLETED,2026-05-24 00:11:41.465448
5721,780,87,2,1201.92,COMPLETED,2026-03-04 04:36:41.465448
5722,453,170,2,2021.42,PENDING,2026-07-08 04:30:41.465448
5723,7,195,5,8245.65,CANCELLED,2026-02-11 14:50:41.465448
5724,178,157,2,1264.8,CANCELLED,2026-01-31 07:53:41.465448
5725,883,38,1,1330.6,COMPLETED,2025-11-06 12:13:41.465448
5726,660,132,2,317.76,COMPLETED,2026-03-21 05:47:41.465448
5727,675,200,2,2156.28,COMPLETED,2026-07-04 01:32:41.465448
5728,749,45,1,737.39,COMPLETED,2026-06-14 04:25:41.465448
5729,568,70,4,6692.2,COMPLETED,2026-06-20 21:55:41.465448
5730,489,17,3,2772.54,PENDING,2026-04-05 18:54:41.465448
5731,488,119,2,1411.52,COMPLETED,2026-06-22 08:44:41.465448
5732,932,65,3,5147.85,COMPLETED,2025-09-25 17:41:41.465448
5733,980,176,2,1208.2,CANCELLED,2025-12-31 05:24:41.465448
5734,609,50,2,1919.22,CANCELLED,2026-01-09 10:34:41.465448
5735,641,135,5,2378.1,COMPLETED,2025-10-01 23:47:41.465448
5736,734,94,5,9579.9,COMPLETED,2026-03-28 21:04:41.465448
5737,510,71,4,6189.28,PENDING,2025-12-25 11:11:41.465448
5738,286,93,1,1026.6,COMPLETED,2026-03-21 08:27:41.465448
5739,433,29,5,9946.6,COMPLETED,2026-09-08 04:23:41.465448
5740,685,79,3,948.3,COMPLETED,2025-09-22 02:12:41.465448
5741,451,86,5,7106.25,COMPLETED,2025-10-15 12:20:41.465448
5742,69,98,5,8138.75,COMPLETED,2026-03-25 01:19:41.465448
5743,230,176,2,1208.2,COMPLETED,2026-01-01 17:37:41.465448
5744,847,175,2,371.22,COMPLETED,2026-05-09 04:31:41.465448
5745,10,122,5,6463.8,PENDING,2026-06-17 08:31:41.465448
5746,809,91,5,8712.15,COMPLETED,2025-09-24 17:12:41.465448
5747,836,60,4,7507.2,COMPLETED,2026-04-08 02:27:41.465448
5748,798,92,1,343.54,COMPLETED,2026-07-05 15:59:41.465448
5749,471,93,2,2053.2,COMPLETED,2026-06-04 12:03:41.465448
5750,228,86,2,2842.5,COMPLETED,2026-09-11 15:10:41.465448
5751,335,172,5,658.3,COMPLETED,2026-08-17 00:53:41.465448
5752,597,166,3,1086.39,CANCELLED,2026-03-01 03:14:41.465448
5753,932,143,5,8873.25,COMPLETED,2026-05-04 13:00:41.465448
5754,783,113,4,7948.84,COMPLETED,2026-06-23 13:03:41.465448
5755,79,56,2,3526.44,COMPLETED,2026-06-10 01:57:41.465448
5756,176,143,5,8873.25,COMPLETED,2025-12-08 00:16:41.465448
5757,469,116,5,5848.05,PENDING,2026-01-15 08:57:41.465448
5758,701,56,4,7052.88,CANCELLED,2026-07-04 13:01:41.465448
5759,746,129,3,4146.99,COMPLETED,2026-07-02 16:34:41.465448
5760,669,113,4,7948.84,COMPLETED,2026-05-30 15:07:41.465448
5761,753,53,2,2818.56,COMPLETED,2025-12-28 17:18:41.465448
5762,48,54,4,1610.8,COMPLETED,2026-01-11 13:49:41.465448
5763,103,196,5,6387.05,COMPLETED,2026-04-12 16:40:41.465448
5764,972,200,1,1078.14,PENDING,2026-06-06 16:11:41.465448
5765,233,43,4,7730.32,CANCELLED,2025-11-14 08:45:41.465448
5766,510,53,3,4227.84,PENDING,2025-12-20 09:50:41.465448
5767,547,109,5,4909.3,COMPLETED,2026-07-25 13:46:41.465448
5768,290,52,2,2238.94,COMPLETED,2026-03-23 09:15:41.465448
5769,872,144,5,2480.5,CANCELLED,2025-11-12 15:11:41.465448
5770,579,16,4,4396.52,COMPLETED,2025-12-27 15:56:41.465448
5771,314,141,1,161.99,CANCELLED,2025-10-18 13:33:41.465448
5772,555,145,3,1708.02,COMPLETED,2025-12-08 21:04:41.465448
5773,467,179,5,3041.2,COMPLETED,2026-08-12 11:21:41.465448
5774,435,50,4,3838.44,CANCELLED,2025-11-02 22:57:41.465448
5775,664,192,1,1251.36,COMPLETED,2026-04-04 17:56:41.465448
5776,691,172,1,131.66,COMPLETED,2026-04-27 06:13:41.465448
5777,963,123,1,1800.64,PENDING,2026-05-22 15:19:41.465448
5778,508,84,3,5552.16,CANCELLED,2026-06-18 21:32:41.465448
5779,210,59,1,1214.25,COMPLETED,2025-10-13 05:10:41.465448
5780,1000,75,3,3719.7,COMPLETED,2026-05-24 15:09:41.465448
5781,401,59,2,2428.5,COMPLETED,2026-05-07 10:07:41.465448
5782,607,5,1,260.2,COMPLETED,2026-02-15 02:02:41.465448
5783,455,175,1,185.61,COMPLETED,2025-09-13 21:57:41.465448
5784,918,37,4,5867.12,PENDING,2026-06-18 00:37:41.465448
5785,619,128,3,1246.17,COMPLETED,2026-04-22 12:46:41.465448
5786,346,70,1,1673.05,COMPLETED,2026-07-16 14:23:41.465448
5787,355,166,1,362.13,PENDING,2026-01-30 00:29:41.465448
5788,979,42,5,8949.65,PENDING,2025-10-31 03:14:41.465448
5789,389,167,1,724.16,COMPLETED,2026-02-09 09:37:41.465448
5790,862,131,2,1931.56,PENDING,2026-07-04 22:51:41.465448
5791,927,196,3,3832.23,COMPLETED,2025-12-03 22:33:41.465448
5792,252,56,2,3526.44,COMPLETED,2026-02-19 14:10:41.465448
5793,603,133,5,5797.8,PENDING,2026-07-20 01:57:41.465448
5794,333,134,5,8001.7,COMPLETED,2026-03-14 14:52:41.465448
5795,560,169,1,1845.34,PENDING,2025-11-05 11:20:41.465448
5796,128,87,3,1802.88,CANCELLED,2025-10-28 10:51:41.465448
5797,280,144,3,1488.3,PENDING,2025-12-21 13:58:41.465448
5798,843,85,5,4978.6,COMPLETED,2026-08-15 06:56:41.465448
5799,325,198,2,2045.68,COMPLETED,2026-02-19 12:36:41.465448
5800,1,137,2,1885.0,COMPLETED,2026-04-10 03:56:41.465448
5801,508,68,5,2285.05,COMPLETED,2025-12-04 19:32:41.465448
5802,211,178,2,1373.16,COMPLETED,2026-07-30 09:03:41.465448
5803,487,4,3,2714.22,COMPLETED,2026-05-14 00:56:41.465448
5804,343,127,5,2764.2,PENDING,2025-10-03 13:03:41.465448
5805,256,138,4,5992.2,PENDING,2026-05-10 21:49:41.465448
5806,526,169,3,5536.02,COMPLETED,2026-05-30 14:44:41.465448
5807,715,34,2,3944.02,PENDING,2026-08-06 20:17:41.465448
5808,398,124,2,2804.32,PENDING,2026-06-02 11:41:41.465448
5809,288,143,5,8873.25,COMPLETED,2026-09-04 11:38:41.465448
5810,318,25,5,7655.55,CANCELLED,2025-09-20 12:55:41.465448
5811,878,174,4,3834.2,COMPLETED,2026-02-10 20:19:41.465448
5812,398,95,3,5147.82,CANCELLED,2025-09-19 20:31:41.465448
5813,975,190,3,5350.17,CANCELLED,2026-07-01 10:03:41.465448
5814,39,152,5,2923.15,COMPLETED,2026-01-29 10:47:41.465448
5815,124,42,3,5369.79,PENDING,2026-06-12 07:42:41.465448
5816,971,148,3,1634.37,CANCELLED,2026-06-09 13:00:41.465448
5817,714,185,2,1503.48,COMPLETED,2025-10-12 07:43:41.465448
5818,211,131,2,1931.56,PENDING,2026-04-03 06:04:41.465448
5819,515,141,2,323.98,COMPLETED,2025-11-03 02:37:41.465448
5820,873,133,5,5797.8,COMPLETED,2026-05-15 10:56:41.465448
5821,21,65,1,1715.95,COMPLETED,2026-02-17 18:02:41.465448
5822,331,172,2,263.32,COMPLETED,2026-08-08 07:38:41.465448
5823,492,151,3,650.1,CANCELLED,2026-06-27 17:35:41.465448
5824,399,13,3,5022.24,CANCELLED,2026-04-27 02:16:41.465448
5825,321,36,3,2704.14,CANCELLED,2026-01-05 09:57:41.465448
5826,185,13,5,8370.4,COMPLETED,2026-08-07 06:38:41.465448
5827,202,1,5,7840.4,COMPLETED,2026-01-08 11:58:41.465448
5828,967,158,3,2857.38,COMPLETED,2025-11-23 04:23:41.465448
5829,15,154,5,5513.35,CANCELLED,2025-11-07 02:12:41.465448
5830,641,115,5,9245.5,COMPLETED,2026-02-22 07:00:41.465448
5831,651,172,2,263.32,PENDING,2026-02-18 09:40:41.465448
5832,649,145,1,569.34,COMPLETED,2026-02-10 02:47:41.465448
5833,751,88,1,360.98,PENDING,2026-09-06 12:52:41.465448
5834,257,8,2,2365.04,COMPLETED,2026-08-29 12:59:41.465448
5835,745,32,3,3811.02,COMPLETED,2026-03-24 03:35:41.465448
5836,685,96,4,1170.8,CANCELLED,2026-05-10 13:26:41.465448
5837,755,169,5,9226.7,COMPLETED,2025-10-20 14:50:41.465448
5838,73,82,2,3429.14,CANCELLED,2025-11-29 23:31:41.465448
5839,525,125,5,3904.85,COMPLETED,2026-03-01 08:07:41.465448
5840,323,72,1,335.58,COMPLETED,2025-11-29 18:19:41.465448
5841,634,102,5,2195.15,COMPLETED,2026-05-02 06:26:41.465448
5842,353,160,1,1505.58,COMPLETED,2026-03-05 07:29:41.465448
5843,200,168,2,2535.44,COMPLETED,2026-08-08 03:23:41.465448
5844,73,110,1,1999.92,COMPLETED,2025-10-29 04:43:41.465448
5845,720,48,2,2872.96,COMPLETED,2026-08-11 01:12:41.465448
5846,296,56,2,3526.44,COMPLETED,2026-08-21 01:29:41.465448
5847,496,153,1,153.39,COMPLETED,2025-11-15 01:16:41.465448
5848,494,139,5,6170.2,COMPLETED,2025-09-21 19:27:41.465448
5849,269,37,2,2933.56,PENDING,2026-07-29 23:08:41.465448
5850,532,163,3,3568.5,CANCELLED,2025-09-23 10:53:41.465448
5851,418,71,4,6189.28,COMPLETED,2025-10-10 11:19:41.465448
5852,263,164,1,1928.3,COMPLETED,2026-06-11 22:51:41.465448
5853,492,99,1,824.6,COMPLETED,2026-07-30 12:48:41.465448
5854,600,132,1,158.88,COMPLETED,2025-12-10 05:43:41.465448
5855,891,164,4,7713.2,PENDING,2026-04-05 06:07:41.465448
5856,125,145,3,1708.02,CANCELLED,2025-12-30 17:19:41.465448
5857,538,89,2,2757.26,PENDING,2026-04-11 02:58:41.465448
5858,875,77,2,2876.2,PENDING,2025-09-24 02:47:41.465448
5859,906,161,3,5703.36,COMPLETED,2026-02-23 05:49:41.465448
5860,249,184,5,1254.15,COMPLETED,2026-05-03 06:19:41.465448
5861,136,7,5,3265.8,COMPLETED,2026-08-06 05:57:41.465448
5862,149,191,4,3125.04,CANCELLED,2026-09-12 14:43:41.465448
5863,166,11,4,1878.6,PENDING,2026-06-12 06:49:41.465448
5864,372,115,4,7396.4,COMPLETED,2026-03-07 23:29:41.465448
5865,401,51,5,8711.4,CANCELLED,2026-07-18 18:48:41.465448
5866,409,162,5,6219.15,COMPLETED,2026-07-23 18:50:41.465448
5867,91,8,5,5912.6,COMPLETED,2026-07-19 12:11:41.465448
5868,720,31,4,2763.64,PENDING,2026-08-09 15:44:41.465448
5869,133,145,4,2277.36,COMPLETED,2025-11-11 10:46:41.465448
5870,169,39,4,7378.12,PENDING,2026-04-30 02:23:41.465448
5871,895,159,5,4091.05,COMPLETED,2026-04-20 07:34:41.465448
5872,265,130,4,7667.64,CANCELLED,2026-09-03 15:27:41.465448
5873,479,27,5,361.4,PENDING,2026-02-01 17:27:41.465448
5874,609,61,3,4412.88,CANCELLED,2026-06-22 20:05:41.465448
5875,487,92,1,343.54,PENDING,2026-09-04 04:41:41.465448
5876,254,166,4,1448.52,COMPLETED,2026-07-12 19:48:41.465448
5877,295,153,1,153.39,COMPLETED,2025-10-03 19:26:41.465448
5878,144,98,5,8138.75,COMPLETED,2025-12-03 22:32:41.465448
5879,709,26,3,4908.78,COMPLETED,2026-01-06 07:25:41.465448
5880,759,62,3,5748.63,COMPLETED,2026-02-22 18:06:41.465448
5881,799,6,2,1627.02,COMPLETED,2025-12-04 21:27:41.465448
5882,469,132,1,158.88,CANCELLED,2026-07-17 23:12:41.465448
5883,312,117,1,507.96,PENDING,2025-10-15 01:17:41.465448
5884,901,188,1,112.56,COMPLETED,2026-03-23 02:01:41.465448
5885,586,161,3,5703.36,CANCELLED,2026-06-19 19:36:41.465448
5886,299,66,4,1865.4,CANCELLED,2026-03-05 17:14:41.465448
5887,239,106,4,4977.44,CANCELLED,2026-05-20 13:48:41.465448
5888,804,68,2,914.02,CANCELLED,2025-12-20 02:34:41.465448
5889,137,96,4,1170.8,PENDING,2025-12-14 23:31:41.465448
5890,129,41,2,2419.26,COMPLETED,2025-10-01 11:23:41.465448
5891,483,119,5,3528.8,CANCELLED,2026-06-03 23:49:41.465448
5892,412,36,3,2704.14,COMPLETED,2026-08-01 19:05:41.465448
5893,300,63,3,4942.98,CANCELLED,2025-11-06 18:34:41.465448
5894,402,135,3,1426.86,CANCELLED,2025-12-26 18:53:41.465448
5895,159,123,3,5401.92,COMPLETED,2026-06-14 18:37:41.465448
5896,15,154,3,3308.01,COMPLETED,2025-11-16 14:31:41.465448
5897,424,63,5,8238.3,PENDING,2026-01-19 07:58:41.465448
5898,325,173,4,5072.28,COMPLETED,2026-05-17 12:30:41.465448
5899,955,123,2,3601.28,COMPLETED,2025-11-04 09:42:41.465448
5900,432,92,5,1717.7,COMPLETED,2026-02-23 22:50:41.465448
5901,725,73,2,1713.5,PENDING,2026-03-05 19:53:41.465448
5902,355,97,2,3571.9,PENDING,2026-08-28 06:36:41.465448
5903,766,6,1,813.51,COMPLETED,2026-07-19 19:57:41.465448
5904,689,156,3,1653.09,COMPLETED,2026-05-18 17:46:41.465448
5905,168,1,1,1568.08,COMPLETED,2025-12-27 01:45:41.465448
5906,829,138,2,2996.1,COMPLETED,2026-05-31 15:47:41.465448
5907,951,34,1,1972.01,COMPLETED,2025-10-24 16:52:41.465448
5908,120,144,4,1984.4,COMPLETED,2025-11-16 15:25:41.465448
5909,240,10,3,2522.91,CANCELLED,2026-08-06 14:24:41.465448
5910,391,166,3,1086.39,COMPLETED,2025-09-28 08:15:41.465448
5911,845,197,3,3200.76,COMPLETED,2026-08-15 23:31:41.465448
5912,79,173,3,3804.21,COMPLETED,2026-02-17 18:31:41.465448
5913,358,136,4,226.12,COMPLETED,2026-06-15 11:27:41.465448
5914,501,157,2,1264.8,PENDING,2025-12-21 06:59:41.465448
5915,867,69,5,8669.1,PENDING,2026-02-06 23:55:41.465448
5916,740,94,3,5747.94,COMPLETED,2026-04-23 23:57:41.465448
5917,941,198,2,2045.68,COMPLETED,2026-08-21 23:47:41.465448
5918,602,146,2,2133.92,COMPLETED,2025-12-07 06:46:41.465448
5919,919,99,4,3298.4,PENDING,2026-03-15 09:43:41.465448
5920,578,32,5,6351.7,COMPLETED,2025-12-30 11:00:41.465448
5921,871,116,1,1169.61,COMPLETED,2026-05-27 04:46:41.465448
5922,715,127,1,552.84,CANCELLED,2026-02-09 16:53:41.465448
5923,590,105,3,5123.85,PENDING,2025-10-02 23:41:41.465448
5924,655,108,5,207.65,PENDING,2025-12-02 22:50:41.465448
5925,318,7,3,1959.48,COMPLETED,2026-03-10 14:37:41.465448
5926,318,110,2,3999.84,COMPLETED,2026-01-05 09:00:41.465448
5927,840,109,3,2945.58,COMPLETED,2026-06-16 11:40:41.465448
5928,42,160,3,4516.74,COMPLETED,2026-08-02 22:02:41.465448
5929,994,16,1,1099.13,CANCELLED,2025-09-24 22:24:41.465448
5930,788,103,1,1791.26,COMPLETED,2026-03-26 23:23:41.465448
5931,451,142,4,1823.52,COMPLETED,2026-02-25 13:44:41.465448
5932,61,173,5,6340.35,CANCELLED,2026-04-27 00:54:41.465448
5933,735,124,4,5608.64,COMPLETED,2025-10-02 11:51:41.465448
5934,842,38,3,3991.8,COMPLETED,2025-10-03 11:44:41.465448
5935,319,126,5,6094.25,PENDING,2026-04-08 07:36:41.465448
5936,901,134,3,4801.02,CANCELLED,2026-05-17 11:42:41.465448
5937,264,33,5,2749.05,PENDING,2026-04-02 03:02:41.465448
5938,37,167,3,2172.48,COMPLETED,2026-08-13 07:00:41.465448
5939,885,33,5,2749.05,COMPLETED,2025-12-26 18:01:41.465448
5940,405,139,4,4936.16,PENDING,2025-10-21 22:55:41.465448
5941,15,24,4,5401.2,COMPLETED,2026-05-03 15:18:41.465448
5942,202,162,4,4975.32,PENDING,2026-02-07 00:52:41.465448
5943,721,60,2,3753.6,COMPLETED,2026-04-10 13:24:41.465448
5944,80,133,1,1159.56,PENDING,2026-02-27 00:28:41.465448
5945,677,149,1,1532.91,CANCELLED,2026-08-23 11:40:41.465448
5946,744,106,1,1244.36,COMPLETED,2026-08-01 16:09:41.465448
5947,154,125,5,3904.85,COMPLETED,2025-11-01 22:08:41.465448
5948,789,165,2,2853.78,COMPLETED,2026-06-08 18:52:41.465448
5949,503,150,4,5193.2,CANCELLED,2026-07-29 16:53:41.465448
5950,436,41,4,4838.52,COMPLETED,2025-12-11 08:58:41.465448
5951,352,109,4,3927.44,COMPLETED,2026-04-20 18:33:41.465448
5952,747,159,1,818.21,PENDING,2025-11-15 07:23:41.465448
5953,901,151,1,216.7,COMPLETED,2026-01-26 05:39:41.465448
5954,102,177,1,368.46,CANCELLED,2026-03-18 19:35:41.465448
5955,492,124,5,7010.8,COMPLETED,2026-05-15 20:21:41.465448
5956,683,133,1,1159.56,COMPLETED,2026-04-12 01:28:41.465448
5957,774,42,2,3579.86,COMPLETED,2026-07-04 02:08:41.465448
5958,27,74,5,988.6,PENDING,2026-08-26 15:24:41.465448
5959,363,137,4,3770.0,COMPLETED,2026-08-21 11:54:41.465448
5960,315,3,4,4373.84,COMPLETED,2026-08-05 14:49:41.465448
5961,110,98,5,8138.75,PENDING,2026-01-15 23:02:41.465448
5962,260,104,3,716.91,COMPLETED,2025-10-20 02:59:41.465448
5963,264,117,3,1523.88,PENDING,2026-02-08 20:58:41.465448
5964,369,133,3,3478.68,COMPLETED,2026-09-10 07:06:41.465448
5965,790,157,4,2529.6,CANCELLED,2025-11-11 05:31:41.465448
5966,990,177,4,1473.84,COMPLETED,2025-11-24 03:27:41.465448
5967,35,187,2,1683.34,COMPLETED,2026-01-17 04:06:41.465448
5968,3,39,4,7378.12,COMPLETED,2025-11-01 14:13:41.465448
5969,991,123,2,3601.28,COMPLETED,2026-01-02 11:42:41.465448
5970,389,27,1,72.28,COMPLETED,2026-08-27 03:15:41.465448
5971,112,181,5,2427.65,COMPLETED,2026-02-06 18:39:41.465448
5972,911,41,2,2419.26,PENDING,2026-02-15 01:49:41.465448
5973,540,46,5,56.9,COMPLETED,2026-08-30 04:00:41.465448
5974,560,75,4,4959.6,CANCELLED,2026-08-25 06:02:41.465448
5975,47,8,5,5912.6,CANCELLED,2026-01-16 07:15:41.465448
5976,28,196,3,3832.23,COMPLETED,2026-08-09 21:21:41.465448
5977,5,195,2,3298.26,COMPLETED,2025-10-02 04:39:41.465448
5978,958,150,3,3894.9,COMPLETED,2026-09-08 13:22:41.465448
5979,770,103,2,3582.52,COMPLETED,2025-11-16 04:19:41.465448
5980,71,115,1,1849.1,COMPLETED,2026-09-07 19:07:41.465448
5981,862,20,3,4126.44,COMPLETED,2026-06-26 00:42:41.465448
5982,222,32,3,3811.02,CANCELLED,2026-08-15 17:26:41.465448
5983,477,115,5,9245.5,COMPLETED,2026-07-15 15:21:41.465448
5984,860,25,3,4593.33,CANCELLED,2026-09-01 00:37:41.465448
5985,91,113,5,9936.05,COMPLETED,2026-07-26 17:52:41.465448
5986,79,181,2,971.06,PENDING,2026-03-04 06:58:41.465448
5987,744,127,3,1658.52,COMPLETED,2026-05-12 21:11:41.465448
5988,719,35,3,1834.62,CANCELLED,2026-06-25 01:37:41.465448
5989,290,159,5,4091.05,COMPLETED,2026-06-28 15:26:41.465448
5990,144,74,5,988.6,COMPLETED,2026-01-07 14:14:41.465448
5991,198,30,4,4498.4,COMPLETED,2026-03-01 06:38:41.465448
5992,684,105,4,6831.8,PENDING,2025-12-08 07:44:41.465448
5993,869,27,2,144.56,CANCELLED,2025-12-13 07:01:41.465448
5994,381,70,5,8365.25,COMPLETED,2026-01-09 15:44:41.465448
5995,104,116,4,4678.44,CANCELLED,2025-10-30 18:28:41.465448
5996,199,142,4,1823.52,CANCELLED,2026-02-07 04:57:41.465448
5997,971,168,3,3803.16,CANCELLED,2026-08-18 18:04:41.465448
5998,238,98,4,6511.0,PENDING,2026-03-15 11:00:41.465448
5999,170,66,5,2331.75,COMPLETED,2026-09-06 00:54:41.465448
6000,237,175,5,928.05,CANCELLED,2025-10-24 11:29:41.465448
6001,882,72,5,1677.9,COMPLETED,2025-11-17 18:24:41.465448
6002,681,66,5,2331.75,COMPLETED,2026-04-30 13:43:41.465448
6003,138,118,1,1551.19,COMPLETED,2026-05-09 22:20:41.465448
6004,509,97,1,1785.95,PENDING,2026-06-19 21:25:41.465448
6005,207,192,3,3754.08,CANCELLED,2025-10-10 02:28:41.465448
6006,648,165,2,2853.78,COMPLETED,2026-07-23 13:53:41.465448
6007,599,35,5,3057.7,COMPLETED,2026-03-21 03:04:41.465448
6008,501,149,4,6131.64,PENDING,2026-03-07 00:44:41.465448
6009,196,176,1,604.1,CANCELLED,2026-04-23 18:48:41.465448
6010,389,113,1,1987.21,PENDING,2026-08-02 23:34:41.465448
6011,928,71,2,3094.64,COMPLETED,2026-04-23 10:38:41.465448
6012,804,36,4,3605.52,PENDING,2026-03-21 15:23:41.465448
6013,593,132,2,317.76,PENDING,2026-04-20 04:39:41.465448
6014,732,10,4,3363.88,CANCELLED,2026-03-19 00:47:41.465448
6015,570,12,4,6712.64,COMPLETED,2026-02-13 13:37:41.465448
6016,853,34,4,7888.04,COMPLETED,2025-11-30 18:54:41.465448
6017,109,81,1,1361.4,COMPLETED,2026-08-24 06:34:41.465448
6018,528,5,4,1040.8,COMPLETED,2026-03-15 16:25:41.465448
6019,135,170,4,4042.84,COMPLETED,2026-02-04 11:06:41.465448
6020,409,12,2,3356.32,COMPLETED,2026-04-07 04:33:41.465448
6021,829,195,1,1649.13,COMPLETED,2025-10-21 14:42:41.465448
6022,839,63,2,3295.32,COMPLETED,2025-09-21 05:21:41.465448
6023,808,43,1,1932.58,COMPLETED,2025-10-24 00:52:41.465448
6024,855,184,2,501.66,COMPLETED,2025-12-07 01:47:41.465448
6025,401,133,1,1159.56,COMPLETED,2026-03-13 09:53:41.465448
6026,388,45,2,1474.78,CANCELLED,2026-06-06 13:29:41.465448
6027,746,89,3,4135.89,COMPLETED,2026-03-12 01:25:41.465448
6028,151,70,4,6692.2,CANCELLED,2026-05-07 08:19:41.465448
6029,4,34,3,5916.03,CANCELLED,2026-06-20 11:23:41.465448
6030,26,106,1,1244.36,COMPLETED,2026-02-03 14:26:41.465448
6031,819,191,5,3906.3,CANCELLED,2026-06-19 14:11:41.465448
6032,637,158,3,2857.38,COMPLETED,2026-09-04 19:31:41.465448
6033,131,55,5,5949.85,COMPLETED,2025-11-12 12:14:41.465448
6034,990,19,4,2102.72,COMPLETED,2026-06-14 00:21:41.465448
6035,624,124,3,4206.48,PENDING,2026-02-23 08:48:41.465448
6036,684,145,4,2277.36,CANCELLED,2026-05-11 14:33:41.465448
6037,104,75,1,1239.9,COMPLETED,2026-04-02 04:01:41.465448
6038,806,16,5,5495.65,COMPLETED,2025-10-17 13:20:41.465448
6039,568,155,1,1013.2,PENDING,2026-04-16 02:45:41.465448
6040,248,185,4,3006.96,PENDING,2025-10-10 00:17:41.465448
6041,161,183,1,379.26,COMPLETED,2026-04-26 20:57:41.465448
6042,689,102,1,439.03,COMPLETED,2026-04-03 18:56:41.465448
6043,173,157,5,3162.0,COMPLETED,2026-07-08 17:46:41.465448
6044,892,53,1,1409.28,CANCELLED,2026-06-28 16:28:41.465448
6045,123,100,3,402.12,COMPLETED,2026-03-21 23:47:41.465448
6046,257,60,2,3753.6,COMPLETED,2026-06-26 22:41:41.465448
6047,46,51,2,3484.56,PENDING,2026-08-09 19:21:41.465448
6048,158,154,1,1102.67,PENDING,2026-07-20 09:37:41.465448
6049,264,75,4,4959.6,COMPLETED,2026-07-25 00:08:41.465448
6050,817,117,3,1523.88,COMPLETED,2026-05-14 00:09:41.465448
6051,278,81,4,5445.6,CANCELLED,2026-01-26 02:13:41.465448
6052,560,48,2,2872.96,COMPLETED,2026-03-14 08:55:41.465448
6053,613,10,3,2522.91,PENDING,2026-02-24 06:17:41.465448
6054,681,67,4,6067.96,COMPLETED,2026-01-16 03:03:41.465448
6055,378,177,2,736.92,PENDING,2026-03-01 12:24:41.465448
6056,33,61,5,7354.8,COMPLETED,2026-06-15 00:50:41.465448
6057,56,167,1,724.16,COMPLETED,2026-01-14 19:01:41.465448
6058,78,99,3,2473.8,PENDING,2026-04-05 11:37:41.465448
6059,688,51,4,6969.12,COMPLETED,2025-10-20 15:49:41.465448
6060,910,63,2,3295.32,COMPLETED,2026-09-08 02:09:41.465448
6061,428,19,2,1051.36,PENDING,2026-08-24 22:36:41.465448
6062,716,106,5,6221.8,COMPLETED,2026-03-21 13:26:41.465448
6063,372,47,4,1164.08,COMPLETED,2026-01-18 17:32:41.465448
6064,33,81,5,6807.0,COMPLETED,2026-08-30 08:03:41.465448
6065,630,187,1,841.67,COMPLETED,2026-09-12 16:01:41.465448
6066,855,90,5,701.1,COMPLETED,2026-08-22 22:23:41.465448
6067,305,5,5,1301.0,COMPLETED,2026-02-24 20:06:41.465448
6068,303,6,3,2440.53,PENDING,2026-08-03 10:35:41.465448
6069,319,193,3,3120.63,CANCELLED,2026-03-29 13:15:41.465448
6070,834,82,1,1714.57,COMPLETED,2026-04-16 07:34:41.465448
6071,527,60,3,5630.4,COMPLETED,2025-09-19 14:30:41.465448
6072,410,54,2,805.4,COMPLETED,2026-04-30 04:18:41.465448
6073,106,81,5,6807.0,PENDING,2026-07-28 15:02:41.465448
6074,490,16,2,2198.26,COMPLETED,2025-10-26 03:59:41.465448
6075,428,166,4,1448.52,COMPLETED,2026-01-15 19:11:41.465448
6076,893,200,1,1078.14,COMPLETED,2026-05-15 07:21:41.465448
6077,450,64,1,858.69,PENDING,2026-06-08 11:53:41.465448
6078,462,92,3,1030.62,COMPLETED,2026-08-19 10:50:41.465448
6079,326,131,1,965.78,COMPLETED,2026-07-19 09:41:41.465448
6080,541,5,4,1040.8,COMPLETED,2025-10-03 09:51:41.465448
6081,160,2,3,4554.24,PENDING,2025-10-27 01:19:41.465448
6082,713,186,5,2540.45,CANCELLED,2026-01-15 16:04:41.465448
6083,211,49,4,3932.84,COMPLETED,2025-11-24 15:43:41.465448
6084,507,26,5,8181.3,PENDING,2025-11-12 23:22:41.465448
6085,327,64,5,4293.45,PENDING,2026-03-10 17:34:41.465448
6086,697,65,4,6863.8,COMPLETED,2026-03-05 10:59:41.465448
6087,189,25,2,3062.22,COMPLETED,2026-05-12 01:31:41.465448
6088,394,28,1,1857.2,CANCELLED,2025-10-13 16:31:41.465448
6089,616,24,5,6751.5,COMPLETED,2026-08-29 06:19:41.465448
6090,975,194,2,3447.52,CANCELLED,2026-05-30 10:59:41.465448
6091,711,48,2,2872.96,COMPLETED,2026-06-23 02:20:41.465448
6092,434,94,1,1915.98,COMPLETED,2026-02-22 06:44:41.465448
6093,110,166,4,1448.52,COMPLETED,2026-01-19 01:23:41.465448
6094,711,153,1,153.39,CANCELLED,2026-07-14 04:59:41.465448
6095,620,28,1,1857.2,PENDING,2026-05-19 14:34:41.465448
6096,817,196,4,5109.64,COMPLETED,2025-10-22 21:14:41.465448
6097,21,10,4,3363.88,COMPLETED,2026-06-15 02:59:41.465448
6098,178,122,4,5171.04,COMPLETED,2026-06-29 23:41:41.465448
6099,878,133,2,2319.12,CANCELLED,2025-10-12 11:48:41.465448
6100,642,38,4,5322.4,COMPLETED,2025-12-01 10:13:41.465448
6101,10,189,3,1158.12,COMPLETED,2026-03-10 12:28:41.465448
6102,599,42,3,5369.79,COMPLETED,2026-06-14 21:21:41.465448
6103,373,146,3,3200.88,PENDING,2026-02-23 14:49:41.465448
6104,33,25,2,3062.22,COMPLETED,2026-07-31 17:46:41.465448
6105,399,78,5,110.5,PENDING,2026-09-05 14:58:41.465448
6106,213,135,4,1902.48,COMPLETED,2025-11-19 23:00:41.465448
6107,972,139,4,4936.16,COMPLETED,2025-09-26 00:05:41.465448
6108,243,195,1,1649.13,COMPLETED,2026-03-17 18:51:41.465448
6109,657,29,4,7957.28,PENDING,2026-01-06 05:08:41.465448
6110,230,77,4,5752.4,COMPLETED,2026-08-02 19:12:41.465448
6111,576,42,3,5369.79,COMPLETED,2026-06-24 18:27:41.465448
6112,76,124,3,4206.48,PENDING,2026-03-02 15:43:41.465448
6113,219,91,5,8712.15,COMPLETED,2026-06-29 00:38:41.465448
6114,631,188,3,337.68,COMPLETED,2026-05-26 22:06:41.465448
6115,34,177,4,1473.84,COMPLETED,2026-03-08 18:14:41.465448
6116,899,86,2,2842.5,COMPLETED,2025-12-05 03:21:41.465448
6117,88,160,2,3011.16,COMPLETED,2025-09-19 15:26:41.465448
6118,503,186,1,508.09,COMPLETED,2026-09-11 06:46:41.465448
6119,746,8,3,3547.56,COMPLETED,2026-03-06 16:41:41.465448
6120,54,136,4,226.12,PENDING,2026-02-27 14:59:41.465448
6121,710,55,5,5949.85,COMPLETED,2026-01-29 23:45:41.465448
6122,293,78,5,110.5,PENDING,2026-05-12 18:38:41.465448
6123,86,26,3,4908.78,PENDING,2026-05-28 12:55:41.465448
6124,839,137,2,1885.0,CANCELLED,2026-06-01 10:07:41.465448
6125,293,148,4,2179.16,COMPLETED,2025-10-07 03:37:41.465448
6126,737,72,3,1006.74,COMPLETED,2026-02-15 00:29:41.465448
6127,306,55,4,4759.88,COMPLETED,2026-04-15 22:39:41.465448
6128,828,37,4,5867.12,COMPLETED,2025-09-15 17:00:41.465448
6129,946,141,4,647.96,COMPLETED,2026-08-21 13:20:41.465448
6130,948,167,1,724.16,COMPLETED,2025-10-24 08:13:41.465448
6131,308,42,2,3579.86,COMPLETED,2026-07-09 04:01:41.465448
6132,265,24,1,1350.3,COMPLETED,2025-12-18 02:41:41.465448
6133,752,67,3,4550.97,CANCELLED,2026-09-03 22:26:41.465448
6134,414,66,3,1399.05,COMPLETED,2025-09-19 11:12:41.465448
6135,848,127,2,1105.68,COMPLETED,2025-12-07 15:06:41.465448
6136,57,26,5,8181.3,COMPLETED,2026-05-14 21:44:41.465448
6137,48,184,3,752.49,CANCELLED,2026-09-03 03:37:41.465448
6138,937,165,5,7134.45,PENDING,2026-05-15 15:48:41.465448
6139,257,182,1,1019.12,COMPLETED,2026-02-16 16:08:41.465448
6140,962,79,4,1264.4,PENDING,2026-06-12 18:05:41.465448
6141,562,183,2,758.52,COMPLETED,2026-05-01 04:56:41.465448
6142,692,189,3,1158.12,CANCELLED,2025-11-01 21:14:41.465448
6143,962,59,3,3642.75,CANCELLED,2026-05-07 23:20:41.465448
6144,504,125,3,2342.91,COMPLETED,2026-03-26 22:38:41.465448
6145,206,159,3,2454.63,COMPLETED,2026-07-28 18:05:41.465448
6146,185,189,5,1930.2,COMPLETED,2025-12-24 19:02:41.465448
6147,69,191,4,3125.04,COMPLETED,2026-02-20 08:18:41.465448
6148,480,199,4,2074.68,CANCELLED,2025-11-27 17:43:41.465448
6149,920,39,2,3689.06,PENDING,2025-10-11 09:54:41.465448
6150,453,112,4,1547.24,COMPLETED,2026-08-12 19:28:41.465448
6151,390,76,3,1106.73,COMPLETED,2026-07-27 09:48:41.465448
6152,566,200,2,2156.28,PENDING,2026-07-11 21:27:41.465448
6153,782,175,1,185.61,COMPLETED,2026-06-26 20:51:41.465448
6154,12,47,3,873.06,PENDING,2026-01-10 18:31:41.465448
6155,65,135,5,2378.1,CANCELLED,2026-03-24 02:17:41.465448
6156,836,162,4,4975.32,COMPLETED,2025-12-22 06:42:41.465448
6157,747,91,5,8712.15,COMPLETED,2026-08-13 02:45:41.465448
6158,438,49,4,3932.84,COMPLETED,2026-06-18 07:42:41.465448
6159,179,194,5,8618.8,CANCELLED,2026-03-03 05:15:41.465448
6160,493,200,5,5390.7,PENDING,2025-12-08 15:41:41.465448
6161,154,14,3,2162.79,COMPLETED,2026-01-12 19:09:41.465448
6162,577,115,1,1849.1,COMPLETED,2025-11-09 00:59:41.465448
6163,672,38,2,2661.2,PENDING,2026-05-27 09:27:41.465448
6164,500,106,2,2488.72,COMPLETED,2026-01-16 09:33:41.465448
6165,813,137,3,2827.5,COMPLETED,2026-06-18 18:32:41.465448
6166,982,11,2,939.3,PENDING,2026-07-01 11:17:41.465448
6167,387,170,1,1010.71,COMPLETED,2026-02-15 21:39:41.465448
6168,806,43,5,9662.9,COMPLETED,2026-05-08 20:30:41.465448
6169,70,196,5,6387.05,PENDING,2025-11-17 03:41:41.465448
6170,694,156,3,1653.09,CANCELLED,2026-03-26 13:17:41.465448
6171,954,94,3,5747.94,CANCELLED,2026-03-05 20:37:41.465448
6172,101,10,1,840.97,COMPLETED,2026-02-25 13:41:41.465448
6173,197,64,1,858.69,COMPLETED,2026-04-15 22:53:41.465448
6174,624,41,2,2419.26,COMPLETED,2026-04-15 20:37:41.465448
6175,143,27,2,144.56,CANCELLED,2026-01-30 08:12:41.465448
6176,295,151,3,650.1,COMPLETED,2025-10-25 07:34:41.465448
6177,519,133,4,4638.24,COMPLETED,2026-01-03 20:58:41.465448
6178,819,150,2,2596.6,CANCELLED,2025-12-24 18:05:41.465448
6179,440,129,3,4146.99,COMPLETED,2026-09-03 05:11:41.465448
6180,778,181,3,1456.59,CANCELLED,2026-02-16 13:22:41.465448
6181,895,199,4,2074.68,COMPLETED,2026-09-05 00:32:41.465448
6182,54,20,4,5501.92,CANCELLED,2026-09-05 11:25:41.465448
6183,918,70,2,3346.1,COMPLETED,2025-12-29 17:26:41.465448
6184,227,162,1,1243.83,COMPLETED,2026-01-31 19:00:41.465448
6185,456,16,5,5495.65,COMPLETED,2025-09-26 17:23:41.465448
6186,759,140,4,5865.8,CANCELLED,2025-12-20 11:45:41.465448
6187,14,52,5,5597.35,CANCELLED,2026-01-24 18:41:41.465448
6188,348,102,3,1317.09,PENDING,2025-10-25 10:16:41.465448
6189,597,89,4,5514.52,PENDING,2026-07-20 01:38:41.465448
6190,993,88,3,1082.94,COMPLETED,2026-08-06 16:28:41.465448
6191,325,118,1,1551.19,COMPLETED,2025-12-21 18:53:41.465448
6192,60,37,4,5867.12,COMPLETED,2026-05-25 07:55:41.465448
6193,373,98,3,4883.25,PENDING,2026-08-22 05:42:41.465448
6194,870,41,4,4838.52,COMPLETED,2025-12-31 16:53:41.465448
6195,528,161,4,7604.48,COMPLETED,2026-08-25 11:06:41.465448
6196,879,28,4,7428.8,COMPLETED,2026-07-10 16:17:41.465448
6197,584,49,2,1966.42,COMPLETED,2025-12-02 13:07:41.465448
6198,931,103,3,5373.78,PENDING,2025-10-01 23:58:41.465448
6199,990,135,3,1426.86,COMPLETED,2026-07-02 07:05:41.465448
6200,491,97,4,7143.8,PENDING,2025-12-02 00:44:41.465448
6201,941,29,1,1989.32,CANCELLED,2025-12-11 10:51:41.465448
6202,273,47,2,582.04,COMPLETED,2025-12-24 19:34:41.465448
6203,228,5,4,1040.8,CANCELLED,2026-08-29 03:31:41.465448
6204,464,102,3,1317.09,CANCELLED,2026-03-31 06:27:41.465448
6205,354,41,5,6048.15,COMPLETED,2026-07-28 16:58:41.465448
6206,416,7,5,3265.8,CANCELLED,2026-02-10 00:00:41.465448
6207,492,121,5,5922.05,PENDING,2026-01-14 17:04:41.465448
6208,77,61,3,4412.88,COMPLETED,2026-08-25 06:42:41.465448
6209,824,196,5,6387.05,CANCELLED,2025-11-29 21:40:41.465448
6210,422,174,4,3834.2,COMPLETED,2026-02-04 11:23:41.465448
6211,813,42,1,1789.93,COMPLETED,2025-11-04 12:21:41.465448
6212,741,29,5,9946.6,CANCELLED,2026-08-29 10:17:41.465448
6213,592,180,4,244.52,COMPLETED,2026-01-06 14:01:41.465448
6214,62,98,4,6511.0,CANCELLED,2026-07-07 19:07:41.465448
6215,64,94,5,9579.9,COMPLETED,2026-01-17 14:38:41.465448
6216,114,154,1,1102.67,COMPLETED,2026-05-05 01:14:41.465448
6217,979,73,1,856.75,PENDING,2026-01-12 21:08:41.465448
6218,190,143,1,1774.65,COMPLETED,2026-01-22 07:54:41.465448
6219,18,96,2,585.4,COMPLETED,2026-04-03 19:30:41.465448
6220,913,70,5,8365.25,COMPLETED,2025-09-26 21:22:41.465448
6221,259,134,1,1600.34,COMPLETED,2026-03-23 02:54:41.465448
6222,41,17,5,4620.9,PENDING,2025-10-23 23:23:41.465448
6223,458,82,5,8572.85,COMPLETED,2026-02-20 23:22:41.465448
6224,657,84,3,5552.16,COMPLETED,2026-08-07 06:01:41.465448
6225,897,172,4,526.64,COMPLETED,2026-01-19 17:20:41.465448
6226,43,162,5,6219.15,CANCELLED,2025-11-05 15:36:41.465448
6227,876,156,3,1653.09,COMPLETED,2026-09-05 11:44:41.465448
6228,658,123,5,9003.2,COMPLETED,2026-01-14 01:48:41.465448
6229,906,37,2,2933.56,COMPLETED,2025-11-21 23:16:41.465448
6230,6,125,4,3123.88,COMPLETED,2026-05-24 03:44:41.465448
6231,743,69,4,6935.28,PENDING,2026-08-06 14:23:41.465448
6232,955,121,3,3553.23,COMPLETED,2026-02-14 03:17:41.465448
6233,400,180,3,183.39,COMPLETED,2026-05-02 03:22:41.465448
6234,406,118,5,7755.95,COMPLETED,2025-09-19 11:16:41.465448
6235,601,101,3,5762.1,COMPLETED,2026-06-20 02:37:41.465448
6236,350,157,1,632.4,PENDING,2026-02-05 04:02:41.465448
6237,384,159,1,818.21,CANCELLED,2025-10-16 19:51:41.465448
6238,763,142,4,1823.52,COMPLETED,2025-10-13 08:43:41.465448
6239,711,198,3,3068.52,CANCELLED,2026-02-04 13:41:41.465448
6240,858,200,3,3234.42,COMPLETED,2026-01-24 03:02:41.465448
6241,152,100,3,402.12,COMPLETED,2026-02-07 02:12:41.465448
6242,696,147,3,5954.94,COMPLETED,2026-04-23 13:25:41.465448
6243,360,156,1,551.03,CANCELLED,2025-10-09 08:10:41.465448
6244,400,178,4,2746.32,CANCELLED,2025-12-03 10:59:41.465448
6245,700,188,5,562.8,COMPLETED,2026-07-12 02:49:41.465448
6246,380,92,1,343.54,COMPLETED,2025-12-21 22:51:41.465448
6247,995,197,2,2133.84,CANCELLED,2025-12-07 08:28:41.465448
6248,92,119,4,2823.04,CANCELLED,2026-03-05 18:10:41.465448
6249,408,120,5,7553.5,COMPLETED,2025-12-25 04:59:41.465448
6250,86,129,2,2764.66,COMPLETED,2025-11-22 08:19:41.465448
6251,102,99,4,3298.4,CANCELLED,2026-01-09 16:40:41.465448
6252,142,178,4,2746.32,PENDING,2026-02-05 23:26:41.465448
6253,7,89,5,6893.15,CANCELLED,2026-04-26 19:15:41.465448
6254,419,12,2,3356.32,COMPLETED,2025-10-09 03:29:41.465448
6255,694,107,5,7876.95,CANCELLED,2025-09-15 07:41:41.465448
6256,106,52,3,3358.41,COMPLETED,2026-02-21 16:46:41.465448
6257,510,119,5,3528.8,PENDING,2026-08-06 14:08:41.465448
6258,276,7,1,653.16,COMPLETED,2026-07-25 23:37:41.465448
6259,825,78,1,22.1,COMPLETED,2025-10-06 21:17:41.465448
6260,964,10,3,2522.91,CANCELLED,2026-02-15 06:04:41.465448
6261,877,65,5,8579.75,COMPLETED,2025-12-06 16:33:41.465448
6262,473,198,4,4091.36,COMPLETED,2025-09-21 16:04:41.465448
6263,440,120,2,3021.4,COMPLETED,2026-01-11 03:04:41.465448
6264,133,70,2,3346.1,CANCELLED,2026-08-23 16:09:41.465448
6265,176,64,2,1717.38,CANCELLED,2025-10-02 22:19:41.465448
6266,120,187,3,2525.01,COMPLETED,2026-06-18 09:28:41.465448
6267,20,134,3,4801.02,COMPLETED,2026-02-16 16:15:41.465448
6268,638,167,4,2896.64,COMPLETED,2025-12-25 17:58:41.465448
6269,406,116,3,3508.83,COMPLETED,2026-09-10 08:44:41.465448
6270,792,18,3,1721.88,COMPLETED,2025-10-10 01:40:41.465448
6271,956,173,2,2536.14,PENDING,2026-07-28 14:02:41.465448
6272,987,180,3,183.39,PENDING,2026-05-28 09:56:41.465448
6273,937,142,1,455.88,COMPLETED,2026-06-03 19:05:41.465448
6274,765,147,4,7939.92,CANCELLED,2026-01-16 16:49:41.465448
6275,781,159,5,4091.05,PENDING,2026-08-10 01:12:41.465448
6276,578,86,2,2842.5,COMPLETED,2025-10-30 02:47:41.465448
6277,74,99,5,4123.0,COMPLETED,2026-03-30 04:24:41.465448
6278,752,144,4,1984.4,COMPLETED,2025-10-02 11:33:41.465448
6279,424,182,4,4076.48,CANCELLED,2025-10-01 17:45:41.465448
6280,703,106,5,6221.8,COMPLETED,2026-04-28 06:45:41.465448
6281,149,84,5,9253.6,COMPLETED,2025-11-26 21:39:41.465448
6282,186,168,3,3803.16,COMPLETED,2025-11-02 09:10:41.465448
6283,36,175,4,742.44,PENDING,2026-05-25 19:31:41.465448
6284,550,163,2,2379.0,COMPLETED,2025-10-20 19:22:41.465448
6285,622,95,3,5147.82,COMPLETED,2026-04-18 07:56:41.465448
6286,979,87,4,2403.84,PENDING,2025-11-04 08:23:41.465448
6287,6,81,3,4084.2,COMPLETED,2025-12-03 20:36:41.465448
6288,45,90,3,420.66,COMPLETED,2026-06-26 14:56:41.465448
6289,966,60,3,5630.4,COMPLETED,2025-10-14 07:21:41.465448
6290,471,137,3,2827.5,COMPLETED,2025-12-08 19:02:41.465448
6291,929,72,1,335.58,COMPLETED,2026-07-18 14:25:41.465448
6292,26,54,5,2013.5,COMPLETED,2025-09-19 04:23:41.465448
6293,534,126,2,2437.7,COMPLETED,2025-11-04 11:57:41.465448
6294,808,42,3,5369.79,PENDING,2026-04-06 15:10:41.465448
6295,78,55,3,3569.91,COMPLETED,2026-01-07 19:04:41.465448
6296,160,172,4,526.64,PENDING,2026-09-01 12:48:41.465448
6297,598,63,4,6590.64,COMPLETED,2026-09-03 02:43:41.465448
6298,443,165,5,7134.45,COMPLETED,2026-03-31 22:42:41.465448
6299,685,94,4,7663.92,PENDING,2026-04-02 16:19:41.465448
6300,562,95,4,6863.76,COMPLETED,2026-08-08 17:20:41.465448
6301,742,170,5,5053.55,COMPLETED,2026-05-26 18:35:41.465448
6302,562,188,2,225.12,COMPLETED,2026-09-03 08:57:41.465448
6303,258,138,3,4494.15,CANCELLED,2025-10-24 18:09:41.465448
6304,811,118,1,1551.19,COMPLETED,2025-11-15 15:39:41.465448
6305,214,140,1,1466.45,COMPLETED,2025-12-27 18:32:41.465448
6306,876,49,1,983.21,PENDING,2026-05-06 08:57:41.465448
6307,173,7,3,1959.48,CANCELLED,2026-07-18 22:19:41.465448
6308,703,98,4,6511.0,COMPLETED,2026-06-08 12:46:41.465448
6309,453,103,3,5373.78,COMPLETED,2025-10-25 08:56:41.465448
6310,816,54,2,805.4,COMPLETED,2025-11-30 01:40:41.465448
6311,665,140,3,4399.35,COMPLETED,2025-11-10 09:09:41.465448
6312,754,170,2,2021.42,COMPLETED,2026-05-15 12:04:41.465448
6313,853,70,2,3346.1,COMPLETED,2026-01-24 17:25:41.465448
6314,270,58,5,8046.2,PENDING,2025-12-21 12:12:41.465448
6315,634,52,4,4477.88,PENDING,2026-01-29 06:05:41.465448
6316,504,129,1,1382.33,CANCELLED,2026-08-19 18:18:41.465448
6317,566,89,2,2757.26,CANCELLED,2026-03-18 02:21:41.465448
6318,957,154,4,4410.68,CANCELLED,2025-10-12 21:15:41.465448
6319,993,155,5,5066.0,COMPLETED,2026-08-14 23:23:41.465448
6320,282,177,1,368.46,CANCELLED,2025-10-28 03:28:41.465448
6321,304,49,2,1966.42,PENDING,2026-01-27 09:41:41.465448
6322,587,69,1,1733.82,COMPLETED,2026-01-15 12:32:41.465448
6323,528,188,3,337.68,COMPLETED,2026-02-16 21:24:41.465448
6324,494,187,2,1683.34,COMPLETED,2026-01-29 13:20:41.465448
6325,649,49,4,3932.84,COMPLETED,2026-02-03 02:52:41.465448
6326,27,175,1,185.61,COMPLETED,2026-03-20 22:51:41.465448
6327,72,46,1,11.38,COMPLETED,2025-11-05 05:16:41.465448
6328,823,183,2,758.52,COMPLETED,2026-04-27 07:03:41.465448
6329,200,36,3,2704.14,COMPLETED,2025-10-17 06:06:41.465448
6330,791,143,4,7098.6,COMPLETED,2026-08-31 18:38:41.465448
6331,781,137,3,2827.5,COMPLETED,2026-02-28 12:39:41.465448
6332,334,13,2,3348.16,CANCELLED,2025-09-27 23:08:41.465448
6333,678,72,1,335.58,CANCELLED,2026-05-30 22:20:41.465448
6334,271,152,1,584.63,PENDING,2025-11-23 06:37:41.465448
6335,331,51,3,5226.84,COMPLETED,2026-01-12 15:14:41.465448
6336,75,27,4,289.12,CANCELLED,2026-03-08 05:19:41.465448
6337,776,182,1,1019.12,PENDING,2025-11-13 00:11:41.465448
6338,278,117,3,1523.88,CANCELLED,2026-06-07 08:16:41.465448
6339,538,123,5,9003.2,COMPLETED,2026-07-08 18:44:41.465448
6340,848,115,1,1849.1,COMPLETED,2025-10-11 15:24:41.465448
6341,474,66,1,466.35,CANCELLED,2025-12-29 05:20:41.465448
6342,748,9,2,642.82,PENDING,2025-10-26 05:54:41.465448
6343,176,85,2,1991.44,COMPLETED,2026-01-06 04:49:41.465448
6344,928,38,5,6653.0,PENDING,2026-06-13 20:20:41.465448
6345,86,59,2,2428.5,CANCELLED,2026-05-23 03:51:41.465448
6346,898,63,4,6590.64,COMPLETED,2026-01-28 14:00:41.465448
6347,459,89,3,4135.89,CANCELLED,2025-11-17 14:05:41.465448
6348,980,11,3,1408.95,COMPLETED,2026-05-16 04:29:41.465448
6349,552,61,1,1470.96,COMPLETED,2025-12-29 05:27:41.465448
6350,55,144,1,496.1,COMPLETED,2025-12-15 01:12:41.465448
6351,959,83,1,884.86,COMPLETED,2025-12-08 00:10:41.465448
6352,142,109,3,2945.58,COMPLETED,2026-06-25 03:31:41.465448
6353,397,85,4,3982.88,CANCELLED,2026-01-01 19:13:41.465448
6354,312,164,4,7713.2,COMPLETED,2025-11-12 18:31:41.465448
6355,991,64,4,3434.76,COMPLETED,2026-09-04 08:51:41.465448
6356,661,135,1,475.62,COMPLETED,2026-01-27 08:04:41.465448
6357,480,154,2,2205.34,PENDING,2025-12-26 06:25:41.465448
6358,112,192,5,6256.8,COMPLETED,2026-05-22 01:58:41.465448
6359,332,165,5,7134.45,COMPLETED,2026-07-12 13:17:41.465448
6360,345,10,3,2522.91,CANCELLED,2026-04-17 23:14:41.465448
6361,80,17,3,2772.54,COMPLETED,2026-06-01 16:02:41.465448
6362,472,153,4,613.56,COMPLETED,2025-11-20 20:00:41.465448
6363,834,117,2,1015.92,COMPLETED,2025-10-18 09:02:41.465448
6364,216,182,5,5095.6,COMPLETED,2026-02-14 12:13:41.465448
6365,165,110,5,9999.6,COMPLETED,2025-11-23 12:06:41.465448
6366,576,61,2,2941.92,PENDING,2026-01-02 07:15:41.465448
6367,588,156,2,1102.06,CANCELLED,2025-11-17 19:18:41.465448
6368,551,114,3,1463.58,COMPLETED,2026-01-17 17:28:41.465448
6369,690,73,3,2570.25,COMPLETED,2026-01-24 18:00:41.465448
6370,879,164,3,5784.9,CANCELLED,2025-10-10 17:20:41.465448
6371,162,36,2,1802.76,CANCELLED,2026-04-17 12:07:41.465448
6372,907,40,1,922.62,COMPLETED,2025-11-24 10:20:41.465448
6373,467,7,4,2612.64,PENDING,2025-11-07 16:09:41.465448
6374,324,183,1,379.26,COMPLETED,2025-12-09 00:40:41.465448
6375,305,111,1,756.62,PENDING,2025-11-18 06:01:41.465448
6376,65,76,1,368.91,COMPLETED,2026-09-07 06:23:41.465448
6377,648,92,4,1374.16,COMPLETED,2026-09-01 12:04:41.465448
6378,227,37,4,5867.12,PENDING,2026-03-28 11:12:41.465448
6379,768,168,5,6338.6,COMPLETED,2026-01-25 09:20:41.465448
6380,966,114,2,975.72,COMPLETED,2026-07-12 21:15:41.465448
6381,333,138,4,5992.2,CANCELLED,2026-06-22 14:32:41.465448
6382,64,95,5,8579.7,CANCELLED,2026-01-19 15:32:41.465448
6383,265,90,5,701.1,CANCELLED,2025-10-29 19:47:41.465448
6384,161,156,5,2755.15,COMPLETED,2025-10-10 19:34:41.465448
6385,990,111,3,2269.86,COMPLETED,2026-05-22 00:51:41.465448
6386,172,66,5,2331.75,COMPLETED,2025-10-15 21:27:41.465448
6387,985,87,4,2403.84,COMPLETED,2026-05-29 12:35:41.465448
6388,827,24,4,5401.2,COMPLETED,2025-12-30 08:48:41.465448
6389,424,40,5,4613.1,COMPLETED,2026-02-14 00:10:41.465448
6390,327,37,5,7333.9,CANCELLED,2026-03-22 07:31:41.465448
6391,610,99,4,3298.4,PENDING,2025-10-21 06:44:41.465448
6392,158,171,3,1183.53,COMPLETED,2026-05-27 01:07:41.465448
6393,165,90,3,420.66,COMPLETED,2026-08-31 18:21:41.465448
6394,363,48,5,7182.4,COMPLETED,2026-06-24 05:31:41.465448
6395,621,141,4,647.96,PENDING,2025-09-29 12:38:41.465448
6396,530,74,2,395.44,COMPLETED,2026-03-11 16:37:41.465448
6397,978,99,5,4123.0,CANCELLED,2025-09-27 07:37:41.465448
6398,634,90,5,701.1,COMPLETED,2026-08-24 02:22:41.465448
6399,536,115,1,1849.1,COMPLETED,2025-10-14 22:12:41.465448
6400,17,143,2,3549.3,CANCELLED,2026-02-26 11:23:41.465448
6401,185,181,1,485.53,COMPLETED,2026-07-31 12:26:41.465448
6402,316,31,2,1381.82,CANCELLED,2025-11-16 20:31:41.465448
6403,152,53,5,7046.4,COMPLETED,2026-06-22 09:16:41.465448
6404,347,200,2,2156.28,COMPLETED,2026-05-08 04:29:41.465448
6405,873,189,5,1930.2,CANCELLED,2026-07-26 22:37:41.465448
6406,158,195,4,6596.52,COMPLETED,2026-03-09 14:06:41.465448
6407,232,80,5,6527.1,COMPLETED,2025-11-11 21:26:41.465448
6408,853,102,5,2195.15,COMPLETED,2026-08-26 19:38:41.465448
6409,476,58,2,3218.48,COMPLETED,2026-08-22 04:10:41.465448
6410,923,48,1,1436.48,COMPLETED,2026-07-06 00:52:41.465448
6411,524,112,5,1934.05,CANCELLED,2025-12-19 02:18:41.465448
6412,358,67,3,4550.97,COMPLETED,2026-08-26 12:38:41.465448
6413,411,192,1,1251.36,PENDING,2025-12-31 19:15:41.465448
6414,132,17,5,4620.9,PENDING,2025-12-18 15:29:41.465448
6415,120,30,1,1124.6,CANCELLED,2026-05-12 07:05:41.465448
6416,750,143,3,5323.95,PENDING,2026-03-30 18:45:41.465448
6417,294,39,3,5533.59,COMPLETED,2025-11-11 18:05:41.465448
6418,154,135,5,2378.1,PENDING,2026-08-12 17:11:41.465448
6419,958,6,4,3254.04,CANCELLED,2025-09-24 13:50:41.465448
6420,492,138,2,2996.1,CANCELLED,2026-03-21 12:37:41.465448
6421,955,105,2,3415.9,COMPLETED,2026-09-03 04:13:41.465448
6422,518,166,1,362.13,COMPLETED,2026-07-26 08:11:41.465448
6423,445,119,1,705.76,COMPLETED,2025-12-02 02:06:41.465448
6424,621,140,3,4399.35,COMPLETED,2026-04-22 11:40:41.465448
6425,805,23,2,3321.08,PENDING,2026-08-05 12:13:41.465448
6426,530,52,5,5597.35,PENDING,2026-01-04 13:20:41.465448
6427,947,175,2,371.22,PENDING,2026-05-03 03:18:41.465448
6428,817,30,2,2249.2,COMPLETED,2026-03-22 07:22:41.465448
6429,808,189,3,1158.12,COMPLETED,2026-02-15 08:10:41.465448
6430,699,9,5,1607.05,COMPLETED,2026-05-27 22:10:41.465448
6431,370,51,5,8711.4,COMPLETED,2025-10-06 19:25:41.465448
6432,102,98,3,4883.25,COMPLETED,2026-05-19 07:13:41.465448
6433,422,54,5,2013.5,CANCELLED,2026-06-28 18:02:41.465448
6434,104,146,3,3200.88,PENDING,2025-10-20 23:57:41.465448
6435,422,172,5,658.3,COMPLETED,2026-01-17 07:31:41.465448
6436,451,85,5,4978.6,COMPLETED,2026-05-28 10:54:41.465448
6437,172,181,5,2427.65,COMPLETED,2026-07-08 09:28:41.465448
6438,474,136,3,169.59,COMPLETED,2026-07-05 06:49:41.465448
6439,817,82,3,5143.71,COMPLETED,2026-03-07 03:32:41.465448
6440,967,13,2,3348.16,COMPLETED,2026-04-13 18:42:41.465448
6441,231,30,1,1124.6,PENDING,2026-03-15 21:15:41.465448
6442,653,74,3,593.16,COMPLETED,2026-05-22 13:50:41.465448
6443,204,73,5,4283.75,COMPLETED,2026-06-13 16:25:41.465448
6444,133,198,4,4091.36,COMPLETED,2026-09-09 12:44:41.465448
6445,41,162,1,1243.83,COMPLETED,2026-08-15 09:33:41.465448
6446,470,183,5,1896.3,COMPLETED,2026-06-14 09:57:41.465448
6447,996,52,1,1119.47,COMPLETED,2025-09-26 11:05:41.465448
6448,775,101,4,7682.8,COMPLETED,2026-05-10 11:50:41.465448
6449,144,80,5,6527.1,CANCELLED,2025-10-16 16:23:41.465448
6450,45,27,1,72.28,PENDING,2026-07-12 10:18:41.465448
6451,650,166,4,1448.52,PENDING,2026-09-03 18:00:41.465448
6452,230,186,4,2032.36,PENDING,2025-12-14 07:53:41.465448
6453,910,116,5,5848.05,CANCELLED,2025-10-16 00:44:41.465448
6454,512,59,4,4857.0,COMPLETED,2026-08-22 20:41:41.465448
6455,369,163,2,2379.0,CANCELLED,2026-05-07 19:36:41.465448
6456,178,117,5,2539.8,PENDING,2025-11-13 21:49:41.465448
6457,354,106,1,1244.36,COMPLETED,2026-06-01 10:43:41.465448
6458,813,144,5,2480.5,CANCELLED,2026-03-13 10:45:41.465448
6459,4,35,4,2446.16,COMPLETED,2026-04-19 01:53:41.465448
6460,649,73,5,4283.75,PENDING,2025-10-03 19:44:41.465448
6461,360,179,5,3041.2,COMPLETED,2026-09-03 06:07:41.465448
6462,170,136,2,113.06,COMPLETED,2026-06-24 19:27:41.465448
6463,859,126,4,4875.4,PENDING,2026-02-15 11:00:41.465448
6464,111,127,2,1105.68,PENDING,2025-12-25 18:35:41.465448
6465,540,43,5,9662.9,COMPLETED,2026-04-21 14:11:41.465448
6466,739,144,5,2480.5,COMPLETED,2025-09-14 23:42:41.465448
6467,753,159,5,4091.05,PENDING,2026-07-29 23:47:41.465448
6468,735,111,1,756.62,PENDING,2026-02-10 01:46:41.465448
6469,464,68,4,1828.04,COMPLETED,2025-09-27 22:21:41.465448
6470,301,30,3,3373.8,CANCELLED,2025-10-10 01:47:41.465448
6471,580,95,4,6863.76,COMPLETED,2026-09-06 06:11:41.465448
6472,980,182,3,3057.36,COMPLETED,2026-07-26 01:07:41.465448
6473,391,102,3,1317.09,COMPLETED,2025-10-09 12:00:41.465448
6474,891,3,4,4373.84,COMPLETED,2026-05-20 20:37:41.465448
6475,943,83,3,2654.58,PENDING,2025-12-13 18:13:41.465448
6476,885,65,1,1715.95,CANCELLED,2026-05-03 09:44:41.465448
6477,350,131,1,965.78,COMPLETED,2026-03-13 18:18:41.465448
6478,256,63,1,1647.66,COMPLETED,2025-12-12 20:17:41.465448
6479,848,193,5,5201.05,COMPLETED,2026-06-15 02:56:41.465448
6480,898,35,3,1834.62,COMPLETED,2025-09-13 16:25:41.465448
6481,421,126,1,1218.85,CANCELLED,2025-10-07 11:40:41.465448
6482,124,140,4,5865.8,CANCELLED,2025-10-12 06:35:41.465448
6483,243,144,2,992.2,PENDING,2025-10-20 08:55:41.465448
6484,802,181,2,971.06,COMPLETED,2025-10-22 22:55:41.465448
6485,81,111,2,1513.24,PENDING,2026-07-13 06:09:41.465448
6486,599,17,1,924.18,CANCELLED,2026-01-25 01:33:41.465448
6487,692,57,3,3725.07,COMPLETED,2025-12-29 16:26:41.465448
6488,58,10,2,1681.94,COMPLETED,2026-07-17 06:07:41.465448
6489,841,159,5,4091.05,COMPLETED,2026-04-26 08:46:41.465448
6490,58,172,5,658.3,CANCELLED,2026-09-04 15:38:41.465448
6491,399,15,2,2404.64,COMPLETED,2026-08-09 13:03:41.465448
6492,93,175,1,185.61,PENDING,2025-10-15 17:10:41.465448
6493,171,140,4,5865.8,COMPLETED,2026-01-03 23:11:41.465448
6494,485,107,4,6301.56,CANCELLED,2026-07-28 19:49:41.465448
6495,644,28,2,3714.4,COMPLETED,2026-06-21 18:33:41.465448
6496,552,26,2,3272.52,CANCELLED,2025-12-03 19:47:41.465448
6497,422,68,1,457.01,COMPLETED,2026-08-12 02:49:41.465448
6498,543,151,3,650.1,COMPLETED,2025-11-22 16:11:41.465448
6499,562,99,4,3298.4,COMPLETED,2026-01-11 03:43:41.465448
6500,421,39,1,1844.53,COMPLETED,2025-11-20 19:42:41.465448
6501,629,174,3,2875.65,COMPLETED,2026-05-14 08:54:41.465448
6502,373,97,4,7143.8,COMPLETED,2026-01-09 03:35:41.465448
6503,680,164,4,7713.2,COMPLETED,2026-07-29 09:33:41.465448
6504,338,25,5,7655.55,COMPLETED,2026-04-15 08:04:41.465448
6505,358,183,2,758.52,CANCELLED,2026-02-04 08:55:41.465448
6506,95,72,5,1677.9,PENDING,2026-05-06 15:04:41.465448
6507,426,75,5,6199.5,COMPLETED,2026-05-15 07:41:41.465448
6508,729,2,3,4554.24,COMPLETED,2025-11-09 13:20:41.465448
6509,792,14,2,1441.86,COMPLETED,2026-08-03 17:24:41.465448
6510,252,13,2,3348.16,COMPLETED,2025-09-29 17:11:41.465448
6511,292,107,1,1575.39,COMPLETED,2026-03-10 06:51:41.465448
6512,159,39,5,9222.65,COMPLETED,2026-07-06 06:52:41.465448
6513,759,52,5,5597.35,PENDING,2025-09-30 22:42:41.465448
6514,308,83,2,1769.72,COMPLETED,2026-07-12 02:36:41.465448
6515,533,26,2,3272.52,CANCELLED,2025-11-28 13:52:41.465448
6516,807,4,1,904.74,COMPLETED,2026-04-10 07:56:41.465448
6517,296,123,4,7202.56,COMPLETED,2026-08-19 22:21:41.465448
6518,214,141,1,161.99,COMPLETED,2026-06-28 06:52:41.465448
6519,240,195,2,3298.26,COMPLETED,2026-05-11 22:38:41.465448
6520,260,45,5,3686.95,PENDING,2026-04-22 10:14:41.465448
6521,852,168,4,5070.88,PENDING,2026-04-21 19:36:41.465448
6522,715,180,3,183.39,COMPLETED,2026-09-01 08:55:41.465448
6523,61,107,4,6301.56,PENDING,2026-01-13 05:46:41.465448
6524,520,194,2,3447.52,COMPLETED,2025-12-16 19:14:41.465448
6525,607,142,3,1367.64,COMPLETED,2026-05-13 06:34:41.465448
6526,581,190,2,3566.78,CANCELLED,2025-11-24 08:04:41.465448
6527,773,22,5,2232.7,CANCELLED,2025-10-23 03:47:41.465448
6528,141,145,3,1708.02,PENDING,2026-02-22 18:45:41.465448
6529,316,15,3,3606.96,COMPLETED,2025-12-15 08:19:41.465448
6530,485,56,2,3526.44,COMPLETED,2025-10-07 12:08:41.465448
6531,652,102,2,878.06,CANCELLED,2026-02-28 12:33:41.465448
6532,376,2,3,4554.24,CANCELLED,2026-08-20 11:59:41.465448
6533,702,168,1,1267.72,COMPLETED,2026-02-10 20:51:41.465448
6534,331,86,1,1421.25,COMPLETED,2025-11-25 15:56:41.465448
6535,868,185,2,1503.48,CANCELLED,2026-04-12 20:06:41.465448
6536,134,102,5,2195.15,CANCELLED,2026-07-04 21:58:41.465448
6537,750,81,1,1361.4,COMPLETED,2025-10-16 11:28:41.465448
6538,808,62,4,7664.84,PENDING,2025-09-18 16:58:41.465448
6539,53,145,4,2277.36,COMPLETED,2026-06-12 12:43:41.465448
6540,451,162,5,6219.15,PENDING,2025-11-08 14:19:41.465448
6541,623,27,4,289.12,COMPLETED,2026-03-25 14:23:41.465448
6542,674,38,3,3991.8,COMPLETED,2026-04-19 02:34:41.465448
6543,377,55,1,1189.97,COMPLETED,2026-05-10 07:19:41.465448
6544,535,26,2,3272.52,PENDING,2026-06-13 17:43:41.465448
6545,240,29,1,1989.32,COMPLETED,2026-05-02 12:50:41.465448
6546,290,21,1,1966.11,CANCELLED,2026-04-02 21:04:41.465448
6547,756,101,4,7682.8,COMPLETED,2026-01-13 02:05:41.465448
6548,935,74,2,395.44,COMPLETED,2026-02-05 17:27:41.465448
6549,288,37,3,4400.34,COMPLETED,2026-08-23 03:27:41.465448
6550,408,171,2,789.02,COMPLETED,2025-10-22 17:55:41.465448
6551,712,175,5,928.05,COMPLETED,2025-11-22 23:42:41.465448
6552,16,193,1,1040.21,COMPLETED,2026-02-10 20:15:41.465448
6553,113,106,4,4977.44,COMPLETED,2026-04-24 17:02:41.465448
6554,356,81,2,2722.8,PENDING,2026-01-18 01:05:41.465448
6555,845,19,1,525.68,COMPLETED,2026-05-15 02:57:41.465448
6556,710,48,4,5745.92,COMPLETED,2026-08-18 04:40:41.465448
6557,928,58,5,8046.2,COMPLETED,2026-04-16 03:22:41.465448
6558,650,109,3,2945.58,PENDING,2026-07-23 20:08:41.465448
6559,452,70,2,3346.1,PENDING,2026-02-22 10:29:41.465448
6560,775,121,1,1184.41,COMPLETED,2026-06-15 05:39:41.465448
6561,855,131,2,1931.56,COMPLETED,2026-07-26 01:09:41.465448
6562,237,126,3,3656.55,COMPLETED,2026-08-22 20:56:41.465448
6563,545,120,3,4532.1,COMPLETED,2025-10-16 03:20:41.465448
6564,493,42,1,1789.93,COMPLETED,2026-04-21 08:35:41.465448
6565,757,180,2,122.26,CANCELLED,2026-09-06 00:44:41.465448
6566,658,170,5,5053.55,COMPLETED,2026-02-06 13:02:41.465448
6567,976,66,3,1399.05,COMPLETED,2026-04-19 14:08:41.465448
6568,506,187,3,2525.01,COMPLETED,2025-11-23 03:25:41.465448
6569,146,7,3,1959.48,PENDING,2025-12-17 13:44:41.465448
6570,72,159,3,2454.63,COMPLETED,2026-01-16 13:11:41.465448
6571,864,130,1,1916.91,COMPLETED,2026-04-27 22:22:41.465448
6572,341,158,4,3809.84,PENDING,2026-04-09 14:04:41.465448
6573,77,174,2,1917.1,CANCELLED,2026-07-16 01:30:41.465448
6574,41,77,3,4314.3,CANCELLED,2026-04-11 06:33:41.465448
6575,533,172,2,263.32,COMPLETED,2025-11-13 12:35:41.465448
6576,655,34,1,1972.01,PENDING,2026-09-09 00:28:41.465448
6577,327,150,2,2596.6,COMPLETED,2026-02-10 08:40:41.465448
6578,876,196,1,1277.41,CANCELLED,2026-06-01 17:30:41.465448
6579,938,59,1,1214.25,CANCELLED,2026-01-20 14:55:41.465448
6580,817,16,1,1099.13,COMPLETED,2025-11-16 08:21:41.465448
6581,3,47,4,1164.08,COMPLETED,2026-01-27 10:48:41.465448
6582,32,189,3,1158.12,PENDING,2025-10-14 21:57:41.465448
6583,580,193,5,5201.05,CANCELLED,2026-08-22 10:01:41.465448
6584,401,119,2,1411.52,CANCELLED,2025-12-11 20:52:41.465448
6585,291,82,3,5143.71,CANCELLED,2025-10-01 16:48:41.465448
6586,833,8,2,2365.04,PENDING,2026-05-09 14:32:41.465448
6587,686,74,2,395.44,COMPLETED,2026-02-25 12:31:41.465448
6588,545,194,4,6895.04,CANCELLED,2025-11-22 23:04:41.465448
6589,92,65,4,6863.8,PENDING,2025-10-09 05:00:41.465448
6590,625,154,1,1102.67,CANCELLED,2026-01-21 14:18:41.465448
6591,649,181,3,1456.59,COMPLETED,2025-11-01 07:55:41.465448
6592,836,63,1,1647.66,CANCELLED,2025-09-17 21:42:41.465448
6593,689,109,1,981.86,COMPLETED,2025-09-19 20:34:41.465448
6594,374,55,4,4759.88,CANCELLED,2026-05-20 06:03:41.465448
6595,407,63,3,4942.98,COMPLETED,2025-11-13 13:54:41.465448
6596,397,136,2,113.06,COMPLETED,2026-03-23 16:28:41.465448
6597,406,35,1,611.54,COMPLETED,2025-10-19 08:16:41.465448
6598,353,200,1,1078.14,COMPLETED,2026-02-15 10:27:41.465448
6599,786,110,5,9999.6,PENDING,2025-12-24 13:24:41.465448
6600,85,141,5,809.95,COMPLETED,2026-01-22 06:45:41.465448
6601,377,12,5,8390.8,CANCELLED,2026-03-18 20:25:41.465448
6602,104,3,4,4373.84,CANCELLED,2025-11-27 13:34:41.465448
6603,394,53,2,2818.56,PENDING,2026-03-16 05:39:41.465448
6604,724,123,5,9003.2,COMPLETED,2025-12-24 09:52:41.465448
6605,65,41,2,2419.26,COMPLETED,2025-10-05 14:04:41.465448
6606,592,21,2,3932.22,COMPLETED,2026-05-18 14:06:41.465448
6607,810,57,4,4966.76,COMPLETED,2026-08-22 23:09:41.465448
6608,541,162,4,4975.32,COMPLETED,2026-04-07 01:47:41.465448
6609,492,27,3,216.84,COMPLETED,2026-01-20 10:29:41.465448
6610,904,181,1,485.53,CANCELLED,2026-05-31 01:50:41.465448
6611,494,95,2,3431.88,COMPLETED,2026-09-06 00:56:41.465448
6612,4,166,2,724.26,COMPLETED,2026-07-08 07:38:41.465448
6613,996,174,3,2875.65,COMPLETED,2026-01-19 17:21:41.465448
6614,527,125,1,780.97,COMPLETED,2025-10-22 22:23:41.465448
6615,699,130,5,9584.55,COMPLETED,2026-01-09 22:17:41.465448
6616,717,38,5,6653.0,COMPLETED,2026-03-10 18:00:41.465448
6617,802,147,2,3969.96,COMPLETED,2025-10-19 05:46:41.465448
6618,114,130,1,1916.91,CANCELLED,2026-02-10 08:54:41.465448
6619,559,111,4,3026.48,CANCELLED,2026-07-06 20:02:41.465448
6620,611,98,5,8138.75,CANCELLED,2026-09-05 09:56:41.465448
6621,317,199,5,2593.35,COMPLETED,2026-07-23 02:44:41.465448
6622,503,125,2,1561.94,PENDING,2026-01-02 06:34:41.465448
6623,909,172,1,131.66,PENDING,2026-01-09 19:00:41.465448
6624,771,141,4,647.96,COMPLETED,2026-05-21 20:43:41.465448
6625,19,85,2,1991.44,COMPLETED,2025-11-22 16:02:41.465448
6626,719,99,1,824.6,PENDING,2025-12-25 00:33:41.465448
6627,825,118,3,4653.57,COMPLETED,2026-08-17 17:58:41.465448
6628,179,45,5,3686.95,COMPLETED,2025-12-17 08:50:41.465448
6629,945,188,3,337.68,COMPLETED,2025-11-13 16:11:41.465448
6630,643,70,2,3346.1,COMPLETED,2026-08-01 19:36:41.465448
6631,43,176,3,1812.3,PENDING,2026-05-17 22:38:41.465448
6632,260,85,1,995.72,COMPLETED,2026-06-21 16:22:41.465448
6633,530,173,1,1268.07,COMPLETED,2026-06-17 20:36:41.465448
6634,298,147,5,9924.9,COMPLETED,2026-01-11 20:52:41.465448
6635,348,153,1,153.39,COMPLETED,2025-10-09 21:10:41.465448
6636,495,99,3,2473.8,PENDING,2025-09-13 08:31:41.465448
6637,686,135,3,1426.86,COMPLETED,2025-12-12 22:09:41.465448
6638,788,48,3,4309.44,COMPLETED,2026-02-07 00:27:41.465448
6639,116,189,2,772.08,COMPLETED,2025-11-20 18:29:41.465448
6640,20,30,1,1124.6,CANCELLED,2026-05-10 02:12:41.465448
6641,402,130,3,5750.73,COMPLETED,2026-03-06 10:10:41.465448
6642,511,154,2,2205.34,COMPLETED,2026-06-20 09:20:41.465448
6643,228,138,4,5992.2,COMPLETED,2026-09-08 18:39:41.465448
6644,436,75,4,4959.6,COMPLETED,2026-08-10 18:48:41.465448
6645,498,155,5,5066.0,COMPLETED,2025-11-04 14:01:41.465448
6646,9,82,5,8572.85,PENDING,2026-05-09 04:39:41.465448
6647,144,72,5,1677.9,COMPLETED,2026-02-06 01:56:41.465448
6648,414,132,1,158.88,PENDING,2026-03-23 21:42:41.465448
6649,715,190,5,8916.95,COMPLETED,2026-04-15 15:17:41.465448
6650,980,12,4,6712.64,COMPLETED,2026-05-23 17:50:41.465448
6651,757,72,1,335.58,COMPLETED,2026-01-23 00:45:41.465448
6652,290,92,4,1374.16,COMPLETED,2026-03-11 08:22:41.465448
6653,768,187,5,4208.35,COMPLETED,2025-11-27 17:09:41.465448
6654,757,129,4,5529.32,COMPLETED,2026-05-14 08:01:41.465448
6655,165,114,2,975.72,PENDING,2025-10-08 15:44:41.465448
6656,149,183,2,758.52,COMPLETED,2026-05-17 09:04:41.465448
6657,679,1,2,3136.16,PENDING,2026-05-20 09:47:41.465448
6658,200,4,1,904.74,COMPLETED,2025-09-14 19:56:41.465448
6659,298,198,3,3068.52,COMPLETED,2026-03-09 07:16:41.465448
6660,248,166,1,362.13,CANCELLED,2025-12-24 09:59:41.465448
6661,532,23,2,3321.08,COMPLETED,2026-08-30 01:10:41.465448
6662,88,101,2,3841.4,COMPLETED,2025-09-28 09:34:41.465448
6663,428,1,1,1568.08,CANCELLED,2026-04-01 05:53:41.465448
6664,512,45,1,737.39,CANCELLED,2026-04-22 04:20:41.465448
6665,239,198,4,4091.36,PENDING,2026-07-22 11:42:41.465448
6666,517,147,1,1984.98,COMPLETED,2026-03-21 13:52:41.465448
6667,767,7,1,653.16,COMPLETED,2026-05-21 22:08:41.465448
6668,767,120,2,3021.4,PENDING,2025-11-16 03:53:41.465448
6669,71,174,3,2875.65,PENDING,2025-10-30 22:12:41.465448
6670,259,132,4,635.52,COMPLETED,2026-05-24 07:21:41.465448
6671,807,58,1,1609.24,PENDING,2026-04-16 19:34:41.465448
6672,192,195,2,3298.26,PENDING,2025-10-31 13:49:41.465448
6673,333,47,5,1455.1,COMPLETED,2026-02-10 20:00:41.465448
6674,917,118,4,6204.76,COMPLETED,2026-01-02 10:44:41.465448
6675,72,36,4,3605.52,COMPLETED,2026-05-21 01:21:41.465448
6676,713,179,5,3041.2,PENDING,2026-06-07 15:29:41.465448
6677,541,134,2,3200.68,COMPLETED,2026-06-29 21:59:41.465448
6678,780,102,5,2195.15,PENDING,2026-03-25 18:45:41.465448
6679,609,82,1,1714.57,COMPLETED,2026-02-06 09:42:41.465448
6680,515,153,5,766.95,COMPLETED,2026-03-20 17:55:41.465448
6681,345,42,5,8949.65,CANCELLED,2026-05-02 04:33:41.465448
6682,347,125,2,1561.94,PENDING,2025-10-28 00:19:41.465448
6683,26,34,3,5916.03,COMPLETED,2025-12-31 08:28:41.465448
6684,399,66,4,1865.4,COMPLETED,2026-03-17 22:42:41.465448
6685,212,84,3,5552.16,PENDING,2026-09-11 17:22:41.465448
6686,769,169,3,5536.02,PENDING,2026-03-07 17:59:41.465448
6687,951,135,2,951.24,COMPLETED,2025-10-21 13:28:41.465448
6688,513,151,2,433.4,PENDING,2026-04-25 20:56:41.465448
6689,809,116,4,4678.44,COMPLETED,2026-01-23 00:37:41.465448
6690,416,138,2,2996.1,CANCELLED,2025-09-21 02:20:41.465448
6691,85,83,3,2654.58,COMPLETED,2026-05-18 16:37:41.465448
6692,279,133,4,4638.24,COMPLETED,2026-02-24 14:38:41.465448
6693,6,54,2,805.4,COMPLETED,2026-08-21 07:23:41.465448
6694,608,112,5,1934.05,CANCELLED,2026-01-20 23:43:41.465448
6695,444,22,1,446.54,COMPLETED,2026-08-22 15:14:41.465448
6696,608,100,2,268.08,COMPLETED,2025-12-17 03:32:41.465448
6697,53,106,2,2488.72,CANCELLED,2026-06-15 09:59:41.465448
6698,935,175,4,742.44,COMPLETED,2025-10-27 18:24:41.465448
6699,575,59,4,4857.0,COMPLETED,2025-09-23 11:04:41.465448
6700,878,106,3,3733.08,COMPLETED,2025-12-01 15:15:41.465448
6701,45,98,5,8138.75,COMPLETED,2026-01-20 06:57:41.465448
6702,518,25,4,6124.44,PENDING,2026-08-23 16:13:41.465448
6703,36,174,3,2875.65,COMPLETED,2026-06-15 02:49:41.465448
6704,728,190,1,1783.39,COMPLETED,2026-04-04 19:59:41.465448
6705,65,38,3,3991.8,COMPLETED,2026-06-04 12:28:41.465448
6706,357,115,5,9245.5,COMPLETED,2025-12-08 01:08:41.465448
6707,922,101,1,1920.7,COMPLETED,2025-09-30 00:01:41.465448
6708,319,173,3,3804.21,PENDING,2026-07-19 22:56:41.465448
6709,520,198,2,2045.68,PENDING,2026-04-21 10:29:41.465448
6710,534,85,5,4978.6,PENDING,2026-01-07 05:51:41.465448
6711,991,88,2,721.96,COMPLETED,2026-03-23 19:48:41.465448
6712,747,55,4,4759.88,PENDING,2026-04-05 03:40:41.465448
6713,823,51,5,8711.4,CANCELLED,2026-06-03 18:18:41.465448
6714,211,120,2,3021.4,CANCELLED,2026-08-07 19:14:41.465448
6715,108,36,2,1802.76,PENDING,2026-08-12 11:43:41.465448
6716,757,26,5,8181.3,COMPLETED,2026-08-22 11:38:41.465448
6717,431,148,4,2179.16,COMPLETED,2026-09-11 21:39:41.465448
6718,171,31,4,2763.64,CANCELLED,2025-10-17 16:30:41.465448
6719,352,169,1,1845.34,PENDING,2026-08-15 15:13:41.465448
6720,475,79,3,948.3,PENDING,2026-05-04 22:40:41.465448
6721,624,117,1,507.96,PENDING,2026-06-02 16:12:41.465448
6722,527,136,4,226.12,COMPLETED,2025-10-06 22:56:41.465448
6723,299,138,4,5992.2,COMPLETED,2026-01-15 23:46:41.465448
6724,648,109,1,981.86,COMPLETED,2026-03-03 04:19:41.465448
6725,849,179,4,2432.96,COMPLETED,2025-10-30 03:16:41.465448
6726,154,55,5,5949.85,CANCELLED,2026-08-14 05:45:41.465448
6727,562,147,2,3969.96,COMPLETED,2026-01-02 18:44:41.465448
6728,255,69,2,3467.64,PENDING,2026-09-11 13:41:41.465448
6729,73,171,1,394.51,COMPLETED,2025-10-13 02:31:41.465448
6730,567,119,3,2117.28,CANCELLED,2025-10-03 23:15:41.465448
6731,386,86,4,5685.0,CANCELLED,2026-08-04 23:57:41.465448
6732,415,126,4,4875.4,COMPLETED,2026-07-28 06:04:41.465448
6733,851,36,1,901.38,CANCELLED,2025-09-30 07:33:41.465448
6734,908,198,4,4091.36,COMPLETED,2026-02-06 03:22:41.465448
6735,484,58,2,3218.48,COMPLETED,2026-03-03 05:28:41.465448
6736,794,81,3,4084.2,COMPLETED,2026-06-08 08:53:41.465448
6737,206,125,5,3904.85,PENDING,2026-06-28 00:34:41.465448
6738,791,54,4,1610.8,COMPLETED,2026-07-03 19:53:41.465448
6739,965,20,1,1375.48,CANCELLED,2025-10-15 21:13:41.465448
6740,541,41,1,1209.63,COMPLETED,2025-10-19 19:41:41.465448
6741,540,30,3,3373.8,COMPLETED,2026-07-30 17:07:41.465448
6742,588,173,4,5072.28,PENDING,2026-03-31 20:09:41.465448
6743,338,154,3,3308.01,PENDING,2025-12-26 13:37:41.465448
6744,994,5,1,260.2,CANCELLED,2026-08-17 23:57:41.465448
6745,185,58,5,8046.2,COMPLETED,2026-06-19 11:45:41.465448
6746,505,29,2,3978.64,COMPLETED,2026-05-04 13:29:41.465448
6747,139,110,3,5999.76,PENDING,2026-05-06 03:17:41.465448
6748,156,28,1,1857.2,COMPLETED,2026-08-28 17:59:41.465448
6749,619,18,5,2869.8,COMPLETED,2026-01-19 12:29:41.465448
6750,320,29,2,3978.64,COMPLETED,2025-11-06 17:10:41.465448
6751,818,79,3,948.3,CANCELLED,2026-08-04 10:22:41.465448
6752,179,191,1,781.26,COMPLETED,2025-09-26 08:39:41.465448
6753,689,20,2,2750.96,COMPLETED,2026-03-19 18:36:41.465448
6754,946,94,1,1915.98,PENDING,2026-03-15 12:12:41.465448
6755,866,105,1,1707.95,CANCELLED,2026-06-27 12:43:41.465448
6756,422,200,2,2156.28,COMPLETED,2025-11-19 14:21:41.465448
6757,567,163,5,5947.5,COMPLETED,2025-10-15 18:30:41.465448
6758,162,134,5,8001.7,PENDING,2025-09-20 07:42:41.465448
6759,160,43,2,3865.16,COMPLETED,2026-03-07 19:45:41.465448
6760,287,181,4,1942.12,CANCELLED,2026-03-21 22:46:41.465448
6761,685,43,2,3865.16,COMPLETED,2026-01-01 00:36:41.465448
6762,616,137,5,4712.5,PENDING,2026-08-25 08:06:41.465448
6763,887,190,5,8916.95,PENDING,2026-06-14 23:53:41.465448
6764,594,143,4,7098.6,CANCELLED,2026-09-12 17:05:41.465448
6765,493,146,5,5334.8,CANCELLED,2026-04-24 04:04:41.465448
6766,487,27,1,72.28,COMPLETED,2026-06-29 13:53:41.465448
6767,82,64,2,1717.38,COMPLETED,2025-10-17 17:06:41.465448
6768,977,164,4,7713.2,PENDING,2026-04-14 08:26:41.465448
6769,119,100,2,268.08,COMPLETED,2026-08-27 19:57:41.465448
6770,728,13,4,6696.32,COMPLETED,2026-05-26 11:53:41.465448
6771,893,36,1,901.38,COMPLETED,2026-05-20 00:18:41.465448
6772,945,148,2,1089.58,COMPLETED,2026-09-01 04:30:41.465448
6773,914,196,3,3832.23,CANCELLED,2026-02-05 21:58:41.465448
6774,221,43,3,5797.74,COMPLETED,2026-04-28 08:42:41.465448
6775,359,112,1,386.81,COMPLETED,2026-01-02 11:08:41.465448
6776,389,50,5,4798.05,COMPLETED,2025-12-13 21:42:41.465448
6777,478,183,5,1896.3,COMPLETED,2026-06-01 21:53:41.465448
6778,157,96,4,1170.8,COMPLETED,2025-12-21 20:07:41.465448
6779,712,200,4,4312.56,COMPLETED,2026-03-21 15:59:41.465448
6780,910,131,5,4828.9,CANCELLED,2026-07-14 06:22:41.465448
6781,989,159,4,3272.84,COMPLETED,2026-06-03 02:53:41.465448
6782,392,27,5,361.4,COMPLETED,2025-10-13 16:20:41.465448
6783,97,9,2,642.82,COMPLETED,2026-06-03 04:13:41.465448
6784,234,51,1,1742.28,PENDING,2026-07-18 11:18:41.465448
6785,549,23,3,4981.62,PENDING,2026-03-12 18:38:41.465448
6786,260,30,5,5623.0,COMPLETED,2026-03-15 14:59:41.465448
6787,940,186,4,2032.36,PENDING,2025-10-16 13:03:41.465448
6788,978,39,1,1844.53,COMPLETED,2025-12-13 20:58:41.465448
6789,796,112,3,1160.43,COMPLETED,2025-12-13 08:52:41.465448
6790,15,4,4,3618.96,COMPLETED,2026-07-21 08:34:41.465448
6791,833,41,5,6048.15,CANCELLED,2026-04-06 18:10:41.465448
6792,690,139,2,2468.08,CANCELLED,2025-10-26 06:51:41.465448
6793,547,16,3,3297.39,CANCELLED,2026-02-12 06:19:41.465448
6794,429,129,1,1382.33,CANCELLED,2026-01-31 01:50:41.465448
6795,519,165,3,4280.67,COMPLETED,2026-05-17 00:10:41.465448
6796,657,28,5,9286.0,CANCELLED,2026-04-06 15:08:41.465448
6797,848,83,4,3539.44,COMPLETED,2025-11-04 23:16:41.465448
6798,171,115,5,9245.5,COMPLETED,2026-02-23 12:45:41.465448
6799,873,57,3,3725.07,COMPLETED,2025-11-05 12:54:41.465448
6800,932,10,4,3363.88,PENDING,2026-01-28 21:59:41.465448
6801,212,169,5,9226.7,COMPLETED,2026-01-03 22:44:41.465448
6802,608,176,2,1208.2,PENDING,2026-03-07 23:35:41.465448
6803,456,119,4,2823.04,COMPLETED,2026-07-01 18:17:41.465448
6804,825,49,5,4916.05,CANCELLED,2025-12-14 13:14:41.465448
6805,309,142,4,1823.52,CANCELLED,2025-10-28 14:05:41.465448
6806,294,43,5,9662.9,CANCELLED,2026-09-08 05:13:41.465448
6807,597,32,1,1270.34,CANCELLED,2026-06-23 22:27:41.465448
6808,706,44,1,1640.3,COMPLETED,2025-11-02 11:44:41.465448
6809,686,96,4,1170.8,CANCELLED,2025-09-22 02:43:41.465448
6810,920,181,3,1456.59,COMPLETED,2025-12-15 11:47:41.465448
6811,73,176,5,3020.5,COMPLETED,2026-02-03 14:19:41.465448
6812,62,114,5,2439.3,CANCELLED,2026-01-02 15:59:41.465448
6813,329,188,1,112.56,PENDING,2026-04-10 05:43:41.465448
6814,545,193,4,4160.84,COMPLETED,2025-12-23 07:33:41.465448
6815,939,190,1,1783.39,COMPLETED,2026-05-10 19:00:41.465448
6816,150,51,4,6969.12,PENDING,2026-01-17 13:59:41.465448
6817,125,104,1,238.97,COMPLETED,2026-05-30 22:12:41.465448
6818,753,8,5,5912.6,COMPLETED,2026-08-16 14:15:41.465448
6819,931,92,4,1374.16,PENDING,2026-01-31 18:40:41.465448
6820,70,68,4,1828.04,COMPLETED,2026-06-11 15:42:41.465448
6821,188,53,2,2818.56,COMPLETED,2026-04-04 21:56:41.465448
6822,540,193,3,3120.63,PENDING,2026-02-05 22:10:41.465448
6823,214,24,1,1350.3,COMPLETED,2026-06-28 21:38:41.465448
6824,612,164,3,5784.9,PENDING,2026-05-28 02:08:41.465448
6825,618,94,5,9579.9,COMPLETED,2025-10-31 04:46:41.465448
6826,676,105,2,3415.9,COMPLETED,2026-09-08 16:07:41.465448
6827,747,183,5,1896.3,COMPLETED,2026-02-22 17:39:41.465448
6828,701,186,5,2540.45,CANCELLED,2026-09-02 21:50:41.465448
6829,976,100,3,402.12,COMPLETED,2025-11-21 20:08:41.465448
6830,870,183,3,1137.78,COMPLETED,2026-06-18 05:32:41.465448
6831,106,49,2,1966.42,COMPLETED,2026-07-06 19:23:41.465448
6832,274,19,3,1577.04,CANCELLED,2026-06-04 12:07:41.465448
6833,593,5,4,1040.8,COMPLETED,2026-04-24 02:27:41.465448
6834,690,96,5,1463.5,COMPLETED,2026-02-12 07:55:41.465448
6835,379,112,1,386.81,COMPLETED,2025-12-16 13:17:41.465448
6836,692,162,3,3731.49,CANCELLED,2026-08-01 12:45:41.465448
6837,446,124,4,5608.64,COMPLETED,2025-11-09 19:23:41.465448
6838,873,179,2,1216.48,COMPLETED,2025-10-02 02:51:41.465448
6839,334,56,2,3526.44,CANCELLED,2026-06-04 23:51:41.465448
6840,168,20,3,4126.44,COMPLETED,2025-10-14 21:26:41.465448
6841,565,84,3,5552.16,CANCELLED,2025-12-25 06:05:41.465448
6842,460,181,3,1456.59,COMPLETED,2026-06-26 20:16:41.465448
6843,461,15,2,2404.64,CANCELLED,2026-06-13 07:51:41.465448
6844,812,89,1,1378.63,COMPLETED,2025-11-03 17:03:41.465448
6845,332,5,3,780.6,COMPLETED,2026-09-05 07:24:41.465448
6846,143,133,4,4638.24,COMPLETED,2025-10-15 20:49:41.465448
6847,810,90,4,560.88,CANCELLED,2025-10-05 21:16:41.465448
6848,420,36,1,901.38,COMPLETED,2025-11-02 15:46:41.465448
6849,31,108,4,166.12,COMPLETED,2025-11-17 00:11:41.465448
6850,248,47,1,291.02,COMPLETED,2026-01-23 11:46:41.465448
6851,706,80,2,2610.84,COMPLETED,2026-02-20 12:37:41.465448
6852,230,104,3,716.91,PENDING,2026-06-15 00:59:41.465448
6853,427,110,2,3999.84,COMPLETED,2025-09-18 09:35:41.465448
6854,856,78,2,44.2,CANCELLED,2026-03-23 02:48:41.465448
6855,175,43,1,1932.58,PENDING,2026-01-09 03:10:41.465448
6856,480,83,5,4424.3,PENDING,2026-04-05 21:41:41.465448
6857,141,94,4,7663.92,COMPLETED,2026-01-25 11:18:41.465448
6858,544,195,2,3298.26,COMPLETED,2026-07-08 10:59:41.465448
6859,638,82,4,6858.28,COMPLETED,2026-02-26 03:45:41.465448
6860,351,116,3,3508.83,COMPLETED,2026-07-26 04:23:41.465448
6861,537,189,3,1158.12,COMPLETED,2026-01-08 12:44:41.465448
6862,639,88,5,1804.9,COMPLETED,2026-09-09 07:14:41.465448
6863,190,5,4,1040.8,COMPLETED,2025-12-31 03:59:41.465448
6864,700,86,5,7106.25,COMPLETED,2026-08-18 17:23:41.465448
6865,702,62,5,9581.05,PENDING,2025-09-25 07:12:41.465448
6866,952,48,2,2872.96,COMPLETED,2026-09-02 05:51:41.465448
6867,576,199,5,2593.35,COMPLETED,2025-09-24 22:20:41.465448
6868,523,44,2,3280.6,PENDING,2026-05-24 17:20:41.465448
6869,187,25,3,4593.33,COMPLETED,2025-12-04 17:45:41.465448
6870,640,121,4,4737.64,COMPLETED,2026-08-17 21:04:41.465448
6871,349,92,4,1374.16,COMPLETED,2026-04-12 01:50:41.465448
6872,738,70,2,3346.1,COMPLETED,2025-10-24 19:56:41.465448
6873,331,153,3,460.17,COMPLETED,2025-10-05 18:44:41.465448
6874,206,100,4,536.16,COMPLETED,2025-10-22 11:56:41.465448
6875,606,4,5,4523.7,COMPLETED,2025-09-18 09:06:41.465448
6876,933,168,2,2535.44,COMPLETED,2025-10-03 14:59:41.465448
6877,62,141,4,647.96,COMPLETED,2025-10-31 22:16:41.465448
6878,904,86,4,5685.0,CANCELLED,2026-07-12 09:44:41.465448
6879,685,17,1,924.18,PENDING,2026-02-07 13:55:41.465448
6880,707,12,4,6712.64,COMPLETED,2026-02-25 06:18:41.465448
6881,253,167,2,1448.32,COMPLETED,2026-02-01 01:46:41.465448
6882,887,43,4,7730.32,COMPLETED,2026-08-03 18:06:41.465448
6883,242,22,4,1786.16,PENDING,2026-01-22 00:07:41.465448
6884,391,135,1,475.62,COMPLETED,2026-04-01 15:13:41.465448
6885,585,65,3,5147.85,COMPLETED,2026-01-14 12:35:41.465448
6886,157,95,2,3431.88,CANCELLED,2026-03-13 04:14:41.465448
6887,817,177,4,1473.84,COMPLETED,2026-04-29 23:08:41.465448
6888,892,108,1,41.53,PENDING,2026-01-15 13:42:41.465448
6889,603,24,4,5401.2,COMPLETED,2026-03-01 08:58:41.465448
6890,891,63,4,6590.64,COMPLETED,2025-12-31 06:12:41.465448
6891,112,79,2,632.2,COMPLETED,2026-06-26 11:20:41.465448
6892,721,166,4,1448.52,COMPLETED,2026-05-24 02:28:41.465448
6893,17,110,5,9999.6,CANCELLED,2025-11-12 17:42:41.465448
6894,315,174,1,958.55,COMPLETED,2026-08-31 09:41:41.465448
6895,556,38,1,1330.6,COMPLETED,2026-04-29 05:28:41.465448
6896,68,195,3,4947.39,PENDING,2025-12-02 13:49:41.465448
6897,124,148,2,1089.58,COMPLETED,2025-09-27 13:01:41.465448
6898,36,113,4,7948.84,COMPLETED,2026-08-15 07:41:41.465448
6899,552,33,5,2749.05,PENDING,2025-10-14 16:08:41.465448
6900,262,98,3,4883.25,CANCELLED,2025-12-19 20:59:41.465448
6901,298,200,2,2156.28,COMPLETED,2025-09-28 10:58:41.465448
6902,988,164,2,3856.6,PENDING,2026-01-23 23:56:41.465448
6903,931,58,1,1609.24,PENDING,2026-01-04 03:00:41.465448
6904,949,143,1,1774.65,CANCELLED,2026-06-17 17:51:41.465448
6905,167,187,5,4208.35,COMPLETED,2026-07-07 05:23:41.465448
6906,956,72,2,671.16,COMPLETED,2025-10-30 00:58:41.465448
6907,936,46,2,22.76,CANCELLED,2026-08-30 19:38:41.465448
6908,221,68,5,2285.05,CANCELLED,2025-10-28 17:23:41.465448
6909,94,121,3,3553.23,COMPLETED,2026-02-06 18:06:41.465448
6910,971,175,2,371.22,CANCELLED,2026-09-06 07:55:41.465448
6911,711,49,3,2949.63,PENDING,2026-07-25 03:28:41.465448
6912,569,199,5,2593.35,COMPLETED,2026-01-05 19:54:41.465448
6913,973,30,1,1124.6,COMPLETED,2026-06-07 00:07:41.465448
6914,561,99,5,4123.0,PENDING,2026-05-14 21:41:41.465448
6915,850,120,2,3021.4,PENDING,2026-06-04 09:28:41.465448
6916,12,6,4,3254.04,CANCELLED,2026-07-01 09:08:41.465448
6917,964,156,1,551.03,COMPLETED,2026-03-23 08:31:41.465448
6918,538,170,5,5053.55,CANCELLED,2025-12-28 11:32:41.465448
6919,794,176,5,3020.5,CANCELLED,2025-10-19 11:10:41.465448
6920,253,70,5,8365.25,COMPLETED,2025-10-17 18:46:41.465448
6921,934,143,1,1774.65,COMPLETED,2025-10-03 14:02:41.465448
6922,336,13,5,8370.4,PENDING,2026-07-24 15:08:41.465448
6923,57,13,1,1674.08,PENDING,2026-05-11 07:43:41.465448
6924,951,106,5,6221.8,PENDING,2026-06-25 13:00:41.465448
6925,929,160,1,1505.58,COMPLETED,2026-05-24 08:48:41.465448
6926,275,7,2,1306.32,COMPLETED,2026-07-04 13:13:41.465448
6927,450,114,3,1463.58,COMPLETED,2026-04-22 17:22:41.465448
6928,897,56,2,3526.44,COMPLETED,2025-11-30 22:46:41.465448
6929,564,183,1,379.26,CANCELLED,2026-03-30 16:35:41.465448
6930,595,136,4,226.12,COMPLETED,2026-09-12 10:12:41.465448
6931,920,88,1,360.98,CANCELLED,2026-02-20 15:43:41.465448
6932,100,32,1,1270.34,COMPLETED,2026-06-24 01:18:41.465448
6933,428,43,2,3865.16,COMPLETED,2025-11-30 04:16:41.465448
6934,554,188,5,562.8,COMPLETED,2026-06-04 03:12:41.465448
6935,311,12,5,8390.8,COMPLETED,2025-10-18 11:12:41.465448
6936,602,52,4,4477.88,COMPLETED,2026-04-23 16:48:41.465448
6937,964,94,4,7663.92,COMPLETED,2026-03-19 01:54:41.465448
6938,126,48,3,4309.44,PENDING,2026-01-08 20:17:41.465448
6939,363,127,2,1105.68,COMPLETED,2025-11-06 21:50:41.465448
6940,810,11,4,1878.6,PENDING,2026-02-27 19:18:41.465448
6941,334,159,5,4091.05,CANCELLED,2026-06-02 02:59:41.465448
6942,269,47,1,291.02,COMPLETED,2026-03-25 00:52:41.465448
6943,355,180,1,61.13,COMPLETED,2026-03-26 02:58:41.465448
6944,123,66,2,932.7,COMPLETED,2025-10-25 23:41:41.465448
6945,437,170,4,4042.84,COMPLETED,2026-06-16 12:51:41.465448
6946,320,159,4,3272.84,CANCELLED,2026-05-03 02:06:41.465448
6947,933,49,3,2949.63,COMPLETED,2025-10-30 09:43:41.465448
6948,752,159,3,2454.63,PENDING,2026-09-11 12:28:41.465448
6949,184,61,4,5883.84,CANCELLED,2026-03-14 22:57:41.465448
6950,481,166,1,362.13,COMPLETED,2026-09-01 17:27:41.465448
6951,139,27,2,144.56,CANCELLED,2026-04-09 22:52:41.465448
6952,512,31,4,2763.64,COMPLETED,2026-02-09 13:38:41.465448
6953,70,162,5,6219.15,CANCELLED,2026-03-17 02:30:41.465448
6954,664,154,1,1102.67,COMPLETED,2026-06-22 13:40:41.465448
6955,54,41,5,6048.15,COMPLETED,2026-07-25 09:35:41.465448
6956,322,184,3,752.49,PENDING,2026-07-20 08:46:41.465448
6957,934,4,4,3618.96,PENDING,2026-07-12 02:40:41.465448
6958,409,104,4,955.88,COMPLETED,2025-12-11 07:07:41.465448
6959,252,21,4,7864.44,PENDING,2026-04-21 00:17:41.465448
6960,670,179,4,2432.96,COMPLETED,2026-06-09 04:32:41.465448
6961,871,124,4,5608.64,COMPLETED,2025-11-22 17:04:41.465448
6962,268,162,3,3731.49,COMPLETED,2026-06-22 23:29:41.465448
6963,804,2,4,6072.32,COMPLETED,2025-11-02 03:21:41.465448
6964,94,130,5,9584.55,COMPLETED,2025-12-04 17:20:41.465448
6965,24,179,3,1824.72,COMPLETED,2026-05-01 21:59:41.465448
6966,925,57,4,4966.76,COMPLETED,2025-11-04 14:13:41.465448
6967,583,114,4,1951.44,PENDING,2026-05-16 02:09:41.465448
6968,208,196,5,6387.05,COMPLETED,2026-07-22 10:42:41.465448
6969,423,77,1,1438.1,COMPLETED,2026-03-20 20:25:41.465448
6970,98,127,2,1105.68,COMPLETED,2026-03-02 15:43:41.465448
6971,568,122,5,6463.8,COMPLETED,2026-02-13 00:04:41.465448
6972,162,199,1,518.67,PENDING,2026-05-28 16:51:41.465448
6973,277,69,1,1733.82,COMPLETED,2026-05-07 00:36:41.465448
6974,164,33,5,2749.05,COMPLETED,2025-11-12 14:43:41.465448
6975,983,20,4,5501.92,CANCELLED,2025-12-10 00:30:41.465448
6976,869,158,4,3809.84,COMPLETED,2025-12-25 04:31:41.465448
6977,414,78,5,110.5,CANCELLED,2026-06-06 21:04:41.465448
6978,530,188,3,337.68,COMPLETED,2026-07-21 08:51:41.465448
6979,715,55,1,1189.97,COMPLETED,2026-02-12 06:59:41.465448
6980,350,94,1,1915.98,COMPLETED,2025-12-17 04:54:41.465448
6981,181,10,4,3363.88,CANCELLED,2025-10-15 10:39:41.465448
6982,431,115,2,3698.2,COMPLETED,2026-06-06 06:59:41.465448
6983,695,142,2,911.76,COMPLETED,2025-12-10 20:55:41.465448
6984,35,167,5,3620.8,COMPLETED,2025-11-07 23:40:41.465448
6985,121,97,4,7143.8,PENDING,2025-10-22 09:06:41.465448
6986,100,18,3,1721.88,COMPLETED,2025-10-08 11:21:41.465448
6987,739,121,3,3553.23,PENDING,2026-05-23 09:30:41.465448
6988,986,144,1,496.1,CANCELLED,2026-01-28 22:23:41.465448
6989,80,38,1,1330.6,COMPLETED,2026-07-27 11:08:41.465448
6990,684,24,1,1350.3,COMPLETED,2025-12-28 13:52:41.465448
6991,936,136,2,113.06,PENDING,2025-11-30 23:13:41.465448
6992,392,195,5,8245.65,COMPLETED,2026-07-19 12:15:41.465448
6993,364,66,2,932.7,COMPLETED,2026-05-08 09:25:41.465448
6994,927,178,1,686.58,COMPLETED,2025-12-25 20:29:41.465448
6995,852,162,4,4975.32,COMPLETED,2026-06-04 23:12:41.465448
6996,240,170,1,1010.71,COMPLETED,2026-04-27 11:36:41.465448
6997,421,134,2,3200.68,PENDING,2026-02-23 23:20:41.465448
6998,613,10,4,3363.88,COMPLETED,2026-04-26 08:57:41.465448
6999,96,141,4,647.96,COMPLETED,2026-05-25 06:46:41.465448
7000,515,50,1,959.61,COMPLETED,2025-10-05 03:12:41.465448
7001,232,17,4,3696.72,COMPLETED,2026-07-09 11:08:41.465448
7002,434,55,1,1189.97,COMPLETED,2025-10-04 02:20:41.465448
7003,923,200,1,1078.14,COMPLETED,2025-12-08 12:09:41.465448
7004,168,127,1,552.84,PENDING,2026-04-17 00:26:41.465448
7005,550,2,4,6072.32,CANCELLED,2025-10-25 15:08:41.465448
7006,272,144,1,496.1,CANCELLED,2025-10-21 18:32:41.465448
7007,629,183,2,758.52,PENDING,2026-07-02 05:55:41.465448
7008,762,178,1,686.58,PENDING,2026-04-01 12:42:41.465448
7009,469,153,2,306.78,COMPLETED,2026-08-03 05:07:41.465448
7010,348,13,3,5022.24,COMPLETED,2025-11-13 01:08:41.465448
7011,760,108,3,124.59,COMPLETED,2026-07-10 22:03:41.465448
7012,40,187,5,4208.35,CANCELLED,2026-01-12 18:14:41.465448
7013,30,185,4,3006.96,COMPLETED,2026-02-02 16:27:41.465448
7014,322,70,4,6692.2,COMPLETED,2026-02-18 01:31:41.465448
7015,689,154,5,5513.35,COMPLETED,2026-01-23 01:26:41.465448
7016,647,74,5,988.6,COMPLETED,2026-08-17 10:37:41.465448
7017,523,56,5,8816.1,COMPLETED,2026-02-22 15:40:41.465448
7018,335,33,3,1649.43,COMPLETED,2025-11-26 06:56:41.465448
7019,838,33,2,1099.62,COMPLETED,2025-12-25 18:05:41.465448
7020,528,200,1,1078.14,PENDING,2026-02-19 04:06:41.465448
7021,305,120,1,1510.7,PENDING,2025-12-05 14:23:41.465448
7022,458,31,1,690.91,COMPLETED,2026-04-09 15:08:41.465448
7023,695,9,3,964.23,COMPLETED,2026-07-17 14:26:41.465448
7024,918,182,1,1019.12,COMPLETED,2026-07-27 17:14:41.465448
7025,686,102,5,2195.15,COMPLETED,2026-01-17 05:50:41.465448
7026,658,15,3,3606.96,COMPLETED,2026-01-03 14:02:41.465448
7027,199,134,3,4801.02,COMPLETED,2026-08-14 10:13:41.465448
7028,8,189,1,386.04,PENDING,2026-04-29 18:13:41.465448
7029,108,19,2,1051.36,COMPLETED,2026-03-17 00:09:41.465448
7030,996,137,3,2827.5,COMPLETED,2026-03-13 14:13:41.465448
7031,41,56,1,1763.22,PENDING,2026-01-08 12:29:41.465448
7032,445,15,4,4809.28,COMPLETED,2026-06-27 22:30:41.465448
7033,441,80,1,1305.42,CANCELLED,2026-06-30 04:12:41.465448
7034,813,95,2,3431.88,COMPLETED,2026-03-11 04:39:41.465448
7035,386,93,4,4106.4,CANCELLED,2026-08-03 20:01:41.465448
7036,557,131,5,4828.9,COMPLETED,2025-11-01 00:10:41.465448
7037,844,38,1,1330.6,COMPLETED,2026-03-06 10:00:41.465448
7038,473,63,1,1647.66,CANCELLED,2025-12-11 03:47:41.465448
7039,860,197,2,2133.84,PENDING,2025-10-29 14:29:41.465448
7040,132,21,4,7864.44,COMPLETED,2026-05-02 03:10:41.465448
7041,784,171,4,1578.04,PENDING,2026-06-30 13:35:41.465448
7042,656,113,1,1987.21,COMPLETED,2026-04-24 19:30:41.465448
7043,168,116,2,2339.22,CANCELLED,2026-01-06 12:30:41.465448
7044,721,19,5,2628.4,CANCELLED,2026-01-06 03:12:41.465448
7045,237,1,2,3136.16,COMPLETED,2026-09-10 01:03:41.465448
7046,752,79,5,1580.5,COMPLETED,2026-05-01 07:08:41.465448
7047,147,178,3,2059.74,CANCELLED,2025-11-03 08:39:41.465448
7048,611,77,2,2876.2,PENDING,2025-11-22 07:10:41.465448
7049,122,81,4,5445.6,CANCELLED,2025-10-30 08:14:41.465448
7050,850,57,2,2483.38,CANCELLED,2026-09-08 19:37:41.465448
7051,664,12,2,3356.32,COMPLETED,2026-07-15 00:09:41.465448
7052,597,181,2,971.06,COMPLETED,2026-02-02 09:28:41.465448
7053,772,134,1,1600.34,COMPLETED,2026-07-11 07:06:41.465448
7054,674,58,1,1609.24,COMPLETED,2025-12-04 02:47:41.465448
7055,263,35,5,3057.7,PENDING,2026-01-17 07:43:41.465448
7056,486,61,3,4412.88,CANCELLED,2026-08-21 04:30:41.465448
7057,80,73,1,856.75,COMPLETED,2026-06-07 04:05:41.465448
7058,984,103,1,1791.26,CANCELLED,2026-01-04 17:46:41.465448
7059,728,182,2,2038.24,PENDING,2026-01-09 17:23:41.465448
7060,970,178,3,2059.74,PENDING,2025-12-24 20:16:41.465448
7061,698,103,5,8956.3,PENDING,2026-02-04 08:19:41.465448
7062,411,93,4,4106.4,COMPLETED,2025-11-06 04:00:41.465448
7063,917,185,3,2255.22,COMPLETED,2026-03-07 07:42:41.465448
7064,80,149,3,4598.73,COMPLETED,2025-11-03 11:23:41.465448
7065,126,63,2,3295.32,PENDING,2026-07-17 13:53:41.465448
7066,810,42,3,5369.79,PENDING,2025-11-27 11:11:41.465448
7067,52,114,1,487.86,COMPLETED,2025-10-31 14:15:41.465448
7068,759,119,4,2823.04,PENDING,2026-05-24 21:49:41.465448
7069,353,43,5,9662.9,COMPLETED,2026-05-25 17:37:41.465448
7070,367,61,1,1470.96,COMPLETED,2026-08-25 19:14:41.465448
7071,171,87,4,2403.84,COMPLETED,2026-04-03 06:41:41.465448
7072,763,122,2,2585.52,PENDING,2026-03-04 02:43:41.465448
7073,99,55,2,2379.94,CANCELLED,2026-02-08 05:09:41.465448
7074,131,19,3,1577.04,COMPLETED,2026-04-02 17:31:41.465448
7075,995,111,4,3026.48,COMPLETED,2026-03-08 14:53:41.465448
7076,484,165,1,1426.89,COMPLETED,2025-11-22 06:01:41.465448
7077,998,78,3,66.3,PENDING,2025-11-23 15:29:41.465448
7078,763,4,3,2714.22,COMPLETED,2025-11-07 06:50:41.465448
7079,863,51,4,6969.12,COMPLETED,2026-05-29 17:58:41.465448
7080,886,102,5,2195.15,COMPLETED,2026-01-08 05:49:41.465448
7081,752,200,2,2156.28,COMPLETED,2026-04-12 20:23:41.465448
7082,960,189,5,1930.2,CANCELLED,2026-08-14 17:56:41.465448
7083,645,51,3,5226.84,COMPLETED,2026-07-25 10:55:41.465448
7084,89,29,5,9946.6,CANCELLED,2026-07-20 04:53:41.465448
7085,963,54,5,2013.5,COMPLETED,2025-09-20 22:37:41.465448
7086,414,142,3,1367.64,CANCELLED,2026-02-16 17:44:41.465448
7087,1,86,3,4263.75,COMPLETED,2026-03-02 08:47:41.465448
7088,98,104,5,1194.85,PENDING,2026-01-20 01:05:41.465448
7089,398,99,5,4123.0,COMPLETED,2026-07-05 17:19:41.465448
7090,669,88,5,1804.9,PENDING,2025-11-10 00:57:41.465448
7091,626,20,2,2750.96,COMPLETED,2025-11-27 21:19:41.465448
7092,198,155,5,5066.0,COMPLETED,2026-02-02 01:16:41.465448
7093,274,84,2,3701.44,COMPLETED,2026-04-23 14:05:41.465448
7094,733,81,3,4084.2,COMPLETED,2026-07-31 14:03:41.465448
7095,57,135,5,2378.1,COMPLETED,2026-03-25 22:57:41.465448
7096,211,88,2,721.96,CANCELLED,2026-03-02 12:02:41.465448
7097,776,128,4,1661.56,PENDING,2025-10-24 15:34:41.465448
7098,118,128,2,830.78,COMPLETED,2026-05-10 01:23:41.465448
7099,775,43,5,9662.9,COMPLETED,2026-06-23 22:12:41.465448
7100,699,185,5,3758.7,COMPLETED,2026-07-17 10:12:41.465448
7101,408,20,4,5501.92,COMPLETED,2025-12-04 20:30:41.465448
7102,103,83,1,884.86,CANCELLED,2026-01-23 03:12:41.465448
7103,650,143,2,3549.3,PENDING,2025-10-03 15:47:41.465448
7104,491,130,4,7667.64,CANCELLED,2026-04-27 22:45:41.465448
7105,701,86,3,4263.75,COMPLETED,2026-08-05 13:01:41.465448
7106,531,22,1,446.54,COMPLETED,2026-05-04 15:12:41.465448
7107,932,124,1,1402.16,COMPLETED,2025-10-05 16:50:41.465448
7108,328,104,2,477.94,PENDING,2026-04-23 09:21:41.465448
7109,126,158,2,1904.92,COMPLETED,2026-06-15 00:02:41.465448
7110,103,65,5,8579.75,CANCELLED,2025-11-05 02:38:41.465448
7111,652,45,4,2949.56,COMPLETED,2026-06-04 21:40:41.465448
7112,55,155,5,5066.0,COMPLETED,2026-06-20 22:14:41.465448
7113,20,65,4,6863.8,PENDING,2026-04-23 23:03:41.465448
7114,186,132,1,158.88,PENDING,2026-06-13 04:33:41.465448
7115,304,25,1,1531.11,CANCELLED,2025-11-17 12:13:41.465448
7116,396,178,4,2746.32,COMPLETED,2026-01-26 01:30:41.465448
7117,990,76,5,1844.55,COMPLETED,2026-05-04 09:39:41.465448
7118,779,82,1,1714.57,CANCELLED,2026-05-26 10:21:41.465448
7119,812,21,1,1966.11,COMPLETED,2026-05-13 15:56:41.465448
7120,258,23,4,6642.16,COMPLETED,2026-01-15 20:43:41.465448
7121,482,174,5,4792.75,CANCELLED,2026-08-13 07:37:41.465448
7122,130,87,5,3004.8,CANCELLED,2025-12-21 16:54:41.465448
7123,708,5,3,780.6,COMPLETED,2026-02-18 09:26:41.465448
7124,271,20,4,5501.92,COMPLETED,2025-10-31 05:41:41.465448
7125,350,145,4,2277.36,PENDING,2025-11-18 20:06:41.465448
7126,851,176,1,604.1,COMPLETED,2026-02-01 02:38:41.465448
7127,144,38,1,1330.6,COMPLETED,2026-01-21 10:20:41.465448
7128,210,179,4,2432.96,COMPLETED,2025-10-08 05:36:41.465448
7129,998,151,3,650.1,CANCELLED,2025-10-11 07:36:41.465448
7130,810,167,1,724.16,COMPLETED,2026-04-27 04:55:41.465448
7131,759,138,4,5992.2,PENDING,2026-03-08 20:49:41.465448
7132,841,44,4,6561.2,PENDING,2026-09-08 11:53:41.465448
7133,353,113,5,9936.05,COMPLETED,2026-09-11 19:18:41.465448
7134,883,71,5,7736.6,COMPLETED,2026-02-05 09:54:41.465448
7135,836,163,5,5947.5,COMPLETED,2026-08-14 23:28:41.465448
7136,760,81,1,1361.4,COMPLETED,2025-12-04 17:13:41.465448
7137,204,41,3,3628.89,COMPLETED,2026-05-18 12:04:41.465448
7138,475,180,3,183.39,COMPLETED,2025-12-18 01:19:41.465448
7139,58,118,4,6204.76,COMPLETED,2025-12-28 09:50:41.465448
7140,632,33,1,549.81,PENDING,2026-08-10 18:12:41.465448
7141,296,189,5,1930.2,CANCELLED,2025-09-19 14:38:41.465448
7142,727,118,1,1551.19,COMPLETED,2025-11-26 22:25:41.465448
7143,97,31,2,1381.82,PENDING,2026-02-13 14:32:41.465448
7144,744,111,5,3783.1,PENDING,2026-07-16 14:06:41.465448
7145,879,2,4,6072.32,COMPLETED,2026-04-17 14:09:41.465448
7146,837,128,1,415.39,COMPLETED,2025-11-15 10:20:41.465448
7147,708,173,5,6340.35,COMPLETED,2026-08-31 10:24:41.465448
7148,740,80,5,6527.1,COMPLETED,2026-06-04 22:44:41.465448
7149,947,52,3,3358.41,CANCELLED,2025-12-31 22:59:41.465448
7150,998,10,1,840.97,COMPLETED,2025-09-15 19:57:41.465448
7151,696,84,2,3701.44,CANCELLED,2026-01-06 06:54:41.465448
7152,953,132,3,476.64,PENDING,2026-02-07 09:59:41.465448
7153,52,135,5,2378.1,PENDING,2025-10-14 06:06:41.465448
7154,983,126,4,4875.4,COMPLETED,2025-10-16 04:28:41.465448
7155,575,89,3,4135.89,COMPLETED,2026-05-20 00:50:41.465448
7156,111,167,1,724.16,PENDING,2025-12-13 04:13:41.465448
7157,534,180,3,183.39,COMPLETED,2026-03-10 00:05:41.465448
7158,823,90,4,560.88,CANCELLED,2026-07-19 19:29:41.465448
7159,268,3,1,1093.46,CANCELLED,2026-07-31 04:12:41.465448
7160,535,92,3,1030.62,COMPLETED,2026-07-22 12:41:41.465448
7161,948,27,1,72.28,CANCELLED,2026-08-26 08:43:41.465448
7162,183,104,4,955.88,PENDING,2026-01-14 13:02:41.465448
7163,756,187,4,3366.68,COMPLETED,2026-03-16 16:49:41.465448
7164,130,31,4,2763.64,COMPLETED,2026-05-24 11:03:41.465448
7165,534,89,1,1378.63,PENDING,2025-12-14 19:26:41.465448
7166,990,26,1,1636.26,CANCELLED,2025-09-20 22:05:41.465448
7167,708,76,1,368.91,COMPLETED,2026-04-11 20:39:41.465448
7168,417,58,2,3218.48,COMPLETED,2026-01-01 21:40:41.465448
7169,293,47,5,1455.1,CANCELLED,2026-06-19 07:57:41.465448
7170,436,59,5,6071.25,COMPLETED,2025-12-31 00:20:41.465448
7171,769,47,3,873.06,COMPLETED,2026-02-04 06:16:41.465448
7172,876,192,2,2502.72,COMPLETED,2025-11-03 11:26:41.465448
7173,359,62,5,9581.05,COMPLETED,2026-06-21 00:40:41.465448
7174,245,151,2,433.4,COMPLETED,2026-07-20 19:52:41.465448
7175,247,7,4,2612.64,PENDING,2025-12-27 20:59:41.465448
7176,542,182,3,3057.36,PENDING,2026-01-13 14:07:41.465448
7177,784,150,2,2596.6,COMPLETED,2025-11-05 22:32:41.465448
7178,194,149,1,1532.91,COMPLETED,2026-04-12 04:25:41.465448
7179,750,139,1,1234.04,PENDING,2026-05-03 09:40:41.465448
7180,422,135,4,1902.48,CANCELLED,2026-05-13 21:23:41.465448
7181,293,53,3,4227.84,CANCELLED,2026-05-03 22:10:41.465448
7182,671,36,5,4506.9,CANCELLED,2026-01-20 07:27:41.465448
7183,488,187,4,3366.68,COMPLETED,2026-08-28 02:36:41.465448
7184,72,58,2,3218.48,CANCELLED,2026-07-31 20:12:41.465448
7185,185,13,3,5022.24,PENDING,2025-10-20 20:32:41.465448
7186,646,10,4,3363.88,PENDING,2025-10-16 17:07:41.465448
7187,874,173,4,5072.28,COMPLETED,2025-11-03 00:49:41.465448
7188,976,101,5,9603.5,COMPLETED,2026-07-15 08:58:41.465448
7189,906,137,3,2827.5,PENDING,2026-03-30 17:05:41.465448
7190,330,89,3,4135.89,CANCELLED,2025-11-20 15:14:41.465448
7191,267,104,3,716.91,COMPLETED,2025-09-25 16:50:41.465448
7192,869,29,4,7957.28,COMPLETED,2025-09-17 14:38:41.465448
7193,84,96,1,292.7,COMPLETED,2025-09-20 06:13:41.465448
7194,610,5,4,1040.8,COMPLETED,2026-02-18 16:30:41.465448
7195,108,17,2,1848.36,PENDING,2025-11-08 04:26:41.465448
7196,227,125,4,3123.88,CANCELLED,2026-02-11 08:02:41.465448
7197,479,64,2,1717.38,COMPLETED,2025-09-17 18:08:41.465448
7198,609,187,3,2525.01,COMPLETED,2026-07-14 13:46:41.465448
7199,40,86,1,1421.25,COMPLETED,2026-07-24 10:45:41.465448
7200,649,3,1,1093.46,COMPLETED,2026-04-01 22:48:41.465448
7201,136,48,3,4309.44,PENDING,2026-03-15 19:09:41.465448
7202,884,29,2,3978.64,CANCELLED,2026-03-25 21:32:41.465448
7203,79,145,2,1138.68,CANCELLED,2026-03-15 19:08:41.465448
7204,695,86,3,4263.75,PENDING,2025-12-25 23:43:41.465448
7205,261,125,3,2342.91,COMPLETED,2026-06-27 12:42:41.465448
7206,883,122,5,6463.8,PENDING,2026-09-01 22:23:41.465448
7207,433,95,5,8579.7,PENDING,2025-11-01 18:24:41.465448
7208,719,93,5,5133.0,COMPLETED,2026-01-08 04:11:41.465448
7209,380,72,5,1677.9,COMPLETED,2026-08-19 18:10:41.465448
7210,288,73,4,3427.0,COMPLETED,2026-03-10 02:03:41.465448
7211,221,10,3,2522.91,PENDING,2026-06-22 03:39:41.465448
7212,413,114,3,1463.58,PENDING,2025-10-31 23:46:41.465448
7213,283,4,4,3618.96,COMPLETED,2026-02-20 22:32:41.465448
7214,106,92,2,687.08,CANCELLED,2026-05-08 22:07:41.465448
7215,876,62,3,5748.63,CANCELLED,2026-06-24 11:21:41.465448
7216,909,181,2,971.06,COMPLETED,2026-02-15 21:23:41.465448
7217,454,14,2,1441.86,COMPLETED,2025-09-24 13:23:41.465448
7218,52,36,4,3605.52,PENDING,2026-07-14 22:23:41.465448
7219,338,111,3,2269.86,COMPLETED,2026-07-28 23:50:41.465448
7220,606,133,1,1159.56,PENDING,2026-07-14 16:04:41.465448
7221,671,50,3,2878.83,PENDING,2025-12-06 09:55:41.465448
7222,561,143,5,8873.25,COMPLETED,2025-12-26 14:19:41.465448
7223,347,104,5,1194.85,PENDING,2026-08-27 05:17:41.465448
7224,157,159,1,818.21,PENDING,2025-12-15 17:47:41.465448
7225,667,190,5,8916.95,CANCELLED,2025-10-07 13:31:41.465448
7226,368,121,3,3553.23,COMPLETED,2026-08-23 22:49:41.465448
7227,275,192,3,3754.08,PENDING,2026-05-22 08:57:41.465448
7228,211,178,4,2746.32,PENDING,2025-11-25 20:18:41.465448
7229,143,151,1,216.7,COMPLETED,2026-01-18 06:57:41.465448
7230,812,24,3,4050.9,COMPLETED,2026-03-17 00:24:41.465448
7231,392,72,4,1342.32,CANCELLED,2026-01-03 08:11:41.465448
7232,517,91,1,1742.43,COMPLETED,2025-12-18 17:35:41.465448
7233,38,88,4,1443.92,COMPLETED,2025-10-23 06:09:41.465448
7234,121,156,4,2204.12,PENDING,2025-11-23 22:43:41.465448
7235,499,179,5,3041.2,COMPLETED,2026-04-28 04:14:41.465448
7236,632,79,1,316.1,PENDING,2026-03-16 04:23:41.465448
7237,319,4,5,4523.7,COMPLETED,2026-08-08 07:55:41.465448
7238,937,2,1,1518.08,PENDING,2026-02-18 10:47:41.465448
7239,941,185,1,751.74,CANCELLED,2026-03-29 02:40:41.465448
7240,406,67,3,4550.97,PENDING,2025-09-20 19:43:41.465448
7241,482,57,1,1241.69,COMPLETED,2026-02-05 06:38:41.465448
7242,661,174,2,1917.1,COMPLETED,2025-10-21 18:44:41.465448
7243,958,78,5,110.5,COMPLETED,2026-01-18 03:02:41.465448
7244,832,88,1,360.98,CANCELLED,2025-10-02 06:54:41.465448
7245,12,165,2,2853.78,CANCELLED,2025-10-29 20:42:41.465448
7246,219,39,2,3689.06,COMPLETED,2026-08-13 22:33:41.465448
7247,375,77,1,1438.1,COMPLETED,2026-05-24 08:41:41.465448
7248,679,187,2,1683.34,COMPLETED,2025-11-27 21:17:41.465448
7249,421,129,3,4146.99,PENDING,2026-01-18 01:50:41.465448
7250,250,32,5,6351.7,COMPLETED,2025-12-13 22:27:41.465448
7251,639,134,3,4801.02,COMPLETED,2025-09-25 23:56:41.465448
7252,664,182,5,5095.6,CANCELLED,2026-08-15 02:28:41.465448
7253,868,151,5,1083.5,PENDING,2025-11-24 03:42:41.465448
7254,149,32,2,2540.68,COMPLETED,2026-08-01 23:17:41.465448
7255,10,40,3,2767.86,COMPLETED,2026-07-31 11:15:41.465448
7256,864,197,4,4267.68,COMPLETED,2025-11-18 13:53:41.465448
7257,238,163,4,4758.0,PENDING,2026-06-21 21:00:41.465448
7258,715,113,4,7948.84,COMPLETED,2026-07-09 06:32:41.465448
7259,43,123,1,1800.64,PENDING,2026-01-05 12:15:41.465448
7260,7,6,4,3254.04,COMPLETED,2025-11-21 04:36:41.465448
7261,582,155,4,4052.8,CANCELLED,2026-03-19 17:39:41.465448
7262,570,69,3,5201.46,COMPLETED,2026-06-16 05:55:41.465448
7263,276,53,4,5637.12,COMPLETED,2025-11-23 10:22:41.465448
7264,396,198,3,3068.52,COMPLETED,2026-04-10 03:26:41.465448
7265,340,67,3,4550.97,COMPLETED,2026-04-17 10:35:41.465448
7266,541,65,3,5147.85,COMPLETED,2026-05-21 15:49:41.465448
7267,576,102,2,878.06,COMPLETED,2026-04-24 14:28:41.465448
7268,14,41,1,1209.63,COMPLETED,2026-01-08 18:11:41.465448
7269,135,66,3,1399.05,COMPLETED,2026-02-15 06:42:41.465448
7270,172,77,5,7190.5,CANCELLED,2026-02-12 07:55:41.465448
7271,313,175,4,742.44,COMPLETED,2025-10-02 13:08:41.465448
7272,7,14,3,2162.79,COMPLETED,2026-08-14 08:41:41.465448
7273,663,198,4,4091.36,COMPLETED,2025-12-17 14:56:41.465448
7274,543,144,5,2480.5,COMPLETED,2026-02-21 12:33:41.465448
7275,410,171,5,1972.55,COMPLETED,2025-12-20 11:39:41.465448
7276,198,181,4,1942.12,COMPLETED,2025-12-11 16:24:41.465448
7277,346,55,2,2379.94,PENDING,2026-08-19 02:24:41.465448
7278,363,69,2,3467.64,COMPLETED,2025-11-11 01:54:41.465448
7279,276,8,5,5912.6,COMPLETED,2026-01-16 18:14:41.465448
7280,205,65,1,1715.95,COMPLETED,2025-12-30 08:46:41.465448
7281,603,6,5,4067.55,COMPLETED,2026-02-21 19:35:41.465448
7282,266,34,3,5916.03,COMPLETED,2025-11-19 21:19:41.465448
7283,483,50,3,2878.83,PENDING,2025-09-22 18:47:41.465448
7284,203,29,5,9946.6,COMPLETED,2025-11-15 13:48:41.465448
7285,304,93,5,5133.0,PENDING,2026-04-30 10:24:41.465448
7286,382,82,1,1714.57,COMPLETED,2025-12-24 22:12:41.465448
7287,996,55,5,5949.85,COMPLETED,2026-06-02 23:44:41.465448
7288,662,49,5,4916.05,PENDING,2026-07-08 21:58:41.465448
7289,156,198,3,3068.52,PENDING,2025-12-10 20:41:41.465448
7290,265,22,2,893.08,COMPLETED,2026-01-09 15:21:41.465448
7291,414,7,1,653.16,CANCELLED,2026-07-18 10:07:41.465448
7292,106,156,3,1653.09,PENDING,2026-08-23 00:44:41.465448
7293,831,89,4,5514.52,COMPLETED,2026-04-11 02:18:41.465448
7294,850,64,2,1717.38,CANCELLED,2025-09-16 15:39:41.465448
7295,360,14,2,1441.86,COMPLETED,2025-12-12 03:29:41.465448
7296,661,85,2,1991.44,PENDING,2026-02-05 07:25:41.465448
7297,939,48,2,2872.96,COMPLETED,2026-06-14 15:21:41.465448
7298,639,178,5,3432.9,CANCELLED,2025-10-08 07:48:41.465448
7299,752,168,5,6338.6,COMPLETED,2025-11-04 00:27:41.465448
7300,902,78,3,66.3,COMPLETED,2026-05-30 22:46:41.465448
7301,844,4,2,1809.48,COMPLETED,2026-06-23 17:28:41.465448
7302,577,140,1,1466.45,COMPLETED,2026-06-23 21:58:41.465448
7303,625,131,2,1931.56,COMPLETED,2026-08-28 15:32:41.465448
7304,291,138,4,5992.2,COMPLETED,2026-07-13 11:26:41.465448
7305,781,159,3,2454.63,PENDING,2025-12-20 09:43:41.465448
7306,739,175,5,928.05,CANCELLED,2026-04-22 15:10:41.465448
7307,258,80,1,1305.42,COMPLETED,2026-01-29 17:29:41.465448
7308,171,85,5,4978.6,COMPLETED,2026-02-14 07:29:41.465448
7309,645,79,4,1264.4,COMPLETED,2026-03-02 11:44:41.465448
7310,121,70,1,1673.05,PENDING,2026-07-26 07:52:41.465448
7311,312,165,1,1426.89,COMPLETED,2025-09-30 09:05:41.465448
7312,746,92,5,1717.7,COMPLETED,2026-01-06 23:00:41.465448
7313,360,128,4,1661.56,PENDING,2026-02-05 02:14:41.465448
7314,317,27,3,216.84,CANCELLED,2026-08-05 09:53:41.465448
7315,603,50,3,2878.83,COMPLETED,2026-03-31 21:39:41.465448
7316,653,51,2,3484.56,COMPLETED,2026-02-23 22:42:41.465448
7317,663,191,1,781.26,CANCELLED,2026-04-06 20:35:41.465448
7318,822,60,5,9384.0,COMPLETED,2026-04-11 03:25:41.465448
7319,476,101,5,9603.5,PENDING,2025-11-23 00:48:41.465448
7320,252,111,2,1513.24,PENDING,2025-10-07 00:39:41.465448
7321,684,95,4,6863.76,PENDING,2026-08-01 01:51:41.465448
7322,995,159,2,1636.42,COMPLETED,2026-05-15 20:03:41.465448
7323,180,60,4,7507.2,COMPLETED,2026-08-20 17:46:41.465448
7324,494,193,3,3120.63,COMPLETED,2026-03-18 19:50:41.465448
7325,169,131,4,3863.12,CANCELLED,2026-08-04 18:35:41.465448
7326,640,4,4,3618.96,COMPLETED,2026-01-31 07:18:41.465448
7327,104,200,4,4312.56,CANCELLED,2025-10-28 07:06:41.465448
7328,598,32,2,2540.68,COMPLETED,2025-12-18 07:22:41.465448
7329,433,181,2,971.06,COMPLETED,2026-04-06 05:29:41.465448
7330,784,151,5,1083.5,COMPLETED,2025-12-17 09:14:41.465448
7331,208,35,3,1834.62,PENDING,2025-10-19 05:19:41.465448
7332,691,23,1,1660.54,COMPLETED,2026-01-24 16:23:41.465448
7333,739,29,1,1989.32,CANCELLED,2026-05-23 21:53:41.465448
7334,702,182,5,5095.6,PENDING,2025-11-02 00:59:41.465448
7335,386,57,3,3725.07,CANCELLED,2026-07-21 05:26:41.465448
7336,961,127,4,2211.36,PENDING,2025-11-16 07:44:41.465448
7337,968,167,4,2896.64,PENDING,2026-06-16 23:05:41.465448
7338,165,111,1,756.62,COMPLETED,2026-01-04 02:02:41.465448
7339,887,2,5,7590.4,COMPLETED,2026-04-23 01:55:41.465448
7340,422,152,1,584.63,COMPLETED,2026-01-30 10:44:41.465448
7341,976,63,3,4942.98,COMPLETED,2025-09-12 23:00:41.465448
7342,548,183,5,1896.3,COMPLETED,2026-01-05 03:04:41.465448
7343,862,173,5,6340.35,PENDING,2026-07-18 07:06:41.465448
7344,137,152,1,584.63,COMPLETED,2026-06-07 01:00:41.465448
7345,373,87,2,1201.92,COMPLETED,2025-12-23 02:55:41.465448
7346,204,137,1,942.5,COMPLETED,2026-06-25 15:30:41.465448
7347,273,21,2,3932.22,PENDING,2026-06-04 02:36:41.465448
7348,780,6,4,3254.04,PENDING,2025-09-28 15:23:41.465448
7349,42,127,5,2764.2,COMPLETED,2026-04-06 21:44:41.465448
7350,427,82,1,1714.57,PENDING,2026-02-02 08:56:41.465448
7351,762,114,2,975.72,COMPLETED,2025-10-10 09:50:41.465448
7352,937,144,1,496.1,COMPLETED,2025-12-30 11:24:41.465448
7353,546,86,4,5685.0,CANCELLED,2026-02-07 06:21:41.465448
7354,901,27,5,361.4,COMPLETED,2026-01-19 23:04:41.465448
7355,915,158,4,3809.84,COMPLETED,2026-02-13 21:46:41.465448
7356,27,146,2,2133.92,PENDING,2026-03-24 03:03:41.465448
7357,212,24,4,5401.2,COMPLETED,2026-07-06 06:43:41.465448
7358,88,160,1,1505.58,COMPLETED,2026-03-04 13:50:41.465448
7359,763,195,1,1649.13,COMPLETED,2025-12-12 11:38:41.465448
7360,650,69,1,1733.82,COMPLETED,2026-05-15 10:43:41.465448
7361,774,78,1,22.1,CANCELLED,2026-05-21 15:32:41.465448
7362,853,195,4,6596.52,COMPLETED,2025-09-30 12:07:41.465448
7363,905,35,3,1834.62,PENDING,2026-04-06 12:49:41.465448
7364,271,61,2,2941.92,COMPLETED,2026-08-22 13:44:41.465448
7365,232,153,3,460.17,COMPLETED,2026-03-31 04:21:41.465448
7366,365,166,5,1810.65,CANCELLED,2026-07-22 04:03:41.465448
7367,839,80,3,3916.26,PENDING,2026-01-13 23:15:41.465448
7368,889,86,2,2842.5,CANCELLED,2026-05-03 21:08:41.465448
7369,912,70,3,5019.15,COMPLETED,2026-06-27 23:15:41.465448
7370,433,6,2,1627.02,COMPLETED,2026-04-07 13:14:41.465448
7371,299,40,1,922.62,COMPLETED,2026-05-27 15:58:41.465448
7372,402,126,4,4875.4,CANCELLED,2025-11-12 00:05:41.465448
7373,363,124,1,1402.16,COMPLETED,2026-03-20 19:30:41.465448
7374,764,113,3,5961.63,CANCELLED,2025-10-11 00:26:41.465448
7375,999,90,2,280.44,COMPLETED,2025-12-11 00:40:41.465448
7376,974,172,5,658.3,CANCELLED,2026-02-21 04:50:41.465448
7377,881,23,5,8302.7,COMPLETED,2025-12-26 06:06:41.465448
7378,182,166,1,362.13,COMPLETED,2025-12-29 03:50:41.465448
7379,587,40,1,922.62,COMPLETED,2026-04-22 21:27:41.465448
7380,383,188,3,337.68,CANCELLED,2026-04-28 03:42:41.465448
7381,616,152,2,1169.26,PENDING,2025-11-24 19:24:41.465448
7382,476,152,3,1753.89,COMPLETED,2025-10-04 11:13:41.465448
7383,302,140,1,1466.45,COMPLETED,2026-03-18 13:47:41.465448
7384,285,105,4,6831.8,PENDING,2026-07-19 21:56:41.465448
7385,310,44,2,3280.6,PENDING,2026-03-27 15:08:41.465448
7386,455,194,3,5171.28,PENDING,2026-03-16 20:44:41.465448
7387,11,158,5,4762.3,COMPLETED,2026-04-23 07:27:41.465448
7388,879,122,2,2585.52,CANCELLED,2025-11-29 04:57:41.465448
7389,227,131,5,4828.9,COMPLETED,2026-02-22 01:24:41.465448
7390,153,105,2,3415.9,COMPLETED,2025-09-14 03:58:41.465448
7391,76,8,5,5912.6,PENDING,2026-06-21 21:02:41.465448
7392,941,153,4,613.56,COMPLETED,2026-03-12 23:50:41.465448
7393,11,96,4,1170.8,PENDING,2026-08-03 16:16:41.465448
7394,686,162,4,4975.32,COMPLETED,2025-11-10 00:12:41.465448
7395,258,163,3,3568.5,COMPLETED,2026-05-28 21:58:41.465448
7396,538,198,3,3068.52,COMPLETED,2025-10-27 05:14:41.465448
7397,890,142,4,1823.52,CANCELLED,2026-02-19 03:44:41.465448
7398,27,115,4,7396.4,PENDING,2025-11-18 15:33:41.465448
7399,132,82,2,3429.14,COMPLETED,2025-11-13 04:56:41.465448
7400,491,53,4,5637.12,CANCELLED,2026-02-21 19:31:41.465448
7401,857,102,3,1317.09,COMPLETED,2026-02-20 12:46:41.465448
7402,113,177,1,368.46,COMPLETED,2026-03-31 10:39:41.465448
7403,620,165,1,1426.89,COMPLETED,2026-04-08 01:24:41.465448
7404,948,54,2,805.4,COMPLETED,2026-07-28 15:11:41.465448
7405,478,10,5,4204.85,COMPLETED,2026-08-06 15:18:41.465448
7406,366,16,3,3297.39,COMPLETED,2026-09-06 03:36:41.465448
7407,514,1,5,7840.4,CANCELLED,2026-04-19 00:36:41.465448
7408,105,127,5,2764.2,COMPLETED,2026-08-21 05:23:41.465448
7409,535,155,5,5066.0,CANCELLED,2026-09-09 12:53:41.465448
7410,465,114,3,1463.58,PENDING,2026-06-20 07:55:41.465448
7411,326,59,1,1214.25,COMPLETED,2026-02-03 01:26:41.465448
7412,789,184,3,752.49,PENDING,2026-04-02 22:11:41.465448
7413,626,117,5,2539.8,COMPLETED,2025-12-07 12:05:41.465448
7414,568,90,5,701.1,COMPLETED,2025-10-15 20:53:41.465448
7415,494,129,3,4146.99,PENDING,2026-07-20 06:45:41.465448
7416,90,27,4,289.12,COMPLETED,2026-02-10 04:32:41.465448
7417,209,169,4,7381.36,COMPLETED,2026-05-10 22:10:41.465448
7418,619,145,2,1138.68,COMPLETED,2026-02-12 06:30:41.465448
7419,616,35,4,2446.16,COMPLETED,2026-07-02 17:19:41.465448
7420,746,149,3,4598.73,COMPLETED,2026-04-04 03:39:41.465448
7421,733,103,3,5373.78,COMPLETED,2026-08-02 16:41:41.465448
7422,266,80,2,2610.84,CANCELLED,2026-02-24 09:29:41.465448
7423,806,198,4,4091.36,COMPLETED,2026-03-16 03:41:41.465448
7424,930,7,5,3265.8,COMPLETED,2026-08-11 08:50:41.465448
7425,574,77,1,1438.1,COMPLETED,2026-08-26 06:20:41.465448
7426,193,7,2,1306.32,CANCELLED,2026-05-01 09:04:41.465448
7427,479,98,3,4883.25,PENDING,2026-04-27 12:22:41.465448
7428,64,97,5,8929.75,PENDING,2025-11-07 11:17:41.465448
7429,246,187,1,841.67,COMPLETED,2026-03-29 21:54:41.465448
7430,300,93,4,4106.4,COMPLETED,2025-09-13 11:22:41.465448
7431,220,170,5,5053.55,COMPLETED,2025-09-18 00:57:41.465448
7432,241,34,5,9860.05,PENDING,2026-02-13 10:13:41.465448
7433,775,164,3,5784.9,COMPLETED,2026-05-03 01:02:41.465448
7434,696,66,3,1399.05,COMPLETED,2025-11-13 11:48:41.465448
7435,42,11,4,1878.6,COMPLETED,2025-09-26 09:17:41.465448
7436,143,122,1,1292.76,COMPLETED,2025-10-20 20:37:41.465448
7437,716,143,2,3549.3,CANCELLED,2026-01-17 03:59:41.465448
7438,820,174,4,3834.2,CANCELLED,2025-12-14 11:06:41.465448
7439,803,25,3,4593.33,COMPLETED,2026-02-17 20:48:41.465448
7440,307,92,2,687.08,PENDING,2026-01-05 04:33:41.465448
7441,155,186,4,2032.36,COMPLETED,2025-10-07 20:05:41.465448
7442,822,32,4,5081.36,COMPLETED,2026-02-04 19:57:41.465448
7443,805,68,1,457.01,PENDING,2025-10-02 07:33:41.465448
7444,166,16,2,2198.26,PENDING,2026-06-16 04:30:41.465448
7445,516,81,2,2722.8,COMPLETED,2026-01-10 17:41:41.465448
7446,662,121,1,1184.41,COMPLETED,2025-10-05 16:22:41.465448
7447,771,108,2,83.06,COMPLETED,2025-11-30 09:30:41.465448
7448,378,85,5,4978.6,COMPLETED,2025-11-03 23:14:41.465448
7449,132,165,1,1426.89,COMPLETED,2025-11-18 19:04:41.465448
7450,291,57,4,4966.76,PENDING,2025-10-07 08:14:41.465448
7451,950,69,1,1733.82,COMPLETED,2026-03-17 02:17:41.465448
7452,315,42,1,1789.93,PENDING,2026-04-05 22:37:41.465448
7453,34,56,2,3526.44,PENDING,2026-06-04 23:49:41.465448
7454,663,124,1,1402.16,COMPLETED,2026-07-11 11:55:41.465448
7455,512,155,1,1013.2,COMPLETED,2025-11-04 06:14:41.465448
7456,933,124,4,5608.64,CANCELLED,2025-10-05 11:04:41.465448
7457,675,124,1,1402.16,COMPLETED,2025-12-21 01:18:41.465448
7458,42,87,4,2403.84,COMPLETED,2026-06-23 14:13:41.465448
7459,282,25,4,6124.44,PENDING,2025-10-02 19:42:41.465448
7460,22,28,2,3714.4,COMPLETED,2026-02-01 13:38:41.465448
7461,388,22,2,893.08,CANCELLED,2025-12-05 23:31:41.465448
7462,917,116,4,4678.44,COMPLETED,2026-01-15 15:09:41.465448
7463,81,66,3,1399.05,PENDING,2025-09-21 19:15:41.465448
7464,217,153,4,613.56,COMPLETED,2026-04-05 04:22:41.465448
7465,175,85,3,2987.16,CANCELLED,2025-11-20 04:51:41.465448
7466,907,97,2,3571.9,COMPLETED,2026-01-20 23:43:41.465448
7467,214,124,2,2804.32,PENDING,2025-09-17 03:29:41.465448
7468,967,114,3,1463.58,PENDING,2026-02-19 17:19:41.465448
7469,447,162,4,4975.32,COMPLETED,2026-06-10 20:45:41.465448
7470,706,112,4,1547.24,COMPLETED,2026-04-08 13:27:41.465448
7471,39,142,4,1823.52,COMPLETED,2026-02-04 18:11:41.465448
7472,398,155,4,4052.8,CANCELLED,2026-06-10 14:17:41.465448
7473,654,196,4,5109.64,COMPLETED,2026-01-26 08:41:41.465448
7474,738,197,3,3200.76,COMPLETED,2026-03-27 22:01:41.465448
7475,858,69,2,3467.64,PENDING,2026-04-23 15:54:41.465448
7476,829,108,4,166.12,COMPLETED,2026-08-07 23:12:41.465448
7477,1,121,1,1184.41,PENDING,2026-01-26 21:01:41.465448
7478,681,15,1,1202.32,PENDING,2026-01-06 15:28:41.465448
7479,567,124,5,7010.8,PENDING,2026-07-16 00:33:41.465448
7480,418,17,2,1848.36,COMPLETED,2026-09-05 15:21:41.465448
7481,766,183,2,758.52,COMPLETED,2026-08-06 17:07:41.465448
7482,185,140,5,7332.25,CANCELLED,2026-08-25 04:23:41.465448
7483,819,154,2,2205.34,COMPLETED,2026-03-10 05:40:41.465448
7484,304,143,4,7098.6,PENDING,2026-04-14 05:46:41.465448
7485,177,93,3,3079.8,PENDING,2026-08-12 04:38:41.465448
7486,235,15,2,2404.64,COMPLETED,2025-11-02 17:22:41.465448
7487,138,132,1,158.88,COMPLETED,2026-01-02 21:07:41.465448
7488,293,147,3,5954.94,COMPLETED,2025-09-27 06:26:41.465448
7489,107,133,5,5797.8,COMPLETED,2026-07-23 13:27:41.465448
7490,398,37,5,7333.9,PENDING,2026-09-08 07:31:41.465448
7491,102,92,4,1374.16,COMPLETED,2025-11-29 00:14:41.465448
7492,133,103,5,8956.3,COMPLETED,2026-04-23 07:04:41.465448
7493,643,137,1,942.5,PENDING,2026-03-23 21:53:41.465448
7494,969,62,3,5748.63,COMPLETED,2025-11-30 05:25:41.465448
7495,857,16,2,2198.26,COMPLETED,2026-04-24 09:25:41.465448
7496,168,176,3,1812.3,COMPLETED,2026-01-05 04:20:41.465448
7497,355,149,5,7664.55,COMPLETED,2025-10-28 14:45:41.465448
7498,387,1,2,3136.16,COMPLETED,2025-12-05 13:26:41.465448
7499,469,128,5,2076.95,CANCELLED,2026-02-17 10:41:41.465448
7500,735,44,5,8201.5,PENDING,2026-07-24 11:29:41.465448
7501,858,170,3,3032.13,COMPLETED,2026-08-19 10:52:41.465448
7502,200,151,3,650.1,CANCELLED,2026-06-22 09:43:41.465448
7503,964,35,2,1223.08,COMPLETED,2026-03-26 08:15:41.465448
7504,636,35,5,3057.7,COMPLETED,2026-03-14 05:58:41.465448
7505,477,31,3,2072.73,COMPLETED,2026-02-23 17:08:41.465448
7506,865,50,4,3838.44,PENDING,2025-09-17 08:40:41.465448
7507,563,159,2,1636.42,COMPLETED,2026-04-04 23:58:41.465448
7508,691,5,5,1301.0,CANCELLED,2026-01-22 01:00:41.465448
7509,398,145,4,2277.36,CANCELLED,2026-04-04 04:11:41.465448
7510,467,187,4,3366.68,COMPLETED,2026-05-04 17:21:41.465448
7511,961,163,1,1189.5,COMPLETED,2025-12-08 08:52:41.465448
7512,84,134,2,3200.68,COMPLETED,2026-04-04 06:38:41.465448
7513,160,110,5,9999.6,COMPLETED,2026-05-03 14:10:41.465448
7514,603,43,5,9662.9,COMPLETED,2026-04-09 00:23:41.465448
7515,791,34,1,1972.01,COMPLETED,2026-02-10 15:25:41.465448
7516,162,58,1,1609.24,CANCELLED,2026-05-14 15:31:41.465448
7517,839,198,1,1022.84,COMPLETED,2025-12-25 23:55:41.465448
7518,737,133,1,1159.56,COMPLETED,2025-09-20 08:39:41.465448
7519,569,46,3,34.14,COMPLETED,2026-01-17 15:22:41.465448
7520,10,101,4,7682.8,CANCELLED,2025-10-19 06:48:41.465448
7521,421,63,5,8238.3,COMPLETED,2025-11-10 20:38:41.465448
7522,374,75,5,6199.5,COMPLETED,2025-12-15 22:02:41.465448
7523,277,192,4,5005.44,COMPLETED,2026-02-12 16:58:41.465448
7524,629,133,3,3478.68,CANCELLED,2026-02-09 14:41:41.465448
7525,965,156,3,1653.09,PENDING,2026-07-16 02:11:41.465448
7526,338,57,2,2483.38,COMPLETED,2026-04-14 06:55:41.465448
7527,254,101,4,7682.8,COMPLETED,2026-04-21 19:32:41.465448
7528,489,104,1,238.97,COMPLETED,2025-09-25 00:14:41.465448
7529,197,23,5,8302.7,COMPLETED,2025-09-21 11:28:41.465448
7530,56,94,4,7663.92,COMPLETED,2025-09-13 14:44:41.465448
7531,408,154,3,3308.01,CANCELLED,2025-10-27 13:56:41.465448
7532,33,123,4,7202.56,CANCELLED,2026-04-13 01:10:41.465448
7533,569,4,5,4523.7,COMPLETED,2026-06-21 06:40:41.465448
7534,874,161,4,7604.48,COMPLETED,2025-12-18 07:07:41.465448
7535,902,199,5,2593.35,CANCELLED,2025-12-01 20:32:41.465448
7536,411,191,1,781.26,COMPLETED,2025-11-08 13:53:41.465448
7537,229,131,4,3863.12,COMPLETED,2026-02-13 15:37:41.465448
7538,228,103,4,7165.04,COMPLETED,2026-05-01 06:34:41.465448
7539,326,143,3,5323.95,CANCELLED,2026-09-05 19:46:41.465448
7540,860,196,1,1277.41,CANCELLED,2025-10-25 15:00:41.465448
7541,74,70,2,3346.1,PENDING,2026-06-11 07:26:41.465448
7542,869,39,3,5533.59,COMPLETED,2026-07-27 20:46:41.465448
7543,338,121,2,2368.82,CANCELLED,2026-06-06 08:45:41.465448
7544,413,104,2,477.94,CANCELLED,2026-03-14 18:06:41.465448
7545,305,48,5,7182.4,COMPLETED,2026-09-05 07:03:41.465448
7546,291,96,1,292.7,CANCELLED,2026-08-06 05:31:41.465448
7547,929,73,1,856.75,CANCELLED,2026-03-24 20:44:41.465448
7548,649,167,4,2896.64,COMPLETED,2026-05-22 08:23:41.465448
7549,413,76,5,1844.55,COMPLETED,2026-08-31 23:59:41.465448
7550,981,22,1,446.54,CANCELLED,2025-11-12 19:46:41.465448
7551,994,153,3,460.17,CANCELLED,2025-12-18 15:37:41.465448
7552,679,39,1,1844.53,COMPLETED,2026-04-01 08:32:41.465448
7553,822,146,1,1066.96,PENDING,2026-06-24 16:51:41.465448
7554,1,59,4,4857.0,CANCELLED,2026-04-14 15:43:41.465448
7555,628,157,4,2529.6,COMPLETED,2026-04-13 07:23:41.465448
7556,683,84,2,3701.44,COMPLETED,2026-07-07 00:14:41.465448
7557,957,187,4,3366.68,PENDING,2025-10-27 08:46:41.465448
7558,48,165,5,7134.45,COMPLETED,2026-02-20 22:46:41.465448
7559,816,135,4,1902.48,COMPLETED,2025-12-27 10:28:41.465448
7560,826,69,4,6935.28,CANCELLED,2026-03-12 19:23:41.465448
7561,583,114,4,1951.44,CANCELLED,2025-12-06 10:37:41.465448
7562,660,3,5,5467.3,COMPLETED,2026-01-19 06:22:41.465448
7563,930,113,5,9936.05,PENDING,2026-07-11 14:59:41.465448
7564,686,42,2,3579.86,COMPLETED,2026-04-21 08:59:41.465448
7565,779,71,2,3094.64,CANCELLED,2026-06-09 07:35:41.465448
7566,230,30,3,3373.8,PENDING,2026-04-07 04:14:41.465448
7567,834,154,1,1102.67,PENDING,2026-02-17 12:14:41.465448
7568,695,189,4,1544.16,COMPLETED,2025-12-08 08:37:41.465448
7569,193,94,2,3831.96,COMPLETED,2025-12-09 03:19:41.465448
7570,143,181,5,2427.65,COMPLETED,2026-06-06 23:40:41.465448
7571,236,108,4,166.12,COMPLETED,2026-06-18 13:24:41.465448
7572,607,126,2,2437.7,PENDING,2026-03-06 10:54:41.465448
7573,473,124,5,7010.8,COMPLETED,2025-09-16 08:29:41.465448
7574,247,160,2,3011.16,PENDING,2026-06-01 18:09:41.465448
7575,551,190,4,7133.56,COMPLETED,2026-03-28 20:28:41.465448
7576,507,18,3,1721.88,PENDING,2025-09-17 03:21:41.465448
7577,497,86,4,5685.0,PENDING,2026-03-02 03:32:41.465448
7578,453,196,2,2554.82,COMPLETED,2025-12-14 16:33:41.465448
7579,487,179,2,1216.48,PENDING,2026-03-09 14:06:41.465448
7580,923,178,3,2059.74,COMPLETED,2026-06-20 14:46:41.465448
7581,318,74,2,395.44,COMPLETED,2026-05-15 11:53:41.465448
7582,104,190,5,8916.95,COMPLETED,2025-10-07 11:22:41.465448
7583,897,98,1,1627.75,COMPLETED,2026-07-12 23:06:41.465448
7584,360,80,3,3916.26,COMPLETED,2025-10-18 05:55:41.465448
7585,43,130,5,9584.55,PENDING,2026-07-18 23:27:41.465448
7586,347,48,4,5745.92,COMPLETED,2026-07-19 13:33:41.465448
7587,753,131,5,4828.9,COMPLETED,2026-01-06 18:40:41.465448
7588,113,32,4,5081.36,PENDING,2026-01-20 18:07:41.465448
7589,968,79,3,948.3,COMPLETED,2026-08-08 16:24:41.465448
7590,94,28,3,5571.6,COMPLETED,2026-04-12 06:58:41.465448
7591,947,71,3,4641.96,COMPLETED,2026-05-14 17:43:41.465448
7592,49,106,2,2488.72,COMPLETED,2026-03-15 18:04:41.465448
7593,647,163,4,4758.0,PENDING,2026-02-10 18:08:41.465448
7594,292,159,5,4091.05,PENDING,2026-05-14 19:11:41.465448
7595,308,89,3,4135.89,CANCELLED,2026-05-17 07:40:41.465448
7596,262,31,4,2763.64,CANCELLED,2026-05-10 21:46:41.465448
7597,136,162,4,4975.32,COMPLETED,2025-12-31 09:25:41.465448
7598,685,111,1,756.62,COMPLETED,2025-10-26 03:07:41.465448
7599,959,135,2,951.24,PENDING,2026-05-13 13:43:41.465448
7600,433,189,5,1930.2,COMPLETED,2025-10-08 20:18:41.465448
7601,167,155,4,4052.8,COMPLETED,2025-09-22 02:55:41.465448
7602,634,9,5,1607.05,COMPLETED,2025-09-16 02:42:41.465448
7603,9,59,2,2428.5,CANCELLED,2025-11-22 14:01:41.465448
7604,371,43,5,9662.9,CANCELLED,2026-07-31 06:14:41.465448
7605,766,126,5,6094.25,PENDING,2026-09-10 19:24:41.465448
7606,747,146,3,3200.88,PENDING,2026-07-12 13:42:41.465448
7607,667,67,5,7584.95,PENDING,2025-09-30 04:59:41.465448
7608,672,196,3,3832.23,CANCELLED,2025-11-18 12:29:41.465448
7609,741,52,3,3358.41,COMPLETED,2026-08-20 20:46:41.465448
7610,666,120,4,6042.8,COMPLETED,2025-11-22 09:10:41.465448
7611,787,180,3,183.39,COMPLETED,2026-03-25 10:14:41.465448
7612,113,168,1,1267.72,CANCELLED,2026-04-13 00:30:41.465448
7613,793,52,1,1119.47,CANCELLED,2026-02-16 21:09:41.465448
7614,826,127,2,1105.68,COMPLETED,2026-07-13 05:08:41.465448
7615,350,5,5,1301.0,PENDING,2026-02-12 02:15:41.465448
7616,516,143,1,1774.65,COMPLETED,2026-05-28 06:47:41.465448
7617,852,144,2,992.2,CANCELLED,2026-06-01 01:33:41.465448
7618,670,102,1,439.03,CANCELLED,2026-06-20 14:32:41.465448
7619,181,26,2,3272.52,COMPLETED,2025-11-29 03:52:41.465448
7620,175,7,3,1959.48,COMPLETED,2026-05-27 16:22:41.465448
7621,149,111,4,3026.48,COMPLETED,2026-03-23 02:24:41.465448
7622,439,116,5,5848.05,PENDING,2026-04-07 13:30:41.465448
7623,959,167,3,2172.48,PENDING,2026-05-16 16:05:41.465448
7624,538,7,5,3265.8,COMPLETED,2026-05-03 12:57:41.465448
7625,404,131,2,1931.56,COMPLETED,2026-03-09 14:04:41.465448
7626,919,158,1,952.46,COMPLETED,2026-08-25 23:21:41.465448
7627,780,178,4,2746.32,COMPLETED,2026-05-19 13:15:41.465448
7628,946,79,2,632.2,COMPLETED,2026-08-26 11:00:41.465448
7629,519,157,1,632.4,COMPLETED,2026-03-02 06:39:41.465448
7630,852,196,4,5109.64,COMPLETED,2026-05-30 23:36:41.465448
7631,348,34,2,3944.02,COMPLETED,2026-06-12 00:07:41.465448
7632,472,140,4,5865.8,COMPLETED,2026-04-11 15:37:41.465448
7633,130,65,1,1715.95,PENDING,2025-12-08 01:06:41.465448
7634,992,97,5,8929.75,PENDING,2026-06-04 01:45:41.465448
7635,453,191,5,3906.3,PENDING,2026-01-07 18:56:41.465448
7636,395,112,3,1160.43,CANCELLED,2026-04-19 02:34:41.465448
7637,867,131,1,965.78,COMPLETED,2026-07-10 11:21:41.465448
7638,414,179,2,1216.48,CANCELLED,2026-03-16 02:09:41.465448
7639,297,159,5,4091.05,COMPLETED,2025-09-15 05:58:41.465448
7640,523,10,3,2522.91,CANCELLED,2026-04-03 18:06:41.465448
7641,465,189,5,1930.2,PENDING,2026-04-08 06:58:41.465448
7642,329,7,3,1959.48,COMPLETED,2025-12-05 22:10:41.465448
7643,737,48,1,1436.48,COMPLETED,2026-09-08 15:20:41.465448
7644,125,26,4,6545.04,CANCELLED,2026-02-19 15:04:41.465448
7645,289,16,1,1099.13,CANCELLED,2025-10-16 16:33:41.465448
7646,548,111,2,1513.24,COMPLETED,2026-09-09 21:21:41.465448
7647,938,122,2,2585.52,COMPLETED,2026-08-06 22:17:41.465448
7648,794,153,2,306.78,COMPLETED,2026-03-10 20:50:41.465448
7649,950,67,4,6067.96,CANCELLED,2026-02-25 18:12:41.465448
7650,340,34,2,3944.02,CANCELLED,2025-12-06 07:51:41.465448
7651,719,9,3,964.23,PENDING,2026-06-08 08:43:41.465448
7652,762,28,2,3714.4,CANCELLED,2025-09-17 14:04:41.465448
7653,88,147,5,9924.9,COMPLETED,2026-01-10 09:41:41.465448
7654,36,34,4,7888.04,COMPLETED,2026-02-04 22:21:41.465448
7655,345,7,5,3265.8,COMPLETED,2025-10-24 16:03:41.465448
7656,82,76,5,1844.55,COMPLETED,2026-03-13 17:18:41.465448
7657,829,160,1,1505.58,COMPLETED,2026-09-10 10:59:41.465448
7658,197,140,1,1466.45,PENDING,2026-03-02 14:21:41.465448
7659,666,78,1,22.1,COMPLETED,2025-10-26 13:13:41.465448
7660,789,170,5,5053.55,COMPLETED,2026-01-10 11:57:41.465448
7661,999,98,2,3255.5,COMPLETED,2026-04-17 12:25:41.465448
7662,876,68,4,1828.04,COMPLETED,2025-12-25 06:41:41.465448
7663,594,130,2,3833.82,COMPLETED,2025-11-10 03:58:41.465448
7664,170,77,4,5752.4,COMPLETED,2026-05-07 14:20:41.465448
7665,158,83,4,3539.44,COMPLETED,2025-09-23 06:33:41.465448
7666,34,11,5,2348.25,COMPLETED,2026-01-15 01:05:41.465448
7667,987,52,5,5597.35,PENDING,2026-05-22 07:06:41.465448
7668,916,107,5,7876.95,COMPLETED,2025-09-20 23:28:41.465448
7669,133,142,1,455.88,CANCELLED,2025-09-23 08:05:41.465448
7670,176,32,1,1270.34,COMPLETED,2026-05-03 22:52:41.465448
7671,967,4,3,2714.22,COMPLETED,2025-10-23 13:46:41.465448
7672,311,70,2,3346.1,CANCELLED,2026-06-21 15:14:41.465448
7673,612,27,5,361.4,CANCELLED,2025-10-20 04:33:41.465448
7674,135,117,2,1015.92,COMPLETED,2026-04-16 01:30:41.465448
7675,395,67,3,4550.97,COMPLETED,2026-01-28 05:27:41.465448
7676,118,21,1,1966.11,PENDING,2025-10-01 00:28:41.465448
7677,468,155,3,3039.6,COMPLETED,2025-10-15 06:52:41.465448
7678,427,119,3,2117.28,COMPLETED,2026-09-06 15:58:41.465448
7679,401,133,4,4638.24,COMPLETED,2026-08-12 01:17:41.465448
7680,186,47,4,1164.08,COMPLETED,2026-02-15 15:16:41.465448
7681,419,195,2,3298.26,COMPLETED,2026-02-04 03:39:41.465448
7682,375,196,1,1277.41,COMPLETED,2026-03-04 10:50:41.465448
7683,802,154,1,1102.67,COMPLETED,2025-09-15 13:42:41.465448
7684,550,94,4,7663.92,CANCELLED,2026-06-07 00:43:41.465448
7685,728,28,4,7428.8,PENDING,2026-03-21 04:14:41.465448
7686,760,120,2,3021.4,COMPLETED,2026-07-23 10:18:41.465448
7687,521,101,5,9603.5,COMPLETED,2025-09-15 10:19:41.465448
7688,114,44,1,1640.3,PENDING,2026-06-30 16:39:41.465448
7689,227,20,1,1375.48,PENDING,2026-08-01 16:05:41.465448
7690,191,117,3,1523.88,COMPLETED,2025-12-13 00:15:41.465448
7691,250,193,4,4160.84,COMPLETED,2026-03-13 08:16:41.465448
7692,860,64,4,3434.76,COMPLETED,2026-05-23 12:08:41.465448
7693,345,89,1,1378.63,COMPLETED,2026-07-06 15:04:41.465448
7694,933,39,2,3689.06,COMPLETED,2026-04-07 06:13:41.465448
7695,415,125,2,1561.94,COMPLETED,2026-01-10 20:41:41.465448
7696,579,187,2,1683.34,COMPLETED,2026-07-13 23:54:41.465448
7697,738,140,4,5865.8,CANCELLED,2026-06-01 15:11:41.465448
7698,770,69,4,6935.28,COMPLETED,2026-07-30 19:33:41.465448
7699,386,144,2,992.2,PENDING,2025-11-11 17:32:41.465448
7700,148,78,3,66.3,CANCELLED,2025-09-18 15:58:41.465448
7701,966,72,5,1677.9,CANCELLED,2026-01-09 11:41:41.465448
7702,225,142,2,911.76,COMPLETED,2026-03-20 20:43:41.465448
7703,444,1,5,7840.4,PENDING,2025-09-26 03:48:41.465448
7704,135,142,4,1823.52,COMPLETED,2025-12-16 18:38:41.465448
7705,239,124,3,4206.48,COMPLETED,2026-01-21 23:09:41.465448
7706,487,156,2,1102.06,PENDING,2026-09-10 08:46:41.465448
7707,831,103,5,8956.3,COMPLETED,2026-07-31 19:46:41.465448
7708,129,126,1,1218.85,COMPLETED,2025-09-24 16:12:41.465448
7709,822,3,1,1093.46,PENDING,2025-12-28 05:43:41.465448
7710,508,139,5,6170.2,COMPLETED,2026-02-13 01:05:41.465448
7711,330,128,2,830.78,COMPLETED,2026-01-06 10:54:41.465448
7712,19,150,4,5193.2,COMPLETED,2025-10-13 18:53:41.465448
7713,307,19,4,2102.72,COMPLETED,2026-04-27 22:03:41.465448
7714,153,138,1,1498.05,PENDING,2026-01-23 20:59:41.465448
7715,960,173,1,1268.07,PENDING,2026-06-14 10:11:41.465448
7716,237,178,1,686.58,CANCELLED,2025-12-27 14:32:41.465448
7717,8,197,1,1066.92,COMPLETED,2025-12-27 04:37:41.465448
7718,801,75,5,6199.5,COMPLETED,2026-09-04 04:25:41.465448
7719,585,141,5,809.95,PENDING,2026-03-21 07:31:41.465448
7720,28,76,3,1106.73,COMPLETED,2026-04-24 11:27:41.465448
7721,102,74,3,593.16,CANCELLED,2026-03-11 04:58:41.465448
7722,281,136,2,113.06,COMPLETED,2026-06-28 00:23:41.465448
7723,424,187,4,3366.68,COMPLETED,2026-02-23 20:34:41.465448
7724,560,94,5,9579.9,PENDING,2026-04-18 10:49:41.465448
7725,137,34,1,1972.01,CANCELLED,2026-03-03 15:23:41.465448
7726,277,149,4,6131.64,PENDING,2025-12-17 02:37:41.465448
7727,901,32,2,2540.68,CANCELLED,2026-08-20 13:21:41.465448
7728,352,188,5,562.8,COMPLETED,2026-07-23 20:23:41.465448
7729,681,87,4,2403.84,CANCELLED,2026-06-18 09:48:41.465448
7730,222,30,3,3373.8,COMPLETED,2026-08-12 18:39:41.465448
7731,417,174,2,1917.1,COMPLETED,2026-01-26 10:06:41.465448
7732,242,47,5,1455.1,CANCELLED,2026-02-10 06:33:41.465448
7733,493,53,2,2818.56,COMPLETED,2026-02-11 01:45:41.465448
7734,559,81,3,4084.2,PENDING,2026-04-04 17:25:41.465448
7735,493,158,2,1904.92,COMPLETED,2026-06-16 19:08:41.465448
7736,897,131,5,4828.9,COMPLETED,2025-09-24 07:51:41.465448
7737,542,155,1,1013.2,CANCELLED,2026-07-06 06:25:41.465448
7738,5,173,3,3804.21,COMPLETED,2026-08-17 00:19:41.465448
7739,581,174,5,4792.75,COMPLETED,2025-12-11 13:26:41.465448
7740,518,2,5,7590.4,COMPLETED,2025-09-19 23:59:41.465448
7741,84,94,1,1915.98,CANCELLED,2026-03-15 00:43:41.465448
7742,10,188,1,112.56,COMPLETED,2026-03-29 21:48:41.465448
7743,601,123,2,3601.28,CANCELLED,2026-04-11 20:11:41.465448
7744,726,60,4,7507.2,COMPLETED,2026-06-25 03:27:41.465448
7745,721,22,4,1786.16,PENDING,2026-07-17 14:05:41.465448
7746,66,99,3,2473.8,CANCELLED,2026-06-19 20:33:41.465448
7747,909,180,1,61.13,COMPLETED,2026-04-19 04:47:41.465448
7748,907,123,2,3601.28,PENDING,2025-12-18 04:26:41.465448
7749,998,112,2,773.62,COMPLETED,2026-02-09 10:37:41.465448
7750,857,114,4,1951.44,PENDING,2026-05-05 21:17:41.465448
7751,559,112,2,773.62,CANCELLED,2026-07-21 22:55:41.465448
7752,216,63,1,1647.66,PENDING,2026-05-16 15:32:41.465448
7753,988,87,5,3004.8,COMPLETED,2026-03-22 16:05:41.465448
7754,176,111,4,3026.48,COMPLETED,2025-12-03 23:06:41.465448
7755,902,173,2,2536.14,PENDING,2026-03-29 09:21:41.465448
7756,425,42,2,3579.86,CANCELLED,2026-08-07 03:57:41.465448
7757,777,158,1,952.46,COMPLETED,2026-08-18 05:24:41.465448
7758,370,186,3,1524.27,PENDING,2026-06-14 09:44:41.465448
7759,650,120,2,3021.4,COMPLETED,2025-09-24 16:23:41.465448
7760,460,116,2,2339.22,CANCELLED,2025-11-30 13:57:41.465448
7761,403,34,2,3944.02,COMPLETED,2026-07-28 00:50:41.465448
7762,170,12,4,6712.64,PENDING,2025-12-26 09:16:41.465448
7763,88,154,2,2205.34,COMPLETED,2026-05-21 17:56:41.465448
7764,156,92,5,1717.7,COMPLETED,2026-01-07 19:29:41.465448
7765,745,168,4,5070.88,COMPLETED,2026-04-12 11:48:41.465448
7766,185,114,5,2439.3,COMPLETED,2025-12-12 13:25:41.465448
7767,920,166,3,1086.39,COMPLETED,2025-09-14 00:00:41.465448
7768,245,77,3,4314.3,COMPLETED,2025-10-16 11:00:41.465448
7769,419,86,4,5685.0,COMPLETED,2026-08-08 03:22:41.465448
7770,272,168,2,2535.44,COMPLETED,2026-06-04 17:27:41.465448
7771,433,30,1,1124.6,COMPLETED,2025-11-14 15:46:41.465448
7772,361,158,2,1904.92,CANCELLED,2026-06-10 11:49:41.465448
7773,724,158,4,3809.84,PENDING,2025-12-19 13:00:41.465448
7774,859,72,3,1006.74,COMPLETED,2025-10-15 09:09:41.465448
7775,415,107,4,6301.56,COMPLETED,2026-04-05 05:43:41.465448
7776,176,17,4,3696.72,PENDING,2025-12-07 13:58:41.465448
7777,606,162,5,6219.15,PENDING,2026-04-03 00:50:41.465448
7778,920,6,4,3254.04,CANCELLED,2026-01-29 02:53:41.465448
7779,186,6,5,4067.55,COMPLETED,2025-12-25 23:00:41.465448
7780,148,83,5,4424.3,PENDING,2026-05-25 08:04:41.465448
7781,919,68,5,2285.05,COMPLETED,2026-07-18 12:45:41.465448
7782,895,87,5,3004.8,COMPLETED,2026-02-14 11:34:41.465448
7783,800,173,2,2536.14,COMPLETED,2025-11-24 10:24:41.465448
7784,701,108,1,41.53,COMPLETED,2025-10-16 09:52:41.465448
7785,721,136,5,282.65,CANCELLED,2026-06-21 13:50:41.465448
7786,486,83,2,1769.72,PENDING,2025-11-28 07:52:41.465448
7787,113,27,2,144.56,COMPLETED,2025-12-31 19:36:41.465448
7788,237,72,3,1006.74,COMPLETED,2026-01-11 21:55:41.465448
7789,54,33,5,2749.05,COMPLETED,2026-08-27 17:42:41.465448
7790,828,29,5,9946.6,COMPLETED,2025-10-04 11:10:41.465448
7791,643,11,5,2348.25,COMPLETED,2025-11-08 16:13:41.465448
7792,195,34,1,1972.01,PENDING,2026-05-01 15:06:41.465448
7793,616,40,4,3690.48,COMPLETED,2026-02-03 14:36:41.465448
7794,839,111,4,3026.48,PENDING,2025-12-16 07:21:41.465448
7795,668,198,3,3068.52,CANCELLED,2025-10-19 19:01:41.465448
7796,870,107,3,4726.17,PENDING,2025-12-27 21:22:41.465448
7797,974,102,5,2195.15,COMPLETED,2026-03-18 05:12:41.465448
7798,560,178,4,2746.32,COMPLETED,2025-12-13 06:05:41.465448
7799,531,2,3,4554.24,PENDING,2026-04-13 09:37:41.465448
7800,807,34,3,5916.03,COMPLETED,2026-05-28 14:24:41.465448
7801,184,187,3,2525.01,COMPLETED,2026-04-06 01:41:41.465448
7802,929,42,2,3579.86,CANCELLED,2026-04-30 20:05:41.465448
7803,174,71,5,7736.6,CANCELLED,2026-09-07 20:28:41.465448
7804,676,150,3,3894.9,COMPLETED,2025-10-06 08:01:41.465448
7805,134,83,3,2654.58,COMPLETED,2025-10-09 01:38:41.465448
7806,467,9,1,321.41,COMPLETED,2026-04-16 23:22:41.465448
7807,948,122,4,5171.04,COMPLETED,2026-06-23 09:56:41.465448
7808,264,181,2,971.06,COMPLETED,2025-11-02 20:18:41.465448
7809,321,169,2,3690.68,COMPLETED,2026-07-19 14:40:41.465448
7810,540,39,5,9222.65,COMPLETED,2025-10-03 18:18:41.465448
7811,83,25,4,6124.44,COMPLETED,2026-07-29 08:23:41.465448
7812,559,92,2,687.08,CANCELLED,2026-07-12 18:06:41.465448
7813,362,146,2,2133.92,COMPLETED,2025-10-23 09:32:41.465448
7814,699,84,4,7402.88,COMPLETED,2026-01-03 01:46:41.465448
7815,414,155,3,3039.6,PENDING,2026-03-09 13:01:41.465448
7816,546,162,5,6219.15,COMPLETED,2026-07-20 00:38:41.465448
7817,943,108,4,166.12,COMPLETED,2026-03-23 11:51:41.465448
7818,60,143,2,3549.3,PENDING,2026-05-15 07:21:41.465448
7819,958,180,3,183.39,COMPLETED,2025-10-06 18:39:41.465448
7820,184,124,1,1402.16,COMPLETED,2025-11-29 11:50:41.465448
7821,128,167,1,724.16,COMPLETED,2026-05-25 05:30:41.465448
7822,1000,10,5,4204.85,PENDING,2026-02-16 00:40:41.465448
7823,736,72,4,1342.32,COMPLETED,2025-10-22 06:41:41.465448
7824,473,65,1,1715.95,COMPLETED,2026-05-25 04:31:41.465448
7825,717,103,5,8956.3,PENDING,2025-11-22 22:05:41.465448
7826,318,156,2,1102.06,COMPLETED,2026-09-09 23:53:41.465448
7827,963,14,5,3604.65,COMPLETED,2026-08-20 16:33:41.465448
7828,88,71,5,7736.6,PENDING,2026-02-22 01:04:41.465448
7829,519,176,4,2416.4,CANCELLED,2026-04-06 10:10:41.465448
7830,100,70,1,1673.05,COMPLETED,2025-11-23 13:15:41.465448
7831,314,62,4,7664.84,COMPLETED,2025-09-12 19:28:41.465448
7832,377,17,4,3696.72,PENDING,2026-05-22 23:08:41.465448
7833,686,173,2,2536.14,CANCELLED,2026-05-14 13:16:41.465448
7834,253,107,4,6301.56,CANCELLED,2025-11-10 03:11:41.465448
7835,916,83,1,884.86,PENDING,2026-01-15 16:06:41.465448
7836,494,19,4,2102.72,PENDING,2025-12-26 22:21:41.465448
7837,869,34,4,7888.04,PENDING,2025-11-13 20:49:41.465448
7838,91,179,4,2432.96,COMPLETED,2026-01-26 23:10:41.465448
7839,424,132,5,794.4,COMPLETED,2025-09-16 14:21:41.465448
7840,364,57,3,3725.07,COMPLETED,2026-03-29 20:13:41.465448
7841,792,24,2,2700.6,COMPLETED,2026-07-20 20:43:41.465448
7842,181,187,1,841.67,COMPLETED,2026-02-16 19:03:41.465448
7843,905,36,1,901.38,COMPLETED,2026-06-30 13:29:41.465448
7844,753,28,2,3714.4,COMPLETED,2025-12-08 15:06:41.465448
7845,373,10,4,3363.88,CANCELLED,2025-10-08 02:00:41.465448
7846,552,93,1,1026.6,CANCELLED,2026-01-11 15:29:41.465448
7847,566,168,3,3803.16,PENDING,2026-01-13 01:26:41.465448
7848,37,77,2,2876.2,COMPLETED,2026-04-25 16:40:41.465448
7849,240,132,4,635.52,COMPLETED,2026-03-20 15:51:41.465448
7850,503,161,1,1901.12,COMPLETED,2026-06-03 20:35:41.465448
7851,995,117,2,1015.92,COMPLETED,2026-05-15 23:55:41.465448
7852,694,40,2,1845.24,COMPLETED,2026-08-02 02:28:41.465448
7853,821,70,5,8365.25,PENDING,2025-11-19 03:56:41.465448
7854,29,7,4,2612.64,PENDING,2026-03-18 14:18:41.465448
7855,525,155,3,3039.6,CANCELLED,2026-03-19 10:17:41.465448
7856,771,24,3,4050.9,COMPLETED,2026-03-16 20:48:41.465448
7857,545,96,3,878.1,CANCELLED,2026-03-10 12:57:41.465448
7858,648,151,3,650.1,COMPLETED,2026-04-02 23:19:41.465448
7859,193,73,1,856.75,PENDING,2026-05-16 18:30:41.465448
7860,973,149,4,6131.64,COMPLETED,2026-08-14 19:31:41.465448
7861,787,136,1,56.53,COMPLETED,2025-09-30 11:06:41.465448
7862,803,29,2,3978.64,COMPLETED,2025-11-19 20:05:41.465448
7863,7,51,3,5226.84,COMPLETED,2026-02-01 08:45:41.465448
7864,39,114,1,487.86,PENDING,2026-06-16 23:09:41.465448
7865,674,38,5,6653.0,COMPLETED,2026-03-26 14:52:41.465448
7866,118,77,3,4314.3,CANCELLED,2026-02-26 10:34:41.465448
7867,256,159,5,4091.05,COMPLETED,2026-03-25 20:28:41.465448
7868,515,186,1,508.09,COMPLETED,2025-11-14 12:59:41.465448
7869,858,37,4,5867.12,COMPLETED,2025-11-12 07:40:41.465448
7870,66,152,1,584.63,COMPLETED,2025-12-01 19:42:41.465448
7871,311,33,3,1649.43,COMPLETED,2026-08-07 16:51:41.465448
7872,233,90,1,140.22,COMPLETED,2026-08-12 10:56:41.465448
7873,953,27,5,361.4,COMPLETED,2026-07-12 04:50:41.465448
7874,692,68,3,1371.03,COMPLETED,2026-07-08 21:49:41.465448
7875,867,144,4,1984.4,COMPLETED,2025-11-30 05:39:41.465448
7876,600,34,3,5916.03,COMPLETED,2026-09-05 09:36:41.465448
7877,984,173,5,6340.35,PENDING,2026-05-16 01:11:41.465448
7878,415,13,1,1674.08,COMPLETED,2026-01-15 11:40:41.465448
7879,363,140,3,4399.35,PENDING,2026-02-23 08:43:41.465448
7880,146,36,4,3605.52,COMPLETED,2026-01-15 22:30:41.465448
7881,852,42,5,8949.65,PENDING,2026-02-19 17:55:41.465448
7882,78,80,2,2610.84,PENDING,2026-08-19 10:17:41.465448
7883,405,52,4,4477.88,COMPLETED,2026-07-19 17:57:41.465448
7884,424,115,2,3698.2,COMPLETED,2026-08-22 01:44:41.465448
7885,870,119,5,3528.8,CANCELLED,2026-02-07 02:01:41.465448
7886,446,130,3,5750.73,PENDING,2026-03-16 05:55:41.465448
7887,809,84,1,1850.72,CANCELLED,2026-05-23 15:39:41.465448
7888,593,115,3,5547.3,CANCELLED,2026-02-24 01:29:41.465448
7889,267,16,3,3297.39,CANCELLED,2025-12-16 21:45:41.465448
7890,524,16,2,2198.26,COMPLETED,2026-01-11 03:55:41.465448
7891,612,101,5,9603.5,CANCELLED,2025-10-26 11:48:41.465448
7892,45,93,5,5133.0,PENDING,2026-03-30 20:02:41.465448
7893,525,122,3,3878.28,COMPLETED,2026-03-02 17:11:41.465448
7894,832,44,2,3280.6,COMPLETED,2025-11-10 07:22:41.465448
7895,889,179,5,3041.2,CANCELLED,2025-09-29 19:30:41.465448
7896,479,20,3,4126.44,COMPLETED,2026-07-03 06:49:41.465448
7897,561,52,4,4477.88,COMPLETED,2025-11-15 18:15:41.465448
7898,8,120,2,3021.4,COMPLETED,2026-07-23 18:19:41.465448
7899,755,95,1,1715.94,COMPLETED,2025-12-04 05:45:41.465448
7900,773,94,4,7663.92,CANCELLED,2026-04-12 18:13:41.465448
7901,31,89,5,6893.15,CANCELLED,2026-01-24 05:44:41.465448
7902,993,57,2,2483.38,PENDING,2025-09-17 04:19:41.465448
7903,507,114,3,1463.58,CANCELLED,2026-08-18 14:08:41.465448
7904,219,82,5,8572.85,CANCELLED,2026-06-07 18:16:41.465448
7905,194,189,1,386.04,COMPLETED,2026-05-14 09:32:41.465448
7906,245,47,3,873.06,COMPLETED,2026-03-03 09:18:41.465448
7907,3,175,5,928.05,COMPLETED,2025-11-17 22:26:41.465448
7908,972,1,5,7840.4,COMPLETED,2026-01-11 02:10:41.465448
7909,445,38,5,6653.0,COMPLETED,2026-02-15 03:36:41.465448
7910,120,124,4,5608.64,COMPLETED,2025-11-08 03:54:41.465448
7911,788,34,1,1972.01,COMPLETED,2026-04-15 18:12:41.465448
7912,974,52,3,3358.41,COMPLETED,2025-10-30 12:15:41.465448
7913,774,189,1,386.04,CANCELLED,2026-07-10 06:09:41.465448
7914,199,69,1,1733.82,CANCELLED,2026-04-22 11:07:41.465448
7915,530,26,4,6545.04,COMPLETED,2025-12-19 09:34:41.465448
7916,323,186,5,2540.45,PENDING,2026-01-14 09:37:41.465448
7917,640,123,5,9003.2,CANCELLED,2025-11-05 01:52:41.465448
7918,746,23,1,1660.54,PENDING,2026-01-12 09:38:41.465448
7919,890,106,4,4977.44,PENDING,2026-06-09 04:36:41.465448
7920,750,18,3,1721.88,COMPLETED,2026-07-01 13:28:41.465448
7921,14,20,4,5501.92,COMPLETED,2026-05-11 13:27:41.465448
7922,756,26,5,8181.3,CANCELLED,2026-02-14 06:59:41.465448
7923,523,12,3,5034.48,PENDING,2026-03-29 08:01:41.465448
7924,672,32,2,2540.68,PENDING,2025-10-09 06:30:41.465448
7925,630,92,1,343.54,COMPLETED,2026-03-16 23:02:41.465448
7926,713,138,5,7490.25,COMPLETED,2025-11-29 01:34:41.465448
7927,634,154,1,1102.67,PENDING,2025-12-21 16:05:41.465448
7928,682,80,5,6527.1,COMPLETED,2025-09-27 16:56:41.465448
7929,342,186,5,2540.45,COMPLETED,2026-04-13 09:14:41.465448
7930,294,169,3,5536.02,COMPLETED,2026-04-10 04:04:41.465448
7931,776,81,2,2722.8,PENDING,2025-12-19 14:31:41.465448
7932,20,185,1,751.74,COMPLETED,2026-03-18 19:57:41.465448
7933,127,127,1,552.84,COMPLETED,2026-07-09 17:09:41.465448
7934,189,37,5,7333.9,PENDING,2026-06-19 15:44:41.465448
7935,586,17,3,2772.54,COMPLETED,2026-07-30 13:12:41.465448
7936,266,97,4,7143.8,COMPLETED,2026-05-17 00:34:41.465448
7937,757,16,1,1099.13,PENDING,2026-08-10 08:51:41.465448
7938,34,106,1,1244.36,COMPLETED,2025-11-26 07:24:41.465448
7939,479,13,3,5022.24,COMPLETED,2026-07-29 05:06:41.465448
7940,895,3,5,5467.3,COMPLETED,2026-03-07 09:42:41.465448
7941,335,96,2,585.4,CANCELLED,2026-08-14 12:49:41.465448
7942,983,25,2,3062.22,COMPLETED,2026-03-22 23:06:41.465448
7943,101,1,1,1568.08,CANCELLED,2026-08-27 01:29:41.465448
7944,956,54,2,805.4,PENDING,2026-08-16 16:55:41.465448
7945,931,175,4,742.44,COMPLETED,2026-04-20 04:50:41.465448
7946,978,143,1,1774.65,COMPLETED,2025-10-13 02:46:41.465448
7947,558,135,1,475.62,COMPLETED,2026-04-28 19:09:41.465448
7948,246,30,1,1124.6,CANCELLED,2025-09-21 09:02:41.465448
7949,417,1,4,6272.32,PENDING,2026-03-16 21:46:41.465448
7950,381,200,5,5390.7,COMPLETED,2026-02-02 11:38:41.465448
7951,606,187,2,1683.34,COMPLETED,2026-05-28 10:56:41.465448
7952,279,159,2,1636.42,COMPLETED,2026-04-18 14:04:41.465448
7953,900,58,4,6436.96,COMPLETED,2025-12-16 10:27:41.465448
7954,120,74,5,988.6,COMPLETED,2025-11-08 00:20:41.465448
7955,989,38,1,1330.6,COMPLETED,2026-07-04 00:35:41.465448
7956,361,92,3,1030.62,COMPLETED,2026-05-20 13:26:41.465448
7957,508,118,1,1551.19,PENDING,2026-08-12 17:56:41.465448
7958,173,12,5,8390.8,COMPLETED,2026-01-09 12:30:41.465448
7959,86,30,5,5623.0,PENDING,2026-04-25 07:12:41.465448
7960,672,74,1,197.72,COMPLETED,2026-07-20 06:59:41.465448
7961,224,61,2,2941.92,COMPLETED,2025-11-26 23:38:41.465448
7962,119,55,2,2379.94,COMPLETED,2025-12-17 12:04:41.465448
7963,232,100,2,268.08,COMPLETED,2025-10-21 12:15:41.465448
7964,361,117,2,1015.92,COMPLETED,2025-12-18 08:15:41.465448
7965,961,60,3,5630.4,COMPLETED,2026-07-27 19:49:41.465448
7966,179,148,3,1634.37,PENDING,2025-12-25 02:09:41.465448
7967,699,27,4,289.12,CANCELLED,2026-05-22 16:17:41.465448
7968,290,150,4,5193.2,COMPLETED,2026-04-25 18:08:41.465448
7969,108,187,2,1683.34,COMPLETED,2025-12-14 13:45:41.465448
7970,280,122,5,6463.8,COMPLETED,2025-11-03 11:59:41.465448
7971,576,43,5,9662.9,PENDING,2025-11-01 23:37:41.465448
7972,796,34,5,9860.05,PENDING,2025-11-12 15:03:41.465448
7973,775,3,2,2186.92,COMPLETED,2026-01-25 23:49:41.465448
7974,652,183,2,758.52,CANCELLED,2026-08-08 19:30:41.465448
7975,850,126,3,3656.55,COMPLETED,2026-07-30 09:28:41.465448
7976,643,135,4,1902.48,PENDING,2026-06-19 01:05:41.465448
7977,428,197,3,3200.76,CANCELLED,2025-12-14 17:37:41.465448
7978,283,90,3,420.66,CANCELLED,2026-02-17 18:27:41.465448
7979,550,146,3,3200.88,PENDING,2026-02-04 16:45:41.465448
7980,549,159,2,1636.42,COMPLETED,2026-04-14 15:58:41.465448
7981,842,15,2,2404.64,COMPLETED,2025-10-01 19:08:41.465448
7982,53,66,4,1865.4,COMPLETED,2026-02-24 12:05:41.465448
7983,562,15,1,1202.32,PENDING,2026-03-19 16:51:41.465448
7984,126,6,3,2440.53,CANCELLED,2026-02-28 18:03:41.465448
7985,496,25,3,4593.33,CANCELLED,2025-12-12 22:33:41.465448
7986,689,35,5,3057.7,CANCELLED,2026-06-12 05:02:41.465448
7987,442,12,5,8390.8,COMPLETED,2025-10-29 02:05:41.465448
7988,325,35,3,1834.62,COMPLETED,2026-07-28 07:47:41.465448
7989,809,190,1,1783.39,COMPLETED,2026-02-28 07:47:41.465448
7990,432,12,3,5034.48,COMPLETED,2026-08-08 22:07:41.465448
7991,823,144,5,2480.5,COMPLETED,2026-03-04 16:57:41.465448
7992,748,121,5,5922.05,COMPLETED,2026-03-14 19:15:41.465448
7993,447,11,1,469.65,COMPLETED,2026-09-06 23:19:41.465448
7994,445,94,3,5747.94,PENDING,2026-04-26 14:27:41.465448
7995,836,42,4,7159.72,COMPLETED,2026-01-22 15:13:41.465448
7996,781,3,3,3280.38,COMPLETED,2026-01-19 05:13:41.465448
7997,408,174,4,3834.2,CANCELLED,2025-12-07 01:04:41.465448
7998,450,76,3,1106.73,COMPLETED,2026-03-31 01:55:41.465448
7999,491,148,4,2179.16,COMPLETED,2026-07-15 21:59:41.465448
8000,87,89,3,4135.89,CANCELLED,2026-01-26 13:00:41.465448
8001,721,62,5,9581.05,PENDING,2025-10-12 16:33:41.465448
8002,710,31,4,2763.64,CANCELLED,2025-09-23 18:57:41.465448
8003,175,175,1,185.61,PENDING,2025-10-08 17:26:41.465448
8004,409,18,1,573.96,PENDING,2026-03-17 00:30:41.465448
8005,680,154,2,2205.34,COMPLETED,2025-12-12 18:09:41.465448
8006,345,63,2,3295.32,PENDING,2025-10-21 12:39:41.465448
8007,692,63,5,8238.3,COMPLETED,2026-06-22 21:43:41.465448
8008,856,58,2,3218.48,CANCELLED,2026-07-21 11:34:41.465448
8009,205,116,3,3508.83,COMPLETED,2025-10-04 22:45:41.465448
8010,884,17,4,3696.72,COMPLETED,2026-08-03 04:29:41.465448
8011,309,28,4,7428.8,COMPLETED,2025-09-15 16:47:41.465448
8012,700,188,1,112.56,COMPLETED,2025-11-20 16:32:41.465448
8013,745,60,2,3753.6,COMPLETED,2026-08-07 02:39:41.465448
8014,570,154,3,3308.01,PENDING,2025-11-16 11:17:41.465448
8015,307,191,5,3906.3,COMPLETED,2025-09-22 08:27:41.465448
8016,349,48,2,2872.96,COMPLETED,2026-02-22 14:58:41.465448
8017,81,44,5,8201.5,COMPLETED,2026-08-03 01:25:41.465448
8018,124,182,4,4076.48,COMPLETED,2026-08-24 22:01:41.465448
8019,134,22,4,1786.16,COMPLETED,2026-05-16 06:25:41.465448
8020,403,186,1,508.09,CANCELLED,2026-06-25 10:20:41.465448
8021,932,13,4,6696.32,COMPLETED,2026-06-29 14:46:41.465448
8022,671,162,2,2487.66,COMPLETED,2026-01-17 20:11:41.465448
8023,632,2,2,3036.16,COMPLETED,2026-04-10 22:29:41.465448
8024,148,193,5,5201.05,PENDING,2026-04-14 11:10:41.465448
8025,737,85,5,4978.6,CANCELLED,2026-06-05 16:26:41.465448
8026,558,115,3,5547.3,CANCELLED,2026-06-05 11:07:41.465448
8027,507,119,1,705.76,COMPLETED,2026-05-06 07:22:41.465448
8028,943,186,5,2540.45,COMPLETED,2025-10-12 16:25:41.465448
8029,107,60,5,9384.0,COMPLETED,2025-10-08 21:54:41.465448
8030,385,6,5,4067.55,CANCELLED,2026-01-02 19:57:41.465448
8031,158,3,2,2186.92,COMPLETED,2026-03-13 20:16:41.465448
8032,714,33,2,1099.62,PENDING,2026-08-22 12:31:41.465448
8033,959,79,1,316.1,COMPLETED,2026-08-11 18:06:41.465448
8034,650,15,4,4809.28,CANCELLED,2025-12-09 07:43:41.465448
8035,423,169,4,7381.36,CANCELLED,2025-11-09 14:20:41.465448
8036,413,76,3,1106.73,CANCELLED,2025-12-26 14:14:41.465448
8037,267,159,3,2454.63,COMPLETED,2026-08-08 19:50:41.465448
8038,560,151,4,866.8,COMPLETED,2025-11-23 10:16:41.465448
8039,735,140,3,4399.35,PENDING,2026-02-03 07:49:41.465448
8040,939,3,4,4373.84,CANCELLED,2026-05-06 12:06:41.465448
8041,39,149,3,4598.73,COMPLETED,2026-02-28 20:53:41.465448
8042,643,97,5,8929.75,CANCELLED,2025-12-04 23:21:41.465448
8043,331,46,1,11.38,CANCELLED,2026-02-15 20:40:41.465448
8044,224,189,2,772.08,COMPLETED,2026-06-17 03:01:41.465448
8045,785,69,3,5201.46,CANCELLED,2025-11-12 12:08:41.465448
8046,31,62,1,1916.21,COMPLETED,2026-05-14 14:18:41.465448
8047,771,26,5,8181.3,CANCELLED,2026-02-17 23:24:41.465448
8048,638,149,4,6131.64,PENDING,2025-10-11 06:19:41.465448
8049,809,21,2,3932.22,PENDING,2026-07-27 04:01:41.465448
8050,400,80,1,1305.42,CANCELLED,2026-07-01 03:30:41.465448
8051,949,37,2,2933.56,COMPLETED,2026-04-10 16:17:41.465448
8052,613,40,5,4613.1,COMPLETED,2026-03-03 17:21:41.465448
8053,272,31,2,1381.82,CANCELLED,2026-04-21 02:05:41.465448
8054,59,192,5,6256.8,CANCELLED,2026-07-20 19:58:41.465448
8055,922,180,5,305.65,COMPLETED,2026-01-18 12:14:41.465448
8056,332,159,4,3272.84,PENDING,2025-11-21 06:23:41.465448
8057,928,75,2,2479.8,CANCELLED,2025-12-14 04:53:41.465448
8058,942,22,5,2232.7,CANCELLED,2026-03-31 23:47:41.465448
8059,281,59,1,1214.25,PENDING,2026-06-16 17:26:41.465448
8060,698,32,3,3811.02,COMPLETED,2025-11-10 14:23:41.465448
8061,504,25,2,3062.22,CANCELLED,2026-04-25 02:08:41.465448
8062,916,71,2,3094.64,COMPLETED,2025-10-23 08:50:41.465448
8063,71,43,5,9662.9,PENDING,2026-07-01 02:53:41.465448
8064,476,93,2,2053.2,COMPLETED,2026-04-24 14:18:41.465448
8065,913,139,5,6170.2,CANCELLED,2025-11-23 05:19:41.465448
8066,96,77,5,7190.5,PENDING,2026-08-01 13:01:41.465448
8067,595,54,4,1610.8,CANCELLED,2026-03-22 07:38:41.465448
8068,170,56,5,8816.1,CANCELLED,2026-03-26 11:00:41.465448
8069,626,50,4,3838.44,COMPLETED,2026-01-22 02:32:41.465448
8070,262,63,5,8238.3,COMPLETED,2025-10-22 01:22:41.465448
8071,985,26,3,4908.78,PENDING,2026-02-05 05:16:41.465448
8072,794,45,1,737.39,COMPLETED,2025-12-28 20:03:41.465448
8073,343,25,1,1531.11,CANCELLED,2026-07-23 23:25:41.465448
8074,452,103,2,3582.52,PENDING,2025-09-15 13:45:41.465448
8075,142,64,4,3434.76,PENDING,2025-09-27 02:01:41.465448
8076,155,117,3,1523.88,COMPLETED,2026-03-30 18:23:41.465448
8077,847,97,2,3571.9,CANCELLED,2025-10-20 05:31:41.465448
8078,730,34,2,3944.02,PENDING,2025-11-08 07:00:41.465448
8079,127,153,5,766.95,COMPLETED,2025-09-21 11:07:41.465448
8080,978,123,5,9003.2,COMPLETED,2026-02-10 18:34:41.465448
8081,91,146,2,2133.92,COMPLETED,2026-03-04 03:30:41.465448
8082,511,191,2,1562.52,COMPLETED,2026-03-13 17:55:41.465448
8083,958,50,2,1919.22,CANCELLED,2026-01-01 18:37:41.465448
8084,336,178,5,3432.9,PENDING,2025-12-30 15:28:41.465448
8085,709,21,2,3932.22,PENDING,2026-06-06 20:18:41.465448
8086,116,89,3,4135.89,COMPLETED,2026-01-07 18:59:41.465448
8087,199,5,2,520.4,COMPLETED,2026-05-25 19:59:41.465448
8088,432,87,3,1802.88,PENDING,2025-11-14 23:26:41.465448
8089,776,37,3,4400.34,CANCELLED,2026-09-05 05:53:41.465448
8090,503,142,5,2279.4,CANCELLED,2026-07-27 00:12:41.465448
8091,907,158,1,952.46,COMPLETED,2026-08-02 13:00:41.465448
8092,938,99,2,1649.2,PENDING,2025-10-27 20:44:41.465448
8093,598,198,2,2045.68,COMPLETED,2026-09-12 10:36:41.465448
8094,651,68,3,1371.03,COMPLETED,2026-08-21 11:48:41.465448
8095,242,83,3,2654.58,COMPLETED,2026-02-17 09:50:41.465448
8096,721,75,5,6199.5,COMPLETED,2026-06-20 08:45:41.465448
8097,271,47,5,1455.1,COMPLETED,2026-06-23 04:04:41.465448
8098,14,58,2,3218.48,PENDING,2025-09-19 12:09:41.465448
8099,576,170,2,2021.42,PENDING,2026-01-30 13:08:41.465448
8100,112,173,3,3804.21,COMPLETED,2025-09-23 16:32:41.465448
8101,265,52,4,4477.88,PENDING,2026-07-28 08:36:41.465448
8102,379,88,1,360.98,COMPLETED,2026-08-01 20:06:41.465448
8103,460,188,1,112.56,COMPLETED,2026-02-09 00:00:41.465448
8104,212,138,3,4494.15,COMPLETED,2026-02-15 15:19:41.465448
8105,290,161,5,9505.6,COMPLETED,2025-10-11 20:21:41.465448
8106,866,190,4,7133.56,PENDING,2026-04-27 17:24:41.465448
8107,351,63,5,8238.3,COMPLETED,2026-03-24 02:14:41.465448
8108,655,120,5,7553.5,PENDING,2026-07-19 20:03:41.465448
8109,50,143,5,8873.25,CANCELLED,2025-10-18 01:11:41.465448
8110,918,59,3,3642.75,CANCELLED,2025-11-16 12:54:41.465448
8111,873,122,1,1292.76,COMPLETED,2026-06-07 17:36:41.465448
8112,761,13,4,6696.32,COMPLETED,2026-07-02 10:07:41.465448
8113,256,94,4,7663.92,COMPLETED,2026-05-11 13:49:41.465448
8114,148,74,4,790.88,COMPLETED,2026-06-10 15:24:41.465448
8115,169,41,2,2419.26,CANCELLED,2026-01-13 08:10:41.465448
8116,392,46,3,34.14,COMPLETED,2025-10-23 03:35:41.465448
8117,970,1,1,1568.08,PENDING,2026-04-24 17:17:41.465448
8118,4,146,1,1066.96,COMPLETED,2026-03-08 02:14:41.465448
8119,379,43,1,1932.58,COMPLETED,2025-09-21 11:27:41.465448
8120,977,53,5,7046.4,PENDING,2026-05-04 20:58:41.465448
8121,19,134,3,4801.02,COMPLETED,2026-02-28 12:42:41.465448
8122,970,74,4,790.88,COMPLETED,2026-01-29 21:39:41.465448
8123,991,118,1,1551.19,COMPLETED,2026-04-19 15:37:41.465448
8124,809,54,5,2013.5,COMPLETED,2025-12-11 22:23:41.465448
8125,374,143,5,8873.25,COMPLETED,2025-11-23 10:09:41.465448
8126,445,200,2,2156.28,COMPLETED,2025-10-13 05:52:41.465448
8127,773,63,4,6590.64,PENDING,2026-02-18 23:01:41.465448
8128,302,5,5,1301.0,COMPLETED,2026-08-08 09:19:41.465448
8129,585,199,5,2593.35,CANCELLED,2026-03-10 03:24:41.465448
8130,715,42,5,8949.65,COMPLETED,2026-07-09 14:16:41.465448
8131,779,78,4,88.4,CANCELLED,2026-07-22 09:03:41.465448
8132,602,38,1,1330.6,PENDING,2025-12-26 22:52:41.465448
8133,778,92,2,687.08,COMPLETED,2026-07-25 22:02:41.465448
8134,17,86,3,4263.75,COMPLETED,2025-12-31 01:49:41.465448
8135,824,9,3,964.23,COMPLETED,2026-07-28 13:09:41.465448
8136,734,68,5,2285.05,COMPLETED,2025-09-30 10:06:41.465448
8137,53,29,3,5967.96,COMPLETED,2026-06-10 02:02:41.465448
8138,349,2,5,7590.4,COMPLETED,2026-03-18 02:14:41.465448
8139,709,144,4,1984.4,CANCELLED,2026-05-01 03:56:41.465448
8140,516,178,2,1373.16,CANCELLED,2026-01-20 11:21:41.465448
8141,129,97,3,5357.85,COMPLETED,2026-05-01 02:20:41.465448
8142,546,70,4,6692.2,PENDING,2026-09-08 16:49:41.465448
8143,439,156,2,1102.06,CANCELLED,2025-11-03 08:56:41.465448
8144,914,155,3,3039.6,COMPLETED,2025-09-13 01:02:41.465448
8145,727,97,2,3571.9,COMPLETED,2026-05-31 12:08:41.465448
8146,975,147,1,1984.98,COMPLETED,2026-04-17 06:26:41.465448
8147,462,175,2,371.22,CANCELLED,2025-12-26 09:51:41.465448
8148,444,123,4,7202.56,COMPLETED,2026-07-25 10:51:41.465448
8149,103,139,2,2468.08,PENDING,2026-03-05 02:34:41.465448
8150,53,103,1,1791.26,PENDING,2026-01-18 23:07:41.465448
8151,746,194,1,1723.76,COMPLETED,2026-04-17 07:54:41.465448
8152,854,93,4,4106.4,COMPLETED,2026-04-02 02:58:41.465448
8153,273,27,2,144.56,PENDING,2026-02-08 14:03:41.465448
8154,493,146,5,5334.8,COMPLETED,2025-09-16 04:50:41.465448
8155,95,38,2,2661.2,PENDING,2025-12-15 20:01:41.465448
8156,292,86,1,1421.25,CANCELLED,2026-06-12 22:02:41.465448
8157,890,174,4,3834.2,COMPLETED,2026-07-09 19:26:41.465448
8158,599,122,4,5171.04,COMPLETED,2025-10-22 03:07:41.465448
8159,582,200,3,3234.42,COMPLETED,2025-09-15 22:16:41.465448
8160,18,53,3,4227.84,PENDING,2025-11-08 11:53:41.465448
8161,470,88,4,1443.92,PENDING,2026-05-29 11:36:41.465448
8162,426,107,3,4726.17,COMPLETED,2025-11-28 07:58:41.465448
8163,869,17,1,924.18,COMPLETED,2026-06-17 10:06:41.465448
8164,699,71,2,3094.64,PENDING,2026-01-06 06:23:41.465448
8165,283,189,3,1158.12,CANCELLED,2026-01-05 21:42:41.465448
8166,138,140,4,5865.8,PENDING,2025-12-23 16:13:41.465448
8167,547,64,1,858.69,COMPLETED,2026-05-10 16:59:41.465448
8168,308,114,3,1463.58,PENDING,2026-01-31 14:49:41.465448
8169,378,52,2,2238.94,COMPLETED,2026-06-23 16:51:41.465448
8170,314,29,1,1989.32,CANCELLED,2026-06-26 12:34:41.465448
8171,290,194,5,8618.8,COMPLETED,2026-08-11 04:11:41.465448
8172,423,60,4,7507.2,COMPLETED,2026-01-18 09:19:41.465448
8173,426,193,5,5201.05,COMPLETED,2025-11-27 06:54:41.465448
8174,720,6,3,2440.53,COMPLETED,2026-01-11 15:17:41.465448
8175,428,60,2,3753.6,CANCELLED,2026-09-06 10:57:41.465448
8176,959,129,2,2764.66,COMPLETED,2026-06-29 09:32:41.465448
8177,875,117,3,1523.88,CANCELLED,2025-11-23 09:30:41.465448
8178,620,166,3,1086.39,COMPLETED,2025-12-07 14:18:41.465448
8179,705,36,5,4506.9,COMPLETED,2026-05-22 15:17:41.465448
8180,501,25,2,3062.22,COMPLETED,2026-06-11 03:50:41.465448
8181,982,45,5,3686.95,COMPLETED,2026-01-03 03:39:41.465448
8182,330,140,4,5865.8,PENDING,2026-07-26 02:53:41.465448
8183,917,151,3,650.1,PENDING,2026-03-05 14:20:41.465448
8184,228,175,2,371.22,CANCELLED,2026-06-01 07:46:41.465448
8185,478,15,5,6011.6,COMPLETED,2025-11-16 09:40:41.465448
8186,450,119,3,2117.28,CANCELLED,2026-03-02 04:08:41.465448
8187,74,108,3,124.59,COMPLETED,2025-10-06 15:17:41.465448
8188,183,49,2,1966.42,CANCELLED,2026-08-04 17:17:41.465448
8189,315,156,5,2755.15,COMPLETED,2025-11-12 20:07:41.465448
8190,622,30,2,2249.2,CANCELLED,2026-08-24 11:13:41.465448
8191,137,14,4,2883.72,CANCELLED,2026-07-02 20:01:41.465448
8192,790,187,2,1683.34,COMPLETED,2025-12-12 10:24:41.465448
8193,663,5,1,260.2,CANCELLED,2026-04-01 19:20:41.465448
8194,500,24,4,5401.2,COMPLETED,2025-11-27 07:31:41.465448
8195,24,189,4,1544.16,CANCELLED,2026-01-06 01:11:41.465448
8196,599,45,5,3686.95,COMPLETED,2026-01-22 09:05:41.465448
8197,526,152,5,2923.15,COMPLETED,2025-11-08 20:02:41.465448
8198,664,72,1,335.58,COMPLETED,2026-03-28 23:17:41.465448
8199,704,146,1,1066.96,COMPLETED,2026-05-13 13:09:41.465448
8200,317,133,4,4638.24,CANCELLED,2025-10-12 00:33:41.465448
8201,252,144,3,1488.3,COMPLETED,2026-07-16 10:38:41.465448
8202,194,45,3,2212.17,CANCELLED,2026-03-13 17:54:41.465448
8203,595,195,5,8245.65,COMPLETED,2026-09-10 22:33:41.465448
8204,789,31,3,2072.73,COMPLETED,2026-04-20 02:39:41.465448
8205,731,31,1,690.91,COMPLETED,2025-11-18 07:12:41.465448
8206,420,53,1,1409.28,COMPLETED,2026-05-30 14:37:41.465448
8207,406,6,4,3254.04,PENDING,2026-07-11 10:29:41.465448
8208,166,148,2,1089.58,PENDING,2026-08-17 15:32:41.465448
8209,161,83,5,4424.3,COMPLETED,2026-06-25 20:50:41.465448
8210,284,77,3,4314.3,CANCELLED,2026-07-29 01:38:41.465448
8211,109,144,2,992.2,PENDING,2026-09-03 20:48:41.465448
8212,550,156,5,2755.15,PENDING,2025-12-22 08:21:41.465448
8213,241,30,1,1124.6,COMPLETED,2026-05-27 09:37:41.465448
8214,115,126,2,2437.7,CANCELLED,2026-01-02 21:26:41.465448
8215,891,57,4,4966.76,CANCELLED,2026-04-19 06:36:41.465448
8216,859,79,2,632.2,COMPLETED,2026-02-02 09:26:41.465448
8217,202,117,1,507.96,COMPLETED,2026-08-21 23:17:41.465448
8218,272,131,3,2897.34,CANCELLED,2025-09-30 14:40:41.465448
8219,832,56,3,5289.66,COMPLETED,2026-08-09 06:34:41.465448
8220,119,2,3,4554.24,COMPLETED,2026-04-12 16:30:41.465448
8221,715,200,1,1078.14,CANCELLED,2026-01-26 11:01:41.465448
8222,853,77,1,1438.1,COMPLETED,2026-05-02 18:13:41.465448
8223,97,193,1,1040.21,PENDING,2025-10-27 20:57:41.465448
8224,313,13,5,8370.4,COMPLETED,2026-08-02 05:17:41.465448
8225,805,50,5,4798.05,COMPLETED,2026-05-12 22:42:41.465448
8226,948,99,1,824.6,COMPLETED,2026-07-05 00:53:41.465448
8227,104,11,4,1878.6,COMPLETED,2025-10-08 01:41:41.465448
8228,175,88,4,1443.92,COMPLETED,2026-01-28 16:08:41.465448
8229,201,38,1,1330.6,COMPLETED,2026-09-02 21:23:41.465448
8230,751,159,3,2454.63,COMPLETED,2026-05-15 21:59:41.465448
8231,524,126,4,4875.4,PENDING,2026-03-06 00:37:41.465448
8232,314,140,2,2932.9,COMPLETED,2026-05-05 13:29:41.465448
8233,456,183,2,758.52,COMPLETED,2026-03-18 00:04:41.465448
8234,175,131,3,2897.34,PENDING,2025-10-22 11:45:41.465448
8235,172,151,1,216.7,COMPLETED,2026-08-21 04:39:41.465448
8236,861,154,1,1102.67,COMPLETED,2025-11-01 08:49:41.465448
8237,253,175,4,742.44,COMPLETED,2026-02-10 20:38:41.465448
8238,867,130,2,3833.82,COMPLETED,2026-01-22 21:25:41.465448
8239,87,133,5,5797.8,COMPLETED,2025-11-26 06:29:41.465448
8240,263,32,1,1270.34,PENDING,2025-11-06 17:47:41.465448
8241,814,175,3,556.83,COMPLETED,2026-08-27 04:36:41.465448
8242,849,188,5,562.8,COMPLETED,2026-02-03 20:13:41.465448
8243,222,100,1,134.04,COMPLETED,2026-06-08 15:54:41.465448
8244,197,26,3,4908.78,COMPLETED,2026-03-11 08:55:41.465448
8245,131,44,4,6561.2,COMPLETED,2026-04-14 15:06:41.465448
8246,212,190,3,5350.17,COMPLETED,2025-12-30 10:39:41.465448
8247,926,17,1,924.18,COMPLETED,2026-08-15 03:02:41.465448
8248,279,107,3,4726.17,COMPLETED,2025-11-11 18:37:41.465448
8249,931,29,3,5967.96,COMPLETED,2026-02-14 10:58:41.465448
8250,517,32,5,6351.7,COMPLETED,2026-01-28 06:03:41.465448
8251,314,164,4,7713.2,COMPLETED,2025-12-23 18:49:41.465448
8252,221,167,3,2172.48,COMPLETED,2026-08-31 08:56:41.465448
8253,847,17,1,924.18,PENDING,2026-08-01 18:42:41.465448
8254,309,132,1,158.88,PENDING,2026-04-30 07:41:41.465448
8255,71,78,4,88.4,COMPLETED,2026-07-11 16:41:41.465448
8256,519,191,1,781.26,COMPLETED,2025-10-15 01:41:41.465448
8257,212,102,1,439.03,COMPLETED,2026-04-02 13:44:41.465448
8258,733,126,3,3656.55,CANCELLED,2026-03-06 10:18:41.465448
8259,160,22,4,1786.16,PENDING,2025-11-28 04:30:41.465448
8260,187,150,3,3894.9,PENDING,2026-09-06 08:58:41.465448
8261,925,13,2,3348.16,COMPLETED,2025-12-03 09:43:41.465448
8262,944,173,1,1268.07,CANCELLED,2026-02-14 16:52:41.465448
8263,913,109,3,2945.58,CANCELLED,2025-12-25 22:09:41.465448
8264,420,152,1,584.63,CANCELLED,2026-02-19 05:02:41.465448
8265,128,20,4,5501.92,PENDING,2025-11-18 05:32:41.465448
8266,84,131,4,3863.12,COMPLETED,2026-07-09 16:32:41.465448
8267,548,63,3,4942.98,COMPLETED,2025-11-28 12:05:41.465448
8268,935,194,2,3447.52,PENDING,2026-07-30 02:28:41.465448
8269,594,101,2,3841.4,CANCELLED,2026-06-17 00:58:41.465448
8270,607,39,1,1844.53,COMPLETED,2026-04-14 05:35:41.465448
8271,136,126,3,3656.55,COMPLETED,2025-11-07 01:47:41.465448
8272,463,156,2,1102.06,COMPLETED,2026-05-28 23:18:41.465448
8273,905,83,1,884.86,COMPLETED,2026-04-26 21:39:41.465448
8274,584,50,3,2878.83,CANCELLED,2026-01-06 04:29:41.465448
8275,910,141,3,485.97,COMPLETED,2025-10-25 03:38:41.465448
8276,324,59,1,1214.25,COMPLETED,2026-05-22 10:28:41.465448
8277,15,97,4,7143.8,CANCELLED,2026-05-20 07:55:41.465448
8278,626,169,3,5536.02,CANCELLED,2026-02-26 18:35:41.465448
8279,422,59,4,4857.0,COMPLETED,2026-03-06 18:12:41.465448
8280,665,31,3,2072.73,CANCELLED,2025-12-03 11:57:41.465448
8281,93,155,5,5066.0,COMPLETED,2026-05-23 02:48:41.465448
8282,978,57,4,4966.76,COMPLETED,2026-02-14 22:48:41.465448
8283,303,46,4,45.52,CANCELLED,2026-06-05 16:31:41.465448
8284,585,181,3,1456.59,CANCELLED,2026-08-31 05:56:41.465448
8285,857,49,4,3932.84,PENDING,2026-03-14 15:14:41.465448
8286,870,51,3,5226.84,CANCELLED,2025-10-05 08:24:41.465448
8287,347,191,3,2343.78,COMPLETED,2026-05-07 08:38:41.465448
8288,841,38,1,1330.6,COMPLETED,2026-06-11 13:26:41.465448
8289,349,150,2,2596.6,PENDING,2026-01-17 16:51:41.465448
8290,728,40,2,1845.24,COMPLETED,2026-02-12 20:25:41.465448
8291,894,179,5,3041.2,PENDING,2026-03-20 05:36:41.465448
8292,960,6,3,2440.53,COMPLETED,2025-12-05 09:40:41.465448
8293,687,125,1,780.97,COMPLETED,2026-07-23 08:36:41.465448
8294,944,36,5,4506.9,COMPLETED,2026-02-21 17:05:41.465448
8295,171,150,5,6491.5,CANCELLED,2026-05-02 12:38:41.465448
8296,516,22,3,1339.62,COMPLETED,2026-09-06 19:41:41.465448
8297,597,9,1,321.41,PENDING,2026-05-31 04:18:41.465448
8298,416,176,1,604.1,PENDING,2026-01-05 01:29:41.465448
8299,644,83,1,884.86,COMPLETED,2026-01-03 22:07:41.465448
8300,131,14,5,3604.65,COMPLETED,2026-04-08 16:16:41.465448
8301,910,181,1,485.53,COMPLETED,2026-07-31 02:41:41.465448
8302,745,171,1,394.51,COMPLETED,2026-07-07 17:06:41.465448
8303,529,111,3,2269.86,COMPLETED,2026-03-10 19:50:41.465448
8304,876,82,4,6858.28,COMPLETED,2026-07-17 23:22:41.465448
8305,522,128,4,1661.56,COMPLETED,2025-09-25 08:23:41.465448
8306,974,35,2,1223.08,COMPLETED,2026-03-31 14:28:41.465448
8307,473,106,3,3733.08,CANCELLED,2026-03-05 09:39:41.465448
8308,924,159,5,4091.05,COMPLETED,2026-07-09 13:18:41.465448
8309,321,103,4,7165.04,CANCELLED,2026-01-02 18:14:41.465448
8310,326,21,1,1966.11,COMPLETED,2026-05-02 02:50:41.465448
8311,35,77,5,7190.5,PENDING,2026-05-30 03:33:41.465448
8312,787,68,4,1828.04,PENDING,2026-02-22 01:21:41.465448
8313,234,27,2,144.56,COMPLETED,2025-12-27 02:16:41.465448
8314,242,43,2,3865.16,COMPLETED,2025-10-27 08:57:41.465448
8315,758,186,3,1524.27,CANCELLED,2026-06-16 04:49:41.465448
8316,346,141,2,323.98,PENDING,2025-12-15 08:45:41.465448
8317,537,67,1,1516.99,CANCELLED,2026-06-11 22:14:41.465448
8318,420,64,1,858.69,COMPLETED,2026-02-26 11:56:41.465448
8319,858,17,3,2772.54,COMPLETED,2026-09-03 16:48:41.465448
8320,89,173,4,5072.28,COMPLETED,2026-04-03 22:58:41.465448
8321,919,74,3,593.16,PENDING,2026-03-15 20:39:41.465448
8322,846,81,2,2722.8,CANCELLED,2026-06-27 10:05:41.465448
8323,585,115,5,9245.5,COMPLETED,2026-06-13 08:00:41.465448
8324,852,115,3,5547.3,COMPLETED,2025-11-08 22:29:41.465448
8325,365,168,2,2535.44,PENDING,2025-12-04 01:55:41.465448
8326,509,59,1,1214.25,COMPLETED,2026-03-13 23:33:41.465448
8327,354,151,2,433.4,CANCELLED,2025-10-26 01:46:41.465448
8328,112,170,5,5053.55,COMPLETED,2026-04-09 01:27:41.465448
8329,444,3,2,2186.92,COMPLETED,2026-03-28 06:46:41.465448
8330,334,116,3,3508.83,COMPLETED,2026-08-10 18:18:41.465448
8331,883,76,1,368.91,PENDING,2026-08-01 14:13:41.465448
8332,543,170,5,5053.55,COMPLETED,2025-10-04 17:18:41.465448
8333,735,92,2,687.08,CANCELLED,2025-11-06 03:51:41.465448
8334,182,172,3,394.98,COMPLETED,2026-07-11 22:32:41.465448
8335,798,87,2,1201.92,COMPLETED,2026-06-02 14:59:41.465448
8336,624,30,3,3373.8,COMPLETED,2025-12-20 07:17:41.465448
8337,161,164,1,1928.3,COMPLETED,2025-10-04 08:59:41.465448
8338,817,2,2,3036.16,COMPLETED,2026-01-31 01:47:41.465448
8339,462,174,2,1917.1,COMPLETED,2025-12-11 15:56:41.465448
8340,906,82,3,5143.71,CANCELLED,2026-02-03 18:17:41.465448
8341,14,200,4,4312.56,CANCELLED,2026-08-15 05:06:41.465448
8342,208,39,5,9222.65,COMPLETED,2026-05-21 12:50:41.465448
8343,704,80,3,3916.26,COMPLETED,2026-05-04 12:41:41.465448
8344,482,99,4,3298.4,COMPLETED,2025-10-12 00:23:41.465448
8345,191,162,5,6219.15,PENDING,2025-12-09 19:15:41.465448
8346,933,92,5,1717.7,COMPLETED,2025-09-12 18:25:41.465448
8347,855,172,3,394.98,COMPLETED,2026-07-10 06:52:41.465448
8348,712,25,3,4593.33,CANCELLED,2026-05-01 02:19:41.465448
8349,117,26,3,4908.78,COMPLETED,2025-09-19 17:46:41.465448
8350,528,127,2,1105.68,COMPLETED,2026-08-18 11:44:41.465448
8351,682,147,5,9924.9,PENDING,2025-11-23 22:33:41.465448
8352,488,65,2,3431.9,CANCELLED,2025-12-12 06:56:41.465448
8353,676,188,3,337.68,COMPLETED,2026-01-30 12:55:41.465448
8354,814,24,4,5401.2,PENDING,2026-04-12 23:25:41.465448
8355,590,63,3,4942.98,COMPLETED,2026-08-15 05:17:41.465448
8356,822,82,4,6858.28,COMPLETED,2025-10-20 23:55:41.465448
8357,927,35,3,1834.62,COMPLETED,2026-09-04 17:32:41.465448
8358,770,170,2,2021.42,CANCELLED,2025-11-20 13:53:41.465448
8359,550,178,2,1373.16,PENDING,2025-10-03 21:45:41.465448
8360,764,108,5,207.65,COMPLETED,2026-08-27 18:24:41.465448
8361,853,75,1,1239.9,PENDING,2025-10-09 02:48:41.465448
8362,338,63,2,3295.32,COMPLETED,2025-10-09 14:22:41.465448
8363,214,47,2,582.04,COMPLETED,2026-01-11 09:44:41.465448
8364,141,166,5,1810.65,PENDING,2026-01-06 22:42:41.465448
8365,177,114,2,975.72,COMPLETED,2026-07-14 04:20:41.465448
8366,400,98,1,1627.75,CANCELLED,2025-12-12 11:24:41.465448
8367,906,88,3,1082.94,COMPLETED,2025-09-16 06:51:41.465448
8368,878,157,4,2529.6,CANCELLED,2025-09-13 11:13:41.465448
8369,393,86,5,7106.25,COMPLETED,2025-09-12 21:35:41.465448
8370,538,13,3,5022.24,PENDING,2025-09-24 05:11:41.465448
8371,814,120,1,1510.7,COMPLETED,2026-04-05 18:48:41.465448
8372,304,156,2,1102.06,COMPLETED,2026-03-07 09:34:41.465448
8373,432,182,1,1019.12,COMPLETED,2025-10-02 05:15:41.465448
8374,926,72,4,1342.32,PENDING,2025-10-17 11:50:41.465448
8375,751,124,1,1402.16,COMPLETED,2026-06-06 10:21:41.465448
8376,548,69,3,5201.46,PENDING,2026-07-17 15:18:41.465448
8377,299,160,5,7527.9,COMPLETED,2026-06-29 11:17:41.465448
8378,479,10,5,4204.85,COMPLETED,2026-08-14 11:53:41.465448
8379,989,46,4,45.52,PENDING,2026-01-20 08:54:41.465448
8380,402,118,4,6204.76,COMPLETED,2025-12-16 23:36:41.465448
8381,637,191,3,2343.78,COMPLETED,2026-07-26 13:01:41.465448
8382,298,26,2,3272.52,COMPLETED,2026-03-31 09:47:41.465448
8383,954,180,2,122.26,CANCELLED,2026-08-04 13:06:41.465448
8384,802,8,3,3547.56,COMPLETED,2026-07-14 12:23:41.465448
8385,152,80,2,2610.84,PENDING,2026-04-05 09:30:41.465448
8386,649,41,5,6048.15,COMPLETED,2026-07-04 09:44:41.465448
8387,564,134,5,8001.7,COMPLETED,2026-02-14 00:28:41.465448
8388,602,67,1,1516.99,COMPLETED,2026-07-22 22:31:41.465448
8389,205,47,5,1455.1,COMPLETED,2025-12-26 13:41:41.465448
8390,79,46,1,11.38,COMPLETED,2025-12-01 09:53:41.465448
8391,492,46,4,45.52,PENDING,2026-02-06 15:17:41.465448
8392,341,186,4,2032.36,CANCELLED,2025-11-07 16:43:41.465448
8393,963,3,3,3280.38,CANCELLED,2026-01-10 15:04:41.465448
8394,275,77,5,7190.5,COMPLETED,2025-12-05 19:57:41.465448
8395,233,20,3,4126.44,COMPLETED,2026-07-17 00:25:41.465448
8396,851,34,4,7888.04,CANCELLED,2026-03-11 16:15:41.465448
8397,479,109,3,2945.58,COMPLETED,2026-05-27 09:53:41.465448
8398,412,15,5,6011.6,COMPLETED,2026-05-01 09:22:41.465448
8399,765,149,5,7664.55,COMPLETED,2026-01-22 12:06:41.465448
8400,486,57,3,3725.07,PENDING,2026-09-08 23:20:41.465448
8401,60,182,5,5095.6,CANCELLED,2026-02-21 15:28:41.465448
8402,353,142,3,1367.64,COMPLETED,2026-03-12 16:39:41.465448
8403,213,76,5,1844.55,COMPLETED,2025-11-29 17:10:41.465448
8404,344,179,5,3041.2,CANCELLED,2026-08-10 14:30:41.465448
8405,447,26,5,8181.3,COMPLETED,2026-01-25 17:55:41.465448
8406,349,34,5,9860.05,COMPLETED,2026-08-25 14:49:41.465448
8407,290,141,4,647.96,COMPLETED,2025-11-10 23:23:41.465448
8408,766,73,3,2570.25,COMPLETED,2026-08-09 19:19:41.465448
8409,873,195,5,8245.65,COMPLETED,2025-10-10 16:38:41.465448
8410,456,133,4,4638.24,COMPLETED,2026-02-11 15:04:41.465448
8411,683,16,3,3297.39,COMPLETED,2026-08-19 12:58:41.465448
8412,686,150,5,6491.5,PENDING,2026-01-23 13:45:41.465448
8413,616,24,2,2700.6,COMPLETED,2025-10-09 20:09:41.465448
8414,661,117,5,2539.8,CANCELLED,2026-04-28 19:24:41.465448
8415,64,184,5,1254.15,COMPLETED,2026-08-25 10:57:41.465448
8416,544,102,5,2195.15,PENDING,2026-03-07 04:30:41.465448
8417,954,188,4,450.24,COMPLETED,2025-12-28 11:34:41.465448
8418,183,129,2,2764.66,COMPLETED,2026-01-20 09:14:41.465448
8419,508,6,1,813.51,COMPLETED,2025-10-30 03:41:41.465448
8420,886,141,5,809.95,COMPLETED,2026-05-12 20:32:41.465448
8421,194,40,4,3690.48,CANCELLED,2026-06-13 17:45:41.465448
8422,580,175,2,371.22,COMPLETED,2026-05-20 03:19:41.465448
8423,91,103,5,8956.3,CANCELLED,2026-05-14 23:33:41.465448
8424,190,75,1,1239.9,COMPLETED,2026-07-27 10:17:41.465448
8425,648,130,5,9584.55,CANCELLED,2026-06-08 14:53:41.465448
8426,189,5,3,780.6,CANCELLED,2026-07-12 21:21:41.465448
8427,863,88,3,1082.94,COMPLETED,2026-03-17 23:59:41.465448
8428,586,82,5,8572.85,CANCELLED,2026-07-26 12:46:41.465448
8429,517,133,4,4638.24,COMPLETED,2026-05-10 05:49:41.465448
8430,118,10,3,2522.91,PENDING,2026-03-17 10:15:41.465448
8431,910,66,2,932.7,PENDING,2026-05-03 05:39:41.465448
8432,641,196,5,6387.05,COMPLETED,2026-01-13 12:19:41.465448
8433,931,86,1,1421.25,COMPLETED,2026-01-05 00:38:41.465448
8434,882,132,1,158.88,CANCELLED,2026-08-15 00:01:41.465448
8435,106,138,3,4494.15,COMPLETED,2025-09-21 03:54:41.465448
8436,933,92,1,343.54,COMPLETED,2026-07-30 12:29:41.465448
8437,620,141,1,161.99,COMPLETED,2026-04-22 14:25:41.465448
8438,566,13,4,6696.32,PENDING,2026-02-23 11:38:41.465448
8439,600,131,2,1931.56,COMPLETED,2026-02-20 07:15:41.465448
8440,13,15,5,6011.6,COMPLETED,2025-09-26 09:02:41.465448
8441,882,139,2,2468.08,CANCELLED,2025-12-14 19:53:41.465448
8442,550,131,5,4828.9,CANCELLED,2026-09-03 22:27:41.465448
8443,348,20,2,2750.96,PENDING,2026-04-16 09:13:41.465448
8444,389,94,5,9579.9,COMPLETED,2025-11-22 01:08:41.465448
8445,40,141,5,809.95,COMPLETED,2026-05-29 10:31:41.465448
8446,740,18,5,2869.8,PENDING,2026-06-08 03:12:41.465448
8447,765,100,5,670.2,COMPLETED,2026-02-25 21:43:41.465448
8448,497,85,1,995.72,COMPLETED,2026-01-22 07:28:41.465448
8449,946,72,5,1677.9,PENDING,2026-05-29 11:52:41.465448
8450,386,197,2,2133.84,PENDING,2026-03-11 14:36:41.465448
8451,83,110,4,7999.68,COMPLETED,2026-08-04 20:07:41.465448
8452,77,44,4,6561.2,PENDING,2025-11-23 16:16:41.465448
8453,151,158,5,4762.3,COMPLETED,2025-11-25 18:18:41.465448
8454,977,138,4,5992.2,COMPLETED,2026-03-06 17:30:41.465448
8455,856,41,1,1209.63,COMPLETED,2026-01-27 07:09:41.465448
8456,270,59,5,6071.25,COMPLETED,2026-07-18 09:46:41.465448
8457,923,9,5,1607.05,CANCELLED,2026-03-06 22:39:41.465448
8458,888,192,2,2502.72,COMPLETED,2025-10-04 09:43:41.465448
8459,766,171,1,394.51,PENDING,2026-01-08 11:33:41.465448
8460,127,120,3,4532.1,CANCELLED,2025-09-15 11:49:41.465448
8461,586,11,2,939.3,COMPLETED,2026-05-11 19:30:41.465448
8462,107,40,5,4613.1,PENDING,2026-04-04 09:08:41.465448
8463,534,68,5,2285.05,PENDING,2026-04-16 14:00:41.465448
8464,831,51,3,5226.84,COMPLETED,2025-11-15 19:00:41.465448
8465,579,84,4,7402.88,COMPLETED,2026-05-07 17:36:41.465448
8466,681,108,4,166.12,COMPLETED,2026-03-10 20:28:41.465448
8467,802,79,2,632.2,COMPLETED,2026-03-28 03:43:41.465448
8468,698,136,1,56.53,COMPLETED,2025-12-13 16:40:41.465448
8469,525,110,3,5999.76,COMPLETED,2026-05-08 23:15:41.465448
8470,283,63,3,4942.98,CANCELLED,2026-08-03 21:41:41.465448
8471,176,29,2,3978.64,COMPLETED,2026-06-27 13:27:41.465448
8472,571,123,4,7202.56,PENDING,2025-10-18 19:48:41.465448
8473,995,57,2,2483.38,CANCELLED,2026-05-17 23:55:41.465448
8474,528,143,1,1774.65,COMPLETED,2026-08-12 07:58:41.465448
8475,254,167,2,1448.32,COMPLETED,2025-10-05 13:42:41.465448
8476,905,133,1,1159.56,PENDING,2025-09-29 14:45:41.465448
8477,805,52,2,2238.94,CANCELLED,2025-11-10 19:03:41.465448
8478,456,78,4,88.4,COMPLETED,2026-01-04 15:56:41.465448
8479,897,118,1,1551.19,COMPLETED,2026-05-02 12:35:41.465448
8480,810,200,5,5390.7,COMPLETED,2026-01-15 07:21:41.465448
8481,921,34,1,1972.01,COMPLETED,2026-06-28 07:46:41.465448
8482,827,99,5,4123.0,PENDING,2026-02-07 04:34:41.465448
8483,146,40,5,4613.1,COMPLETED,2026-06-20 23:46:41.465448
8484,734,120,3,4532.1,PENDING,2026-08-26 20:14:41.465448
8485,17,192,5,6256.8,COMPLETED,2025-10-17 21:36:41.465448
8486,70,51,2,3484.56,CANCELLED,2026-03-19 14:06:41.465448
8487,212,136,4,226.12,COMPLETED,2026-08-18 12:45:41.465448
8488,40,6,2,1627.02,PENDING,2025-11-19 00:45:41.465448
8489,681,199,2,1037.34,COMPLETED,2026-08-17 18:29:41.465448
8490,483,7,2,1306.32,COMPLETED,2025-10-18 03:24:41.465448
8491,504,26,1,1636.26,CANCELLED,2026-07-26 06:04:41.465448
8492,76,22,5,2232.7,COMPLETED,2026-03-13 20:47:41.465448
8493,108,142,5,2279.4,COMPLETED,2025-09-28 07:46:41.465448
8494,447,165,3,4280.67,COMPLETED,2025-12-20 13:23:41.465448
8495,656,113,1,1987.21,PENDING,2025-12-30 05:53:41.465448
8496,286,184,4,1003.32,CANCELLED,2026-06-10 06:28:41.465448
8497,349,191,2,1562.52,COMPLETED,2025-12-25 16:58:41.465448
8498,626,148,2,1089.58,COMPLETED,2026-03-17 13:19:41.465448
8499,957,54,3,1208.1,COMPLETED,2026-03-12 15:09:41.465448
8500,140,91,4,6969.72,COMPLETED,2026-01-28 00:30:41.465448
8501,994,39,4,7378.12,PENDING,2025-12-04 12:43:41.465448
8502,807,67,1,1516.99,PENDING,2026-03-12 09:40:41.465448
8503,268,26,4,6545.04,COMPLETED,2026-06-09 07:51:41.465448
8504,706,133,1,1159.56,COMPLETED,2026-08-28 03:02:41.465448
8505,971,159,5,4091.05,CANCELLED,2026-04-24 23:13:41.465448
8506,841,194,3,5171.28,CANCELLED,2026-03-26 19:14:41.465448
8507,194,138,5,7490.25,CANCELLED,2026-07-12 06:22:41.465448
8508,967,148,3,1634.37,COMPLETED,2026-06-02 03:32:41.465448
8509,445,20,5,6877.4,COMPLETED,2025-10-21 10:41:41.465448
8510,364,128,3,1246.17,CANCELLED,2026-08-12 04:11:41.465448
8511,210,85,3,2987.16,COMPLETED,2026-03-26 10:39:41.465448
8512,939,49,2,1966.42,CANCELLED,2026-03-17 15:32:41.465448
8513,340,196,5,6387.05,PENDING,2025-10-17 10:58:41.465448
8514,930,181,1,485.53,CANCELLED,2026-07-11 00:33:41.465448
8515,871,28,4,7428.8,CANCELLED,2026-06-09 20:44:41.465448
8516,867,199,1,518.67,COMPLETED,2026-01-13 04:39:41.465448
8517,804,28,2,3714.4,CANCELLED,2026-02-13 19:19:41.465448
8518,963,72,1,335.58,COMPLETED,2026-02-26 08:03:41.465448
8519,962,95,1,1715.94,PENDING,2025-11-22 13:26:41.465448
8520,12,16,2,2198.26,CANCELLED,2025-10-30 15:54:41.465448
8521,221,195,1,1649.13,PENDING,2026-09-11 20:54:41.465448
8522,288,7,3,1959.48,COMPLETED,2025-09-19 09:26:41.465448
8523,182,20,3,4126.44,COMPLETED,2026-02-15 07:03:41.465448
8524,552,110,2,3999.84,COMPLETED,2026-01-14 18:59:41.465448
8525,293,47,4,1164.08,CANCELLED,2026-04-02 17:20:41.465448
8526,166,40,1,922.62,COMPLETED,2026-09-01 02:43:41.465448
8527,264,98,3,4883.25,COMPLETED,2026-07-06 08:51:41.465448
8528,600,178,3,2059.74,PENDING,2025-10-01 07:43:41.465448
8529,720,154,2,2205.34,CANCELLED,2026-04-12 16:46:41.465448
8530,462,29,1,1989.32,COMPLETED,2026-04-20 17:54:41.465448
8531,430,194,4,6895.04,PENDING,2026-03-07 14:26:41.465448
8532,87,103,2,3582.52,COMPLETED,2025-12-22 09:12:41.465448
8533,756,9,3,964.23,PENDING,2026-02-17 14:55:41.465448
8534,777,38,1,1330.6,COMPLETED,2025-12-27 21:49:41.465448
8535,453,198,2,2045.68,CANCELLED,2026-03-16 08:08:41.465448
8536,524,66,2,932.7,COMPLETED,2025-11-16 07:14:41.465448
8537,231,198,1,1022.84,COMPLETED,2026-02-26 00:55:41.465448
8538,534,151,5,1083.5,PENDING,2026-08-01 07:56:41.465448
8539,90,11,5,2348.25,COMPLETED,2025-12-21 12:16:41.465448
8540,646,132,5,794.4,CANCELLED,2026-03-02 14:26:41.465448
8541,785,180,2,122.26,COMPLETED,2025-11-25 02:54:41.465448
8542,265,174,3,2875.65,COMPLETED,2025-11-27 16:48:41.465448
8543,63,119,2,1411.52,COMPLETED,2026-07-22 03:03:41.465448
8544,633,86,5,7106.25,COMPLETED,2025-10-21 19:11:41.465448
8545,60,11,5,2348.25,COMPLETED,2026-06-29 09:16:41.465448
8546,444,163,3,3568.5,COMPLETED,2026-06-26 08:44:41.465448
8547,806,63,1,1647.66,COMPLETED,2026-05-27 07:47:41.465448
8548,968,185,4,3006.96,COMPLETED,2026-01-17 19:35:41.465448
8549,877,156,3,1653.09,CANCELLED,2025-12-07 01:12:41.465448
8550,123,84,4,7402.88,COMPLETED,2026-08-27 15:59:41.465448
8551,920,167,3,2172.48,COMPLETED,2025-12-18 10:24:41.465448
8552,623,91,5,8712.15,COMPLETED,2026-07-19 18:43:41.465448
8553,347,149,2,3065.82,COMPLETED,2026-08-07 09:47:41.465448
8554,342,47,4,1164.08,PENDING,2026-01-25 04:42:41.465448
8555,778,22,4,1786.16,COMPLETED,2026-06-14 22:09:41.465448
8556,289,106,3,3733.08,COMPLETED,2026-01-26 19:25:41.465448
8557,308,192,2,2502.72,PENDING,2026-01-14 10:42:41.465448
8558,916,143,4,7098.6,COMPLETED,2025-12-06 12:03:41.465448
8559,421,48,5,7182.4,PENDING,2026-01-03 21:33:41.465448
8560,903,26,2,3272.52,COMPLETED,2026-03-17 08:39:41.465448
8561,508,124,5,7010.8,COMPLETED,2025-10-09 09:29:41.465448
8562,297,9,4,1285.64,PENDING,2026-06-06 22:59:41.465448
8563,82,61,2,2941.92,CANCELLED,2026-07-17 12:09:41.465448
8564,12,125,3,2342.91,COMPLETED,2026-08-16 08:09:41.465448
8565,421,155,2,2026.4,COMPLETED,2026-01-14 22:32:41.465448
8566,942,125,3,2342.91,CANCELLED,2026-02-07 15:26:41.465448
8567,146,178,4,2746.32,PENDING,2026-07-08 13:33:41.465448
8568,143,117,5,2539.8,COMPLETED,2025-11-28 14:32:41.465448
8569,165,183,1,379.26,COMPLETED,2025-11-04 17:07:41.465448
8570,773,160,4,6022.32,CANCELLED,2026-02-27 13:42:41.465448
8571,910,137,4,3770.0,PENDING,2026-05-30 05:47:41.465448
8572,508,50,2,1919.22,COMPLETED,2025-12-16 04:14:41.465448
8573,768,40,2,1845.24,CANCELLED,2026-06-12 05:07:41.465448
8574,572,41,1,1209.63,COMPLETED,2026-01-22 02:03:41.465448
8575,131,131,5,4828.9,PENDING,2026-01-14 12:49:41.465448
8576,873,155,3,3039.6,PENDING,2026-09-01 03:16:41.465448
8577,572,109,5,4909.3,COMPLETED,2026-04-10 06:12:41.465448
8578,889,78,4,88.4,CANCELLED,2025-09-21 06:57:41.465448
8579,504,183,2,758.52,COMPLETED,2026-03-28 21:28:41.465448
8580,496,158,2,1904.92,COMPLETED,2025-09-28 10:23:41.465448
8581,320,116,3,3508.83,PENDING,2025-10-30 11:11:41.465448
8582,381,77,1,1438.1,COMPLETED,2025-09-26 07:15:41.465448
8583,355,48,5,7182.4,PENDING,2026-05-11 11:31:41.465448
8584,382,9,1,321.41,COMPLETED,2026-03-20 15:39:41.465448
8585,589,10,4,3363.88,COMPLETED,2025-11-23 15:54:41.465448
8586,243,108,2,83.06,COMPLETED,2026-04-10 14:37:41.465448
8587,959,167,3,2172.48,PENDING,2026-04-13 11:20:41.465448
8588,744,101,4,7682.8,PENDING,2025-11-13 03:04:41.465448
8589,430,28,2,3714.4,PENDING,2026-02-18 04:49:41.465448
8590,575,11,1,469.65,PENDING,2026-09-01 17:47:41.465448
8591,66,64,1,858.69,CANCELLED,2026-01-12 08:13:41.465448
8592,511,91,2,3484.86,PENDING,2026-04-09 08:20:41.465448
8593,250,183,4,1517.04,COMPLETED,2025-10-01 22:57:41.465448
8594,897,24,3,4050.9,COMPLETED,2026-03-11 09:32:41.465448
8595,104,175,5,928.05,CANCELLED,2026-06-17 08:47:41.465448
8596,999,105,5,8539.75,COMPLETED,2025-09-18 23:17:41.465448
8597,412,41,1,1209.63,CANCELLED,2026-09-11 20:45:41.465448
8598,606,98,1,1627.75,COMPLETED,2025-12-23 23:29:41.465448
8599,917,5,4,1040.8,COMPLETED,2026-02-24 04:30:41.465448
8600,18,165,2,2853.78,PENDING,2026-08-22 22:57:41.465448
8601,537,3,2,2186.92,COMPLETED,2026-03-12 07:13:41.465448
8602,207,7,4,2612.64,CANCELLED,2026-02-13 10:20:41.465448
8603,477,119,2,1411.52,COMPLETED,2026-03-23 22:51:41.465448
8604,731,184,2,501.66,PENDING,2026-06-08 09:06:41.465448
8605,849,130,3,5750.73,COMPLETED,2026-08-02 17:25:41.465448
8606,792,171,5,1972.55,PENDING,2026-08-27 02:09:41.465448
8607,974,138,2,2996.1,CANCELLED,2026-07-09 09:11:41.465448
8608,584,25,2,3062.22,PENDING,2026-03-24 22:17:41.465448
8609,357,88,5,1804.9,COMPLETED,2026-02-02 12:06:41.465448
8610,70,142,5,2279.4,PENDING,2026-04-13 11:05:41.465448
8611,88,122,2,2585.52,COMPLETED,2026-06-19 11:53:41.465448
8612,31,33,2,1099.62,COMPLETED,2025-10-10 17:10:41.465448
8613,279,41,1,1209.63,CANCELLED,2025-09-13 21:05:41.465448
8614,512,194,3,5171.28,CANCELLED,2026-02-06 13:55:41.465448
8615,870,35,3,1834.62,COMPLETED,2025-10-01 21:49:41.465448
8616,1,78,5,110.5,COMPLETED,2025-11-03 04:47:41.465448
8617,283,152,5,2923.15,COMPLETED,2026-01-10 15:21:41.465448
8618,774,175,3,556.83,CANCELLED,2025-09-22 08:07:41.465448
8619,101,162,4,4975.32,COMPLETED,2025-11-14 04:15:41.465448
8620,375,53,2,2818.56,COMPLETED,2025-11-02 07:56:41.465448
8621,704,99,3,2473.8,CANCELLED,2026-07-24 15:30:41.465448
8622,658,52,5,5597.35,COMPLETED,2026-05-23 16:57:41.465448
8623,943,121,2,2368.82,COMPLETED,2026-07-17 20:46:41.465448
8624,415,88,2,721.96,CANCELLED,2026-04-24 05:45:41.465448
8625,150,81,5,6807.0,COMPLETED,2026-02-17 22:08:41.465448
8626,676,161,3,5703.36,COMPLETED,2026-07-17 07:52:41.465448
8627,749,57,5,6208.45,CANCELLED,2025-09-30 21:13:41.465448
8628,335,171,2,789.02,PENDING,2026-05-11 14:29:41.465448
8629,539,182,5,5095.6,COMPLETED,2026-01-20 23:50:41.465448
8630,946,24,3,4050.9,CANCELLED,2026-02-13 21:01:41.465448
8631,736,145,2,1138.68,COMPLETED,2026-02-13 15:10:41.465448
8632,58,180,1,61.13,PENDING,2025-09-28 11:05:41.465448
8633,283,88,1,360.98,CANCELLED,2025-12-27 02:34:41.465448
8634,174,149,4,6131.64,COMPLETED,2025-10-11 09:10:41.465448
8635,290,36,2,1802.76,CANCELLED,2026-04-06 21:54:41.465448
8636,958,190,5,8916.95,PENDING,2026-04-26 03:33:41.465448
8637,492,50,3,2878.83,PENDING,2026-08-27 10:44:41.465448
8638,610,17,3,2772.54,CANCELLED,2025-09-17 01:15:41.465448
8639,940,8,1,1182.52,COMPLETED,2026-07-12 10:17:41.465448
8640,930,111,3,2269.86,COMPLETED,2025-11-01 02:14:41.465448
8641,114,7,1,653.16,COMPLETED,2026-03-07 11:54:41.465448
8642,415,162,1,1243.83,COMPLETED,2026-01-11 03:00:41.465448
8643,420,190,4,7133.56,COMPLETED,2026-05-30 17:33:41.465448
8644,369,128,3,1246.17,CANCELLED,2026-06-27 21:07:41.465448
8645,249,117,3,1523.88,COMPLETED,2026-01-14 01:57:41.465448
8646,651,97,2,3571.9,COMPLETED,2026-04-05 07:23:41.465448
8647,670,32,3,3811.02,COMPLETED,2025-12-05 08:36:41.465448
8648,71,23,1,1660.54,COMPLETED,2025-12-30 14:31:41.465448
8649,24,109,4,3927.44,COMPLETED,2026-01-31 00:03:41.465448
8650,641,31,2,1381.82,COMPLETED,2026-02-21 04:04:41.465448
8651,642,42,1,1789.93,CANCELLED,2025-09-13 18:15:41.465448
8652,924,22,1,446.54,PENDING,2026-01-11 16:31:41.465448
8653,431,191,2,1562.52,COMPLETED,2025-10-15 16:18:41.465448
8654,68,42,5,8949.65,COMPLETED,2026-02-02 05:15:41.465448
8655,541,69,1,1733.82,COMPLETED,2026-09-04 04:35:41.465448
8656,930,85,5,4978.6,COMPLETED,2026-03-22 12:23:41.465448
8657,229,136,5,282.65,COMPLETED,2026-07-12 00:25:41.465448
8658,842,87,3,1802.88,COMPLETED,2026-03-18 22:12:41.465448
8659,684,199,2,1037.34,COMPLETED,2026-07-30 21:48:41.465448
8660,43,92,3,1030.62,PENDING,2026-05-29 03:05:41.465448
8661,127,26,4,6545.04,COMPLETED,2025-12-21 15:21:41.465448
8662,267,185,1,751.74,COMPLETED,2025-11-16 08:36:41.465448
8663,163,40,5,4613.1,PENDING,2026-06-30 09:37:41.465448
8664,720,152,2,1169.26,COMPLETED,2025-10-19 22:43:41.465448
8665,539,192,4,5005.44,CANCELLED,2026-05-28 09:26:41.465448
8666,18,96,3,878.1,CANCELLED,2026-02-26 06:04:41.465448
8667,720,68,2,914.02,CANCELLED,2026-03-30 15:34:41.465448
8668,960,55,2,2379.94,CANCELLED,2025-12-06 18:57:41.465448
8669,259,145,4,2277.36,COMPLETED,2026-01-26 17:34:41.465448
8670,399,56,2,3526.44,PENDING,2025-09-16 20:40:41.465448
8671,268,66,4,1865.4,PENDING,2026-02-11 17:42:41.465448
8672,193,4,5,4523.7,COMPLETED,2026-05-08 09:12:41.465448
8673,868,133,4,4638.24,COMPLETED,2026-01-21 02:23:41.465448
8674,800,151,5,1083.5,COMPLETED,2025-10-13 05:55:41.465448
8675,966,7,1,653.16,COMPLETED,2026-03-01 00:48:41.465448
8676,385,59,5,6071.25,CANCELLED,2026-04-25 18:32:41.465448
8677,200,100,2,268.08,PENDING,2026-04-24 22:50:41.465448
8678,604,178,1,686.58,COMPLETED,2026-05-26 04:29:41.465448
8679,153,198,4,4091.36,CANCELLED,2026-05-05 13:04:41.465448
8680,522,96,5,1463.5,COMPLETED,2026-02-16 01:41:41.465448
8681,714,91,1,1742.43,PENDING,2025-12-23 23:25:41.465448
8682,389,4,3,2714.22,COMPLETED,2026-08-08 04:20:41.465448
8683,734,93,1,1026.6,COMPLETED,2026-05-17 22:19:41.465448
8684,985,134,2,3200.68,CANCELLED,2026-08-14 23:57:41.465448
8685,912,184,1,250.83,PENDING,2026-06-09 19:56:41.465448
8686,543,6,4,3254.04,CANCELLED,2026-07-06 00:42:41.465448
8687,164,86,3,4263.75,COMPLETED,2026-07-08 21:34:41.465448
8688,530,12,3,5034.48,COMPLETED,2025-11-26 09:38:41.465448
8689,694,84,2,3701.44,CANCELLED,2026-01-19 18:17:41.465448
8690,848,121,2,2368.82,COMPLETED,2026-08-16 19:18:41.465448
8691,501,107,4,6301.56,COMPLETED,2025-12-27 06:33:41.465448
8692,974,135,4,1902.48,CANCELLED,2025-09-15 00:25:41.465448
8693,782,96,5,1463.5,COMPLETED,2025-12-21 12:26:41.465448
8694,592,186,3,1524.27,CANCELLED,2026-01-16 04:43:41.465448
8695,429,156,3,1653.09,COMPLETED,2026-07-03 00:25:41.465448
8696,754,196,2,2554.82,COMPLETED,2026-08-10 04:52:41.465448
8697,349,186,3,1524.27,COMPLETED,2025-12-27 08:09:41.465448
8698,630,126,2,2437.7,PENDING,2026-06-22 18:41:41.465448
8699,666,114,5,2439.3,COMPLETED,2026-05-18 00:56:41.465448
8700,348,83,1,884.86,CANCELLED,2026-05-21 09:45:41.465448
8701,417,166,5,1810.65,COMPLETED,2026-01-16 14:39:41.465448
8702,204,88,5,1804.9,COMPLETED,2026-07-05 04:00:41.465448
8703,300,105,3,5123.85,CANCELLED,2026-02-15 05:24:41.465448
8704,977,77,4,5752.4,CANCELLED,2026-04-21 03:31:41.465448
8705,852,130,3,5750.73,COMPLETED,2025-11-26 22:49:41.465448
8706,45,5,1,260.2,PENDING,2025-11-11 20:37:41.465448
8707,500,85,1,995.72,COMPLETED,2025-12-05 14:06:41.465448
8708,346,107,3,4726.17,CANCELLED,2026-02-06 21:30:41.465448
8709,247,100,1,134.04,CANCELLED,2026-01-21 00:25:41.465448
8710,620,59,1,1214.25,COMPLETED,2026-02-03 00:57:41.465448
8711,719,34,4,7888.04,CANCELLED,2026-07-03 07:13:41.465448
8712,10,183,2,758.52,COMPLETED,2026-08-20 16:28:41.465448
8713,528,91,2,3484.86,PENDING,2026-01-29 22:27:41.465448
8714,858,130,4,7667.64,COMPLETED,2025-12-31 09:52:41.465448
8715,186,173,2,2536.14,CANCELLED,2026-05-28 10:35:41.465448
8716,998,57,1,1241.69,PENDING,2025-11-02 20:47:41.465448
8717,77,196,2,2554.82,PENDING,2025-09-13 13:28:41.465448
8718,821,8,3,3547.56,COMPLETED,2026-04-03 15:46:41.465448
8719,984,20,5,6877.4,CANCELLED,2026-06-19 04:26:41.465448
8720,355,10,5,4204.85,COMPLETED,2025-12-27 18:54:41.465448
8721,165,80,5,6527.1,COMPLETED,2026-05-30 19:39:41.465448
8722,248,6,1,813.51,COMPLETED,2026-01-02 12:56:41.465448
8723,659,191,4,3125.04,COMPLETED,2025-09-25 04:06:41.465448
8724,776,173,1,1268.07,COMPLETED,2025-11-05 20:31:41.465448
8725,54,102,1,439.03,COMPLETED,2026-06-21 00:54:41.465448
8726,885,93,1,1026.6,COMPLETED,2025-11-26 19:55:41.465448
8727,968,119,3,2117.28,COMPLETED,2026-02-13 23:58:41.465448
8728,655,79,1,316.1,PENDING,2026-03-18 04:24:41.465448
8729,637,53,1,1409.28,CANCELLED,2026-03-11 19:20:41.465448
8730,690,180,3,183.39,CANCELLED,2026-06-26 21:39:41.465448
8731,142,165,5,7134.45,CANCELLED,2026-07-28 11:54:41.465448
8732,408,38,2,2661.2,PENDING,2025-11-24 18:48:41.465448
8733,822,45,4,2949.56,CANCELLED,2025-12-14 02:17:41.465448
8734,13,107,1,1575.39,CANCELLED,2026-09-06 11:28:41.465448
8735,15,161,3,5703.36,CANCELLED,2025-11-14 07:04:41.465448
8736,801,134,3,4801.02,CANCELLED,2026-02-10 10:38:41.465448
8737,721,194,1,1723.76,COMPLETED,2025-11-01 09:39:41.465448
8738,243,157,1,632.4,COMPLETED,2025-09-24 16:58:41.465448
8739,611,35,3,1834.62,COMPLETED,2026-06-25 19:29:41.465448
8740,279,180,4,244.52,CANCELLED,2025-12-29 05:25:41.465448
8741,261,28,4,7428.8,COMPLETED,2026-03-31 00:05:41.465448
8742,635,120,3,4532.1,COMPLETED,2026-08-23 09:21:41.465448
8743,292,57,3,3725.07,COMPLETED,2026-08-26 00:30:41.465448
8744,671,64,3,2576.07,COMPLETED,2026-05-31 06:01:41.465448
8745,168,62,4,7664.84,CANCELLED,2025-10-10 11:05:41.465448
8746,208,167,1,724.16,COMPLETED,2026-07-12 16:23:41.465448
8747,866,161,1,1901.12,COMPLETED,2026-08-20 05:16:41.465448
8748,350,89,5,6893.15,COMPLETED,2026-04-09 21:22:41.465448
8749,824,1,4,6272.32,COMPLETED,2026-05-14 15:34:41.465448
8750,491,156,4,2204.12,COMPLETED,2025-11-14 09:12:41.465448
8751,643,142,4,1823.52,COMPLETED,2025-11-25 13:43:41.465448
8752,519,190,4,7133.56,COMPLETED,2026-09-02 06:57:41.465448
8753,680,70,3,5019.15,COMPLETED,2026-08-02 06:03:41.465448
8754,118,131,4,3863.12,PENDING,2025-10-16 05:14:41.465448
8755,692,126,1,1218.85,COMPLETED,2026-08-28 03:59:41.465448
8756,64,153,4,613.56,COMPLETED,2026-08-20 21:10:41.465448
8757,259,19,3,1577.04,COMPLETED,2025-09-14 06:44:41.465448
8758,208,187,2,1683.34,COMPLETED,2026-08-22 09:59:41.465448
8759,822,72,2,671.16,COMPLETED,2026-01-07 21:45:41.465448
8760,93,122,4,5171.04,PENDING,2026-04-30 16:54:41.465448
8761,735,85,5,4978.6,CANCELLED,2026-02-03 14:47:41.465448
8762,325,1,1,1568.08,COMPLETED,2026-04-02 08:34:41.465448
8763,606,88,2,721.96,COMPLETED,2026-04-01 15:47:41.465448
8764,933,29,5,9946.6,COMPLETED,2025-12-14 16:54:41.465448
8765,614,103,5,8956.3,COMPLETED,2026-05-05 01:55:41.465448
8766,946,13,1,1674.08,COMPLETED,2026-04-21 00:55:41.465448
8767,915,12,5,8390.8,COMPLETED,2025-12-30 01:39:41.465448
8768,158,2,3,4554.24,PENDING,2025-12-19 11:27:41.465448
8769,534,195,4,6596.52,COMPLETED,2026-05-30 17:56:41.465448
8770,743,2,1,1518.08,PENDING,2026-07-12 20:09:41.465448
8771,861,166,3,1086.39,PENDING,2026-09-01 23:36:41.465448
8772,974,94,3,5747.94,COMPLETED,2026-03-20 01:25:41.465448
8773,804,82,3,5143.71,PENDING,2026-01-04 03:46:41.465448
8774,378,161,5,9505.6,COMPLETED,2025-10-07 21:54:41.465448
8775,252,77,5,7190.5,COMPLETED,2026-09-05 20:45:41.465448
8776,924,139,3,3702.12,PENDING,2025-10-23 04:22:41.465448
8777,853,11,3,1408.95,COMPLETED,2025-12-26 15:40:41.465448
8778,492,111,1,756.62,PENDING,2025-10-13 18:26:41.465448
8779,242,19,1,525.68,CANCELLED,2026-07-08 04:10:41.465448
8780,520,33,2,1099.62,COMPLETED,2026-09-04 15:06:41.465448
8781,40,125,5,3904.85,COMPLETED,2026-07-11 14:09:41.465448
8782,669,163,2,2379.0,PENDING,2026-02-16 23:32:41.465448
8783,606,58,1,1609.24,COMPLETED,2026-05-02 06:11:41.465448
8784,864,3,5,5467.3,PENDING,2026-08-13 07:21:41.465448
8785,994,51,1,1742.28,CANCELLED,2026-07-10 06:58:41.465448
8786,792,124,2,2804.32,COMPLETED,2025-12-07 09:21:41.465448
8787,248,56,4,7052.88,PENDING,2025-12-25 04:47:41.465448
8788,142,47,3,873.06,COMPLETED,2026-02-16 19:17:41.465448
8789,726,65,2,3431.9,COMPLETED,2025-12-16 17:03:41.465448
8790,958,157,4,2529.6,COMPLETED,2026-02-27 23:13:41.465448
8791,582,178,1,686.58,CANCELLED,2025-09-17 07:17:41.465448
8792,617,192,5,6256.8,COMPLETED,2026-01-12 20:18:41.465448
8793,39,107,5,7876.95,CANCELLED,2026-01-27 18:32:41.465448
8794,816,76,1,368.91,PENDING,2026-01-23 09:55:41.465448
8795,956,23,4,6642.16,COMPLETED,2026-07-08 16:07:41.465448
8796,125,79,2,632.2,COMPLETED,2026-04-12 02:12:41.465448
8797,182,79,3,948.3,COMPLETED,2026-05-09 10:17:41.465448
8798,533,149,5,7664.55,COMPLETED,2025-11-28 12:01:41.465448
8799,867,138,1,1498.05,PENDING,2025-11-19 05:09:41.465448
8800,309,195,3,4947.39,COMPLETED,2026-04-21 17:30:41.465448
8801,174,133,3,3478.68,COMPLETED,2025-09-26 16:06:41.465448
8802,930,52,5,5597.35,COMPLETED,2026-03-25 17:32:41.465448
8803,468,156,3,1653.09,COMPLETED,2026-01-05 06:13:41.465448
8804,212,26,3,4908.78,PENDING,2026-02-11 03:10:41.465448
8805,993,25,3,4593.33,COMPLETED,2026-03-14 15:24:41.465448
8806,444,134,2,3200.68,COMPLETED,2026-09-01 19:55:41.465448
8807,255,23,4,6642.16,COMPLETED,2025-12-01 21:02:41.465448
8808,169,158,4,3809.84,CANCELLED,2025-12-22 14:45:41.465448
8809,678,47,3,873.06,CANCELLED,2026-07-07 20:38:41.465448
8810,488,173,3,3804.21,PENDING,2026-04-07 06:10:41.465448
8811,389,160,1,1505.58,COMPLETED,2026-02-20 18:46:41.465448
8812,782,20,2,2750.96,COMPLETED,2025-09-23 09:21:41.465448
8813,991,140,3,4399.35,COMPLETED,2026-01-10 14:28:41.465448
8814,899,71,4,6189.28,COMPLETED,2026-04-29 07:44:41.465448
8815,165,161,3,5703.36,COMPLETED,2026-01-22 02:51:41.465448
8816,933,168,3,3803.16,CANCELLED,2026-06-17 11:02:41.465448
8817,827,32,2,2540.68,COMPLETED,2026-03-25 05:31:41.465448
8818,131,132,4,635.52,COMPLETED,2026-05-21 15:34:41.465448
8819,820,107,1,1575.39,COMPLETED,2026-03-30 00:01:41.465448
8820,782,5,3,780.6,COMPLETED,2025-11-10 04:02:41.465448
8821,860,62,4,7664.84,COMPLETED,2026-05-23 06:58:41.465448
8822,317,63,1,1647.66,COMPLETED,2026-03-29 12:30:41.465448
8823,955,56,5,8816.1,PENDING,2026-03-21 07:01:41.465448
8824,726,56,1,1763.22,COMPLETED,2026-08-13 23:19:41.465448
8825,666,16,4,4396.52,COMPLETED,2025-09-17 14:43:41.465448
8826,818,176,5,3020.5,PENDING,2025-12-12 22:28:41.465448
8827,712,142,2,911.76,CANCELLED,2025-12-05 21:29:41.465448
8828,264,177,3,1105.38,PENDING,2026-03-19 16:56:41.465448
8829,599,161,4,7604.48,COMPLETED,2026-09-03 00:33:41.465448
8830,804,71,2,3094.64,CANCELLED,2025-11-22 23:09:41.465448
8831,386,45,2,1474.78,CANCELLED,2026-09-08 03:43:41.465448
8832,291,16,4,4396.52,PENDING,2025-11-19 22:31:41.465448
8833,647,76,5,1844.55,CANCELLED,2026-05-31 03:49:41.465448
8834,415,50,2,1919.22,CANCELLED,2026-06-15 05:02:41.465448
8835,968,9,3,964.23,PENDING,2025-11-20 08:35:41.465448
8836,923,85,2,1991.44,COMPLETED,2026-04-24 23:51:41.465448
8837,348,43,5,9662.9,COMPLETED,2026-02-22 22:33:41.465448
8838,930,118,2,3102.38,COMPLETED,2026-06-30 01:02:41.465448
8839,411,1,2,3136.16,COMPLETED,2026-02-20 07:47:41.465448
8840,389,68,5,2285.05,COMPLETED,2025-11-15 02:04:41.465448
8841,664,81,3,4084.2,COMPLETED,2026-02-06 04:42:41.465448
8842,859,170,3,3032.13,COMPLETED,2026-04-04 11:59:41.465448
8843,584,65,5,8579.75,CANCELLED,2026-03-25 21:30:41.465448
8844,71,93,2,2053.2,CANCELLED,2026-03-22 06:25:41.465448
8845,757,10,4,3363.88,COMPLETED,2025-12-23 18:23:41.465448
8846,961,59,2,2428.5,CANCELLED,2025-12-19 18:35:41.465448
8847,54,15,3,3606.96,COMPLETED,2026-04-20 15:30:41.465448
8848,944,83,2,1769.72,COMPLETED,2025-10-15 15:42:41.465448
8849,754,124,4,5608.64,COMPLETED,2025-12-11 02:06:41.465448
8850,106,118,3,4653.57,PENDING,2025-10-30 12:00:41.465448
8851,43,86,1,1421.25,COMPLETED,2026-01-08 02:53:41.465448
8852,848,132,3,476.64,CANCELLED,2026-01-30 23:01:41.465448
8853,838,143,3,5323.95,CANCELLED,2026-02-15 02:35:41.465448
8854,239,194,1,1723.76,CANCELLED,2025-10-26 09:04:41.465448
8855,236,42,4,7159.72,COMPLETED,2026-02-11 14:02:41.465448
8856,575,23,5,8302.7,COMPLETED,2026-07-10 18:33:41.465448
8857,537,7,5,3265.8,PENDING,2026-02-23 09:59:41.465448
8858,828,58,5,8046.2,CANCELLED,2025-09-19 02:06:41.465448
8859,683,128,2,830.78,PENDING,2025-11-05 18:55:41.465448
8860,963,5,1,260.2,COMPLETED,2026-01-07 21:10:41.465448
8861,168,178,3,2059.74,CANCELLED,2025-12-29 17:56:41.465448
8862,223,172,5,658.3,PENDING,2025-11-12 21:54:41.465448
8863,601,101,2,3841.4,COMPLETED,2025-11-28 14:03:41.465448
8864,593,155,4,4052.8,COMPLETED,2026-01-14 23:51:41.465448
8865,840,108,1,41.53,COMPLETED,2026-08-26 09:39:41.465448
8866,861,13,1,1674.08,COMPLETED,2026-09-12 16:15:41.465448
8867,402,189,3,1158.12,COMPLETED,2026-08-09 17:39:41.465448
8868,791,93,1,1026.6,CANCELLED,2026-01-14 02:33:41.465448
8869,344,111,3,2269.86,PENDING,2026-06-11 05:53:41.465448
8870,512,111,3,2269.86,COMPLETED,2026-09-10 15:08:41.465448
8871,424,108,2,83.06,COMPLETED,2026-05-08 15:40:41.465448
8872,745,95,5,8579.7,PENDING,2025-12-02 05:57:41.465448
8873,148,111,5,3783.1,COMPLETED,2026-08-10 07:32:41.465448
8874,643,11,5,2348.25,PENDING,2025-09-29 08:17:41.465448
8875,571,23,2,3321.08,COMPLETED,2026-04-17 18:27:41.465448
8876,589,127,5,2764.2,COMPLETED,2025-09-19 09:02:41.465448
8877,259,170,5,5053.55,COMPLETED,2025-10-28 11:02:41.465448
8878,317,65,4,6863.8,COMPLETED,2026-08-18 10:48:41.465448
8879,326,82,3,5143.71,COMPLETED,2026-06-16 04:55:41.465448
8880,39,180,3,183.39,COMPLETED,2026-06-24 11:07:41.465448
8881,378,110,1,1999.92,PENDING,2025-09-27 16:28:41.465448
8882,623,33,5,2749.05,COMPLETED,2026-06-15 13:49:41.465448
8883,776,181,1,485.53,COMPLETED,2026-08-29 09:02:41.465448
8884,816,58,1,1609.24,COMPLETED,2026-05-24 06:26:41.465448
8885,785,32,5,6351.7,COMPLETED,2026-04-17 17:54:41.465448
8886,242,142,5,2279.4,CANCELLED,2026-08-29 14:22:41.465448
8887,847,143,1,1774.65,COMPLETED,2026-05-25 10:35:41.465448
8888,558,43,5,9662.9,CANCELLED,2026-06-12 14:11:41.465448
8889,81,141,5,809.95,COMPLETED,2025-12-19 13:50:41.465448
8890,841,84,1,1850.72,CANCELLED,2025-10-15 17:37:41.465448
8891,282,159,3,2454.63,COMPLETED,2025-10-14 20:39:41.465448
8892,31,171,3,1183.53,PENDING,2025-11-19 23:21:41.465448
8893,658,14,3,2162.79,COMPLETED,2026-08-06 08:15:41.465448
8894,722,100,2,268.08,PENDING,2026-04-16 19:38:41.465448
8895,861,113,3,5961.63,COMPLETED,2026-02-05 18:35:41.465448
8896,102,104,2,477.94,COMPLETED,2026-06-23 13:23:41.465448
8897,689,46,1,11.38,COMPLETED,2026-05-08 10:30:41.465448
8898,180,87,3,1802.88,COMPLETED,2026-04-27 02:59:41.465448
8899,251,179,3,1824.72,COMPLETED,2025-12-18 03:01:41.465448
8900,805,114,4,1951.44,CANCELLED,2025-12-16 15:30:41.465448
8901,542,37,5,7333.9,PENDING,2025-09-15 18:40:41.465448
8902,278,158,2,1904.92,COMPLETED,2025-11-04 09:11:41.465448
8903,507,3,1,1093.46,COMPLETED,2025-09-24 16:21:41.465448
8904,61,173,2,2536.14,COMPLETED,2026-01-26 01:18:41.465448
8905,180,69,3,5201.46,COMPLETED,2026-04-11 12:55:41.465448
8906,615,174,5,4792.75,COMPLETED,2026-04-12 07:20:41.465448
8907,943,166,5,1810.65,COMPLETED,2026-08-27 01:41:41.465448
8908,628,163,4,4758.0,PENDING,2026-07-22 00:44:41.465448
8909,662,1,1,1568.08,CANCELLED,2026-01-06 06:55:41.465448
8910,798,15,2,2404.64,COMPLETED,2026-04-05 12:07:41.465448
8911,264,144,4,1984.4,CANCELLED,2026-06-25 09:50:41.465448
8912,205,93,5,5133.0,COMPLETED,2026-05-09 18:40:41.465448
8913,658,82,5,8572.85,PENDING,2026-07-22 23:52:41.465448
8914,242,132,2,317.76,COMPLETED,2026-07-10 01:19:41.465448
8915,91,133,5,5797.8,COMPLETED,2025-12-18 23:51:41.465448
8916,490,85,3,2987.16,CANCELLED,2026-03-25 00:30:41.465448
8917,11,109,5,4909.3,COMPLETED,2026-07-17 11:03:41.465448
8918,709,92,1,343.54,COMPLETED,2026-05-04 02:22:41.465448
8919,89,148,2,1089.58,COMPLETED,2026-01-05 17:51:41.465448
8920,800,169,3,5536.02,PENDING,2026-01-12 22:55:41.465448
8921,631,114,2,975.72,COMPLETED,2026-01-11 03:54:41.465448
8922,20,100,5,670.2,PENDING,2026-02-03 16:52:41.465448
8923,567,184,2,501.66,PENDING,2025-10-22 18:26:41.465448
8924,808,189,3,1158.12,COMPLETED,2025-12-31 14:49:41.465448
8925,928,38,2,2661.2,COMPLETED,2026-06-17 02:28:41.465448
8926,891,193,1,1040.21,COMPLETED,2026-01-22 15:33:41.465448
8927,734,135,4,1902.48,CANCELLED,2026-03-11 06:17:41.465448
8928,860,24,2,2700.6,COMPLETED,2025-11-12 08:21:41.465448
8929,985,106,5,6221.8,COMPLETED,2026-07-04 14:49:41.465448
8930,494,134,5,8001.7,PENDING,2026-08-03 10:38:41.465448
8931,497,178,1,686.58,COMPLETED,2025-12-31 11:00:41.465448
8932,426,92,1,343.54,COMPLETED,2025-09-24 07:27:41.465448
8933,189,118,1,1551.19,PENDING,2026-06-12 18:27:41.465448
8934,618,158,5,4762.3,PENDING,2026-09-07 04:49:41.465448
8935,162,21,4,7864.44,COMPLETED,2025-10-30 11:22:41.465448
8936,335,158,4,3809.84,CANCELLED,2026-01-10 12:46:41.465448
8937,912,72,5,1677.9,CANCELLED,2025-12-08 20:35:41.465448
8938,832,38,2,2661.2,COMPLETED,2026-06-15 21:29:41.465448
8939,585,2,4,6072.32,COMPLETED,2026-07-08 02:44:41.465448
8940,690,133,4,4638.24,COMPLETED,2026-06-21 15:43:41.465448
8941,66,148,3,1634.37,COMPLETED,2026-08-18 20:04:41.465448
8942,75,41,5,6048.15,COMPLETED,2026-05-26 09:00:41.465448
8943,107,64,5,4293.45,COMPLETED,2026-06-25 13:03:41.465448
8944,82,29,3,5967.96,COMPLETED,2026-01-02 18:03:41.465448
8945,104,111,1,756.62,COMPLETED,2025-10-05 17:03:41.465448
8946,269,194,3,5171.28,COMPLETED,2025-12-15 01:02:41.465448
8947,382,133,4,4638.24,COMPLETED,2025-12-26 00:04:41.465448
8948,29,44,3,4920.9,COMPLETED,2026-01-30 06:43:41.465448
8949,578,178,5,3432.9,COMPLETED,2026-05-17 07:56:41.465448
8950,267,86,2,2842.5,PENDING,2026-04-07 21:54:41.465448
8951,503,133,4,4638.24,CANCELLED,2026-03-28 01:12:41.465448
8952,903,149,3,4598.73,COMPLETED,2026-01-18 08:24:41.465448
8953,85,14,1,720.93,CANCELLED,2026-08-11 16:32:41.465448
8954,781,73,2,1713.5,CANCELLED,2026-01-19 20:30:41.465448
8955,207,85,3,2987.16,CANCELLED,2025-12-21 10:01:41.465448
8956,28,64,1,858.69,PENDING,2026-04-06 09:12:41.465448
8957,767,100,5,670.2,PENDING,2026-07-08 06:00:41.465448
8958,395,140,2,2932.9,PENDING,2026-04-04 01:40:41.465448
8959,361,117,1,507.96,CANCELLED,2025-10-21 06:07:41.465448
8960,932,28,2,3714.4,PENDING,2026-03-31 19:03:41.465448
8961,950,71,1,1547.32,COMPLETED,2025-11-15 03:16:41.465448
8962,613,56,5,8816.1,PENDING,2026-06-11 07:23:41.465448
8963,542,29,5,9946.6,COMPLETED,2026-01-29 20:49:41.465448
8964,91,2,2,3036.16,CANCELLED,2026-07-26 09:31:41.465448
8965,880,163,3,3568.5,COMPLETED,2025-12-12 12:29:41.465448
8966,812,185,3,2255.22,COMPLETED,2025-10-19 06:34:41.465448
8967,668,57,1,1241.69,COMPLETED,2026-06-03 11:19:41.465448
8968,14,100,5,670.2,CANCELLED,2025-11-09 21:41:41.465448
8969,981,97,2,3571.9,CANCELLED,2026-01-10 07:12:41.465448
8970,82,51,5,8711.4,PENDING,2026-07-12 21:45:41.465448
8971,94,113,2,3974.42,COMPLETED,2025-10-02 11:47:41.465448
8972,28,68,2,914.02,COMPLETED,2026-02-25 20:14:41.465448
8973,886,11,4,1878.6,PENDING,2026-08-01 22:46:41.465448
8974,594,73,2,1713.5,COMPLETED,2026-03-17 22:16:41.465448
8975,148,40,3,2767.86,COMPLETED,2025-10-12 18:11:41.465448
8976,505,6,4,3254.04,CANCELLED,2026-07-21 13:43:41.465448
8977,558,81,2,2722.8,CANCELLED,2025-11-23 09:26:41.465448
8978,285,10,3,2522.91,COMPLETED,2025-12-23 23:01:41.465448
8979,487,153,3,460.17,CANCELLED,2026-02-11 02:39:41.465448
8980,836,143,4,7098.6,COMPLETED,2026-07-03 19:40:41.465448
8981,265,173,2,2536.14,CANCELLED,2026-04-22 07:21:41.465448
8982,780,179,5,3041.2,PENDING,2026-02-23 10:09:41.465448
8983,217,111,4,3026.48,CANCELLED,2026-02-24 00:20:41.465448
8984,506,101,2,3841.4,COMPLETED,2025-09-21 22:26:41.465448
8985,434,135,2,951.24,COMPLETED,2026-07-13 17:57:41.465448
8986,735,106,2,2488.72,CANCELLED,2026-04-28 16:02:41.465448
8987,461,164,4,7713.2,COMPLETED,2026-06-04 12:24:41.465448
8988,617,60,2,3753.6,COMPLETED,2026-04-17 05:12:41.465448
8989,149,94,3,5747.94,CANCELLED,2025-12-14 15:29:41.465448
8990,686,131,2,1931.56,COMPLETED,2026-03-13 05:25:41.465448
8991,964,39,4,7378.12,COMPLETED,2026-08-23 02:46:41.465448
8992,178,3,5,5467.3,COMPLETED,2026-06-07 08:13:41.465448
8993,710,21,2,3932.22,COMPLETED,2025-09-26 00:56:41.465448
8994,828,17,3,2772.54,PENDING,2026-02-28 00:16:41.465448
8995,484,32,2,2540.68,PENDING,2026-05-08 13:10:41.465448
8996,208,192,2,2502.72,PENDING,2026-03-20 01:54:41.465448
8997,38,134,1,1600.34,COMPLETED,2026-06-07 08:56:41.465448
8998,928,82,2,3429.14,COMPLETED,2026-03-09 09:35:41.465448
8999,154,29,4,7957.28,COMPLETED,2026-03-14 09:14:41.465448
9000,650,62,4,7664.84,COMPLETED,2026-03-09 14:51:41.465448
9001,747,30,1,1124.6,PENDING,2025-10-31 13:45:41.465448
9002,636,82,2,3429.14,PENDING,2026-04-27 09:04:41.465448
9003,177,155,4,4052.8,COMPLETED,2026-07-27 14:15:41.465448
9004,194,125,5,3904.85,COMPLETED,2026-04-27 14:46:41.465448
9005,216,87,2,1201.92,PENDING,2026-07-12 06:36:41.465448
9006,789,163,3,3568.5,CANCELLED,2026-05-30 16:55:41.465448
9007,608,124,3,4206.48,COMPLETED,2026-02-01 17:08:41.465448
9008,719,92,5,1717.7,PENDING,2026-01-04 11:55:41.465448
9009,296,94,1,1915.98,CANCELLED,2025-10-14 04:39:41.465448
9010,219,36,5,4506.9,COMPLETED,2026-05-02 12:19:41.465448
9011,899,89,2,2757.26,COMPLETED,2026-02-05 20:01:41.465448
9012,200,174,5,4792.75,COMPLETED,2026-06-06 11:55:41.465448
9013,94,114,3,1463.58,CANCELLED,2026-01-28 04:03:41.465448
9014,136,123,3,5401.92,COMPLETED,2026-01-03 09:14:41.465448
9015,773,199,4,2074.68,COMPLETED,2025-12-05 21:48:41.465448
9016,537,153,3,460.17,COMPLETED,2026-02-21 03:35:41.465448
9017,425,19,4,2102.72,CANCELLED,2026-08-16 10:48:41.465448
9018,132,189,5,1930.2,COMPLETED,2026-08-17 06:07:41.465448
9019,843,96,3,878.1,CANCELLED,2025-10-16 18:57:41.465448
9020,45,187,1,841.67,COMPLETED,2026-05-01 08:52:41.465448
9021,150,173,2,2536.14,CANCELLED,2026-09-02 02:02:41.465448
9022,134,36,5,4506.9,PENDING,2026-01-26 01:28:41.465448
9023,855,49,3,2949.63,CANCELLED,2026-08-27 14:14:41.465448
9024,530,163,4,4758.0,COMPLETED,2026-04-02 23:27:41.465448
9025,897,33,3,1649.43,COMPLETED,2026-07-15 11:29:41.465448
9026,143,170,2,2021.42,PENDING,2025-10-18 16:17:41.465448
9027,651,192,2,2502.72,COMPLETED,2026-08-28 04:56:41.465448
9028,469,6,2,1627.02,CANCELLED,2025-12-12 07:28:41.465448
9029,250,194,5,8618.8,COMPLETED,2026-08-30 14:23:41.465448
9030,695,128,4,1661.56,CANCELLED,2026-02-13 08:58:41.465448
9031,564,180,2,122.26,COMPLETED,2025-12-11 13:02:41.465448
9032,559,176,1,604.1,COMPLETED,2026-08-15 21:18:41.465448
9033,866,51,3,5226.84,COMPLETED,2025-12-31 08:13:41.465448
9034,703,8,2,2365.04,COMPLETED,2025-09-18 07:13:41.465448
9035,190,194,2,3447.52,PENDING,2025-12-14 01:26:41.465448
9036,281,162,1,1243.83,COMPLETED,2026-05-08 01:18:41.465448
9037,217,10,5,4204.85,COMPLETED,2026-08-19 01:52:41.465448
9038,877,122,2,2585.52,CANCELLED,2026-04-23 09:46:41.465448
9039,116,4,5,4523.7,COMPLETED,2026-02-12 12:45:41.465448
9040,527,86,5,7106.25,CANCELLED,2026-05-15 09:44:41.465448
9041,31,23,2,3321.08,COMPLETED,2026-05-31 11:10:41.465448
9042,596,178,3,2059.74,COMPLETED,2026-02-01 19:04:41.465448
9043,165,43,2,3865.16,COMPLETED,2025-10-01 23:47:41.465448
9044,179,126,2,2437.7,COMPLETED,2026-08-18 19:58:41.465448
9045,38,85,3,2987.16,PENDING,2025-10-18 23:21:41.465448
9046,572,70,5,8365.25,CANCELLED,2026-07-23 21:26:41.465448
9047,818,166,1,362.13,PENDING,2026-07-19 20:42:41.465448
9048,612,71,2,3094.64,CANCELLED,2026-03-18 10:43:41.465448
9049,599,77,2,2876.2,CANCELLED,2025-10-12 18:29:41.465448
9050,390,99,1,824.6,COMPLETED,2026-08-15 07:26:41.465448
9051,837,1,4,6272.32,COMPLETED,2026-05-31 21:08:41.465448
9052,851,181,2,971.06,CANCELLED,2025-11-15 09:38:41.465448
9053,731,25,1,1531.11,CANCELLED,2025-11-13 12:15:41.465448
9054,415,104,1,238.97,COMPLETED,2026-09-11 00:52:41.465448
9055,959,11,5,2348.25,COMPLETED,2026-06-10 17:14:41.465448
9056,371,109,4,3927.44,CANCELLED,2026-06-28 02:47:41.465448
9057,950,131,5,4828.9,COMPLETED,2026-08-18 03:30:41.465448
9058,312,34,1,1972.01,COMPLETED,2026-05-06 19:46:41.465448
9059,662,191,2,1562.52,CANCELLED,2026-08-02 16:43:41.465448
9060,620,121,3,3553.23,CANCELLED,2025-12-27 23:58:41.465448
9061,680,4,1,904.74,COMPLETED,2026-05-22 00:16:41.465448
9062,518,149,1,1532.91,CANCELLED,2026-03-24 02:32:41.465448
9063,286,197,2,2133.84,PENDING,2026-06-11 21:41:41.465448
9064,686,102,2,878.06,COMPLETED,2026-05-06 06:56:41.465448
9065,123,88,2,721.96,PENDING,2026-08-02 02:20:41.465448
9066,14,120,2,3021.4,COMPLETED,2025-12-25 22:01:41.465448
9067,900,113,1,1987.21,CANCELLED,2026-05-31 01:13:41.465448
9068,679,17,2,1848.36,COMPLETED,2025-09-30 19:57:41.465448
9069,828,34,3,5916.03,COMPLETED,2025-12-22 16:54:41.465448
9070,843,109,4,3927.44,PENDING,2025-09-19 14:11:41.465448
9071,499,153,5,766.95,CANCELLED,2025-10-22 14:42:41.465448
9072,614,62,5,9581.05,CANCELLED,2025-10-17 23:09:41.465448
9073,871,115,5,9245.5,PENDING,2026-03-14 00:36:41.465448
9074,342,151,4,866.8,COMPLETED,2026-02-23 12:11:41.465448
9075,673,95,2,3431.88,CANCELLED,2026-06-21 19:31:41.465448
9076,396,196,2,2554.82,COMPLETED,2025-09-30 05:10:41.465448
9077,849,167,2,1448.32,COMPLETED,2025-11-14 11:39:41.465448
9078,208,51,2,3484.56,PENDING,2026-07-27 11:46:41.465448
9079,906,161,4,7604.48,COMPLETED,2026-07-08 08:10:41.465448
9080,743,193,5,5201.05,COMPLETED,2025-09-29 08:29:41.465448
9081,338,198,1,1022.84,CANCELLED,2025-12-12 05:40:41.465448
9082,5,113,2,3974.42,COMPLETED,2026-04-07 21:48:41.465448
9083,559,90,4,560.88,PENDING,2026-01-28 08:30:41.465448
9084,745,148,3,1634.37,PENDING,2025-10-03 11:06:41.465448
9085,336,64,2,1717.38,COMPLETED,2025-10-05 03:24:41.465448
9086,945,91,3,5227.29,PENDING,2026-01-03 08:21:41.465448
9087,157,85,2,1991.44,COMPLETED,2026-09-03 15:29:41.465448
9088,977,11,1,469.65,COMPLETED,2026-06-07 04:16:41.465448
9089,700,93,4,4106.4,COMPLETED,2026-01-07 01:28:41.465448
9090,978,118,5,7755.95,CANCELLED,2026-07-25 11:42:41.465448
9091,525,72,5,1677.9,COMPLETED,2026-07-31 18:05:41.465448
9092,965,9,4,1285.64,COMPLETED,2026-07-14 23:00:41.465448
9093,22,15,5,6011.6,COMPLETED,2025-11-30 04:12:41.465448
9094,727,126,4,4875.4,COMPLETED,2026-04-27 07:16:41.465448
9095,681,93,2,2053.2,CANCELLED,2025-10-11 10:59:41.465448
9096,339,75,1,1239.9,COMPLETED,2025-11-22 04:43:41.465448
9097,30,142,4,1823.52,COMPLETED,2025-12-06 16:26:41.465448
9098,529,192,5,6256.8,COMPLETED,2026-07-23 17:50:41.465448
9099,172,162,1,1243.83,COMPLETED,2026-03-25 20:19:41.465448
9100,299,36,1,901.38,COMPLETED,2026-01-08 13:38:41.465448
9101,892,12,2,3356.32,COMPLETED,2026-07-22 15:52:41.465448
9102,128,43,1,1932.58,COMPLETED,2026-08-04 00:24:41.465448
9103,526,191,2,1562.52,PENDING,2026-03-06 15:40:41.465448
9104,456,57,2,2483.38,CANCELLED,2026-07-10 06:41:41.465448
9105,55,165,1,1426.89,CANCELLED,2026-06-06 17:05:41.465448
9106,495,160,3,4516.74,COMPLETED,2025-11-19 17:28:41.465448
9107,767,96,1,292.7,COMPLETED,2026-05-05 02:56:41.465448
9108,116,97,5,8929.75,COMPLETED,2026-03-02 17:38:41.465448
9109,415,111,2,1513.24,COMPLETED,2026-09-06 04:23:41.465448
9110,972,187,1,841.67,COMPLETED,2026-05-01 18:53:41.465448
9111,680,98,4,6511.0,COMPLETED,2025-10-01 02:56:41.465448
9112,432,36,3,2704.14,COMPLETED,2026-01-13 09:07:41.465448
9113,687,88,1,360.98,COMPLETED,2025-12-25 08:41:41.465448
9114,483,22,3,1339.62,COMPLETED,2025-12-22 18:22:41.465448
9115,538,37,1,1466.78,COMPLETED,2026-06-13 07:28:41.465448
9116,363,9,1,321.41,COMPLETED,2026-05-20 10:02:41.465448
9117,263,79,3,948.3,COMPLETED,2025-11-10 08:21:41.465448
9118,673,169,5,9226.7,COMPLETED,2026-02-19 08:29:41.465448
9119,365,66,4,1865.4,CANCELLED,2026-05-31 10:49:41.465448
9120,976,137,4,3770.0,COMPLETED,2026-02-13 01:06:41.465448
9121,246,155,2,2026.4,PENDING,2026-05-31 23:17:41.465448
9122,730,114,5,2439.3,COMPLETED,2026-01-16 00:46:41.465448
9123,594,92,5,1717.7,COMPLETED,2026-07-23 10:00:41.465448
9124,890,36,4,3605.52,COMPLETED,2026-03-19 06:48:41.465448
9125,286,154,2,2205.34,COMPLETED,2026-07-08 01:29:41.465448
9126,470,148,2,1089.58,COMPLETED,2026-06-21 11:45:41.465448
9127,294,117,1,507.96,CANCELLED,2026-05-05 21:57:41.465448
9128,8,11,1,469.65,COMPLETED,2026-07-28 11:55:41.465448
9129,91,200,1,1078.14,COMPLETED,2026-02-25 12:49:41.465448
9130,629,194,1,1723.76,COMPLETED,2026-03-29 18:51:41.465448
9131,173,172,3,394.98,COMPLETED,2026-08-24 14:45:41.465448
9132,479,198,2,2045.68,COMPLETED,2025-12-30 05:14:41.465448
9133,951,116,5,5848.05,PENDING,2026-08-24 10:07:41.465448
9134,711,70,3,5019.15,PENDING,2025-09-29 12:19:41.465448
9135,690,124,1,1402.16,COMPLETED,2026-03-05 14:06:41.465448
9136,756,142,1,455.88,COMPLETED,2026-05-16 00:04:41.465448
9137,617,143,1,1774.65,COMPLETED,2026-05-09 22:36:41.465448
9138,700,135,2,951.24,PENDING,2026-07-28 23:57:41.465448
9139,174,117,1,507.96,COMPLETED,2026-09-06 04:01:41.465448
9140,798,3,3,3280.38,PENDING,2025-10-16 22:57:41.465448
9141,145,138,3,4494.15,CANCELLED,2026-08-20 15:31:41.465448
9142,478,133,2,2319.12,CANCELLED,2025-12-27 12:25:41.465448
9143,599,27,1,72.28,CANCELLED,2026-07-02 13:40:41.465448
9144,125,198,1,1022.84,COMPLETED,2026-04-04 04:16:41.465448
9145,885,100,3,402.12,COMPLETED,2025-12-27 20:12:41.465448
9146,982,53,3,4227.84,COMPLETED,2026-08-07 04:30:41.465448
9147,505,70,5,8365.25,COMPLETED,2026-05-30 05:04:41.465448
9148,716,188,2,225.12,CANCELLED,2026-02-27 23:31:41.465448
9149,397,53,3,4227.84,COMPLETED,2026-03-30 23:06:41.465448
9150,543,134,5,8001.7,PENDING,2026-03-29 23:20:41.465448
9151,831,26,3,4908.78,COMPLETED,2026-08-02 12:21:41.465448
9152,473,137,2,1885.0,COMPLETED,2026-08-17 22:49:41.465448
9153,810,49,3,2949.63,COMPLETED,2026-01-19 20:15:41.465448
9154,416,152,5,2923.15,COMPLETED,2025-11-19 00:44:41.465448
9155,766,83,1,884.86,COMPLETED,2026-01-15 16:07:41.465448
9156,612,55,5,5949.85,COMPLETED,2026-02-22 13:12:41.465448
9157,270,178,5,3432.9,COMPLETED,2026-02-19 22:08:41.465448
9158,239,28,2,3714.4,COMPLETED,2026-07-22 04:32:41.465448
9159,343,87,5,3004.8,COMPLETED,2026-02-02 21:39:41.465448
9160,854,164,2,3856.6,COMPLETED,2026-04-05 12:16:41.465448
9161,237,187,5,4208.35,COMPLETED,2026-05-16 21:36:41.465448
9162,415,47,3,873.06,CANCELLED,2025-11-09 09:48:41.465448
9163,481,84,5,9253.6,CANCELLED,2025-11-05 19:59:41.465448
9164,519,28,4,7428.8,PENDING,2025-10-01 23:53:41.465448
9165,429,141,3,485.97,COMPLETED,2026-04-30 15:35:41.465448
9166,752,143,1,1774.65,PENDING,2026-05-01 21:27:41.465448
9167,683,148,2,1089.58,COMPLETED,2026-08-16 07:46:41.465448
9168,857,174,2,1917.1,CANCELLED,2026-05-07 03:05:41.465448
9169,225,157,2,1264.8,COMPLETED,2026-07-25 21:56:41.465448
9170,362,140,3,4399.35,PENDING,2025-10-10 19:12:41.465448
9171,849,60,4,7507.2,COMPLETED,2026-07-30 06:25:41.465448
9172,519,93,2,2053.2,CANCELLED,2026-03-04 08:15:41.465448
9173,115,162,1,1243.83,CANCELLED,2026-02-19 20:43:41.465448
9174,762,30,4,4498.4,COMPLETED,2026-01-26 03:13:41.465448
9175,450,68,2,914.02,CANCELLED,2025-12-09 04:13:41.465448
9176,858,115,2,3698.2,COMPLETED,2026-03-28 06:47:41.465448
9177,338,178,2,1373.16,COMPLETED,2025-12-16 16:39:41.465448
9178,228,64,4,3434.76,PENDING,2026-01-12 22:54:41.465448
9179,803,62,4,7664.84,PENDING,2026-02-10 15:02:41.465448
9180,684,115,4,7396.4,COMPLETED,2026-05-28 00:35:41.465448
9181,183,138,4,5992.2,CANCELLED,2026-07-05 08:51:41.465448
9182,919,11,2,939.3,CANCELLED,2026-02-10 13:20:41.465448
9183,59,78,3,66.3,PENDING,2026-05-23 05:04:41.465448
9184,23,102,2,878.06,COMPLETED,2026-02-08 01:50:41.465448
9185,586,183,1,379.26,PENDING,2025-10-04 05:53:41.465448
9186,137,193,4,4160.84,PENDING,2025-12-30 12:51:41.465448
9187,768,190,3,5350.17,COMPLETED,2026-01-14 21:32:41.465448
9188,410,61,2,2941.92,COMPLETED,2026-02-14 07:35:41.465448
9189,1,137,5,4712.5,COMPLETED,2026-02-05 21:54:41.465448
9190,478,148,1,544.79,PENDING,2026-04-11 20:28:41.465448
9191,404,176,2,1208.2,COMPLETED,2026-05-04 08:41:41.465448
9192,376,7,1,653.16,PENDING,2026-01-01 15:32:41.465448
9193,13,117,1,507.96,COMPLETED,2025-10-27 16:23:41.465448
9194,446,138,5,7490.25,PENDING,2025-10-25 22:19:41.465448
9195,276,36,5,4506.9,COMPLETED,2026-01-13 13:04:41.465448
9196,246,116,5,5848.05,COMPLETED,2025-09-14 02:30:41.465448
9197,499,134,1,1600.34,COMPLETED,2026-08-07 12:18:41.465448
9198,541,5,3,780.6,COMPLETED,2026-06-24 08:23:41.465448
9199,360,52,1,1119.47,CANCELLED,2026-04-22 17:15:41.465448
9200,913,70,3,5019.15,COMPLETED,2026-06-16 23:18:41.465448
9201,183,115,1,1849.1,PENDING,2026-01-24 08:49:41.465448
9202,945,76,1,368.91,COMPLETED,2026-05-23 16:34:41.465448
9203,962,180,2,122.26,COMPLETED,2026-03-06 08:04:41.465448
9204,231,22,2,893.08,COMPLETED,2026-02-15 13:24:41.465448
9205,642,104,2,477.94,PENDING,2025-12-12 14:30:41.465448
9206,817,169,2,3690.68,PENDING,2026-04-19 02:02:41.465448
9207,391,88,1,360.98,CANCELLED,2026-03-09 15:20:41.465448
9208,853,199,3,1556.01,PENDING,2026-01-26 22:09:41.465448
9209,497,185,1,751.74,COMPLETED,2025-12-10 08:58:41.465448
9210,128,130,2,3833.82,COMPLETED,2026-07-19 02:10:41.465448
9211,657,144,4,1984.4,PENDING,2025-11-28 09:51:41.465448
9212,389,191,4,3125.04,COMPLETED,2026-03-04 21:56:41.465448
9213,220,22,5,2232.7,COMPLETED,2026-02-05 16:07:41.465448
9214,881,74,2,395.44,COMPLETED,2026-07-19 18:43:41.465448
9215,214,71,2,3094.64,PENDING,2026-03-17 14:01:41.465448
9216,798,35,5,3057.7,COMPLETED,2026-05-30 20:17:41.465448
9217,535,57,3,3725.07,CANCELLED,2025-10-22 13:45:41.465448
9218,403,38,2,2661.2,PENDING,2026-03-16 22:43:41.465448
9219,686,33,3,1649.43,COMPLETED,2026-05-14 08:23:41.465448
9220,423,22,1,446.54,COMPLETED,2026-02-24 21:51:41.465448
9221,368,56,3,5289.66,CANCELLED,2026-09-01 12:13:41.465448
9222,974,123,2,3601.28,PENDING,2026-06-30 17:41:41.465448
9223,948,121,2,2368.82,CANCELLED,2025-09-13 22:28:41.465448
9224,519,176,2,1208.2,PENDING,2026-05-30 03:02:41.465448
9225,792,193,2,2080.42,COMPLETED,2026-02-12 01:49:41.465448
9226,779,163,4,4758.0,COMPLETED,2025-09-29 20:46:41.465448
9227,591,92,1,343.54,CANCELLED,2025-09-15 05:51:41.465448
9228,706,144,4,1984.4,COMPLETED,2026-07-24 23:56:41.465448
9229,564,10,3,2522.91,PENDING,2025-12-06 19:54:41.465448
9230,5,73,3,2570.25,PENDING,2026-05-31 03:23:41.465448
9231,714,163,4,4758.0,PENDING,2026-04-16 05:11:41.465448
9232,869,150,5,6491.5,COMPLETED,2025-11-15 02:54:41.465448
9233,714,185,4,3006.96,COMPLETED,2026-02-25 02:34:41.465448
9234,693,50,5,4798.05,CANCELLED,2026-05-05 11:46:41.465448
9235,43,128,5,2076.95,COMPLETED,2025-11-21 07:23:41.465448
9236,993,129,3,4146.99,CANCELLED,2026-04-06 14:04:41.465448
9237,363,117,3,1523.88,COMPLETED,2025-09-22 02:26:41.465448
9238,319,99,3,2473.8,COMPLETED,2026-08-27 03:37:41.465448
9239,253,17,4,3696.72,PENDING,2025-09-14 08:39:41.465448
9240,973,154,2,2205.34,CANCELLED,2026-04-21 21:46:41.465448
9241,845,162,2,2487.66,COMPLETED,2026-05-18 20:21:41.465448
9242,312,39,2,3689.06,COMPLETED,2026-06-02 10:53:41.465448
9243,742,88,4,1443.92,CANCELLED,2025-10-01 11:59:41.465448
9244,174,137,2,1885.0,COMPLETED,2025-09-25 18:09:41.465448
9245,687,63,4,6590.64,COMPLETED,2025-12-10 20:11:41.465448
9246,626,10,5,4204.85,COMPLETED,2025-12-06 23:09:41.465448
9247,724,60,3,5630.4,COMPLETED,2026-05-13 10:45:41.465448
9248,550,169,1,1845.34,COMPLETED,2026-06-30 20:06:41.465448
9249,643,188,3,337.68,COMPLETED,2026-08-17 03:33:41.465448
9250,615,123,2,3601.28,COMPLETED,2026-06-17 14:54:41.465448
9251,473,8,5,5912.6,COMPLETED,2025-12-11 06:55:41.465448
9252,923,184,4,1003.32,COMPLETED,2025-10-04 00:52:41.465448
9253,312,92,3,1030.62,COMPLETED,2026-08-16 09:47:41.465448
9254,832,195,2,3298.26,CANCELLED,2026-08-11 06:53:41.465448
9255,676,116,5,5848.05,COMPLETED,2025-11-10 18:20:41.465448
9256,333,28,4,7428.8,PENDING,2026-08-07 09:27:41.465448
9257,381,49,5,4916.05,CANCELLED,2025-09-13 06:42:41.465448
9258,488,187,4,3366.68,PENDING,2025-10-03 13:31:41.465448
9259,114,27,2,144.56,COMPLETED,2026-07-11 02:50:41.465448
9260,213,135,2,951.24,CANCELLED,2025-09-14 13:25:41.465448
9261,591,86,4,5685.0,COMPLETED,2026-09-07 10:27:41.465448
9262,872,34,1,1972.01,COMPLETED,2026-07-03 12:41:41.465448
9263,929,5,4,1040.8,CANCELLED,2026-08-22 06:43:41.465448
9264,718,94,1,1915.98,COMPLETED,2026-03-25 14:39:41.465448
9265,513,10,5,4204.85,COMPLETED,2026-05-05 10:29:41.465448
9266,143,83,5,4424.3,PENDING,2025-10-21 11:33:41.465448
9267,682,181,1,485.53,COMPLETED,2026-02-08 10:24:41.465448
9268,663,16,3,3297.39,PENDING,2026-02-19 15:59:41.465448
9269,450,123,1,1800.64,CANCELLED,2025-10-06 01:56:41.465448
9270,711,134,5,8001.7,CANCELLED,2026-05-22 02:11:41.465448
9271,283,119,5,3528.8,PENDING,2026-05-14 16:35:41.465448
9272,838,195,2,3298.26,COMPLETED,2026-04-08 14:03:41.465448
9273,447,21,1,1966.11,COMPLETED,2025-11-09 11:15:41.465448
9274,135,87,5,3004.8,COMPLETED,2026-08-21 11:32:41.465448
9275,180,100,5,670.2,CANCELLED,2026-04-28 11:27:41.465448
9276,843,95,1,1715.94,COMPLETED,2026-01-25 10:03:41.465448
9277,623,30,4,4498.4,CANCELLED,2025-10-25 22:03:41.465448
9278,298,153,4,613.56,COMPLETED,2026-04-10 04:37:41.465448
9279,988,185,1,751.74,COMPLETED,2026-04-25 11:15:41.465448
9280,804,14,3,2162.79,COMPLETED,2026-05-10 15:02:41.465448
9281,742,40,1,922.62,COMPLETED,2026-03-30 19:28:41.465448
9282,301,124,3,4206.48,CANCELLED,2026-07-31 02:39:41.465448
9283,137,119,1,705.76,COMPLETED,2026-02-13 02:54:41.465448
9284,942,37,2,2933.56,COMPLETED,2026-03-09 03:41:41.465448
9285,963,45,4,2949.56,COMPLETED,2026-08-30 17:00:41.465448
9286,20,112,4,1547.24,COMPLETED,2026-09-10 01:51:41.465448
9287,652,62,1,1916.21,COMPLETED,2025-10-10 08:59:41.465448
9288,307,124,2,2804.32,COMPLETED,2025-11-07 20:18:41.465448
9289,337,165,2,2853.78,COMPLETED,2026-04-11 15:56:41.465448
9290,398,162,2,2487.66,PENDING,2026-07-08 19:45:41.465448
9291,438,97,4,7143.8,COMPLETED,2026-04-27 10:51:41.465448
9292,300,46,5,56.9,PENDING,2026-06-21 13:27:41.465448
9293,131,127,4,2211.36,CANCELLED,2025-12-17 04:59:41.465448
9294,460,154,2,2205.34,COMPLETED,2026-01-17 22:39:41.465448
9295,601,109,3,2945.58,PENDING,2025-12-12 05:53:41.465448
9296,506,117,4,2031.84,CANCELLED,2026-02-12 00:58:41.465448
9297,91,1,1,1568.08,COMPLETED,2026-06-24 19:35:41.465448
9298,786,110,5,9999.6,COMPLETED,2026-03-15 22:25:41.465448
9299,273,20,5,6877.4,COMPLETED,2026-05-24 02:17:41.465448
9300,949,112,1,386.81,CANCELLED,2025-09-20 02:22:41.465448
9301,69,118,3,4653.57,COMPLETED,2025-11-10 15:56:41.465448
9302,782,183,1,379.26,COMPLETED,2025-11-18 09:21:41.465448
9303,577,196,3,3832.23,CANCELLED,2026-08-15 20:43:41.465448
9304,394,42,4,7159.72,CANCELLED,2026-05-28 07:09:41.465448
9305,192,95,5,8579.7,COMPLETED,2026-06-04 22:25:41.465448
9306,411,42,4,7159.72,COMPLETED,2025-12-30 00:11:41.465448
9307,115,114,1,487.86,COMPLETED,2026-05-26 10:13:41.465448
9308,453,101,4,7682.8,CANCELLED,2026-02-01 23:32:41.465448
9309,597,140,1,1466.45,COMPLETED,2025-09-29 20:39:41.465448
9310,445,72,4,1342.32,CANCELLED,2026-01-14 12:56:41.465448
9311,72,195,1,1649.13,PENDING,2026-09-11 03:29:41.465448
9312,539,59,2,2428.5,PENDING,2025-10-22 13:18:41.465448
9313,260,27,1,72.28,PENDING,2025-12-01 11:05:41.465448
9314,838,194,5,8618.8,COMPLETED,2026-07-03 00:29:41.465448
9315,470,168,5,6338.6,COMPLETED,2025-12-07 11:15:41.465448
9316,739,178,3,2059.74,COMPLETED,2026-03-06 03:39:41.465448
9317,991,134,1,1600.34,COMPLETED,2026-08-26 05:47:41.465448
9318,797,15,1,1202.32,COMPLETED,2026-06-21 16:11:41.465448
9319,196,55,2,2379.94,PENDING,2026-04-27 02:08:41.465448
9320,420,183,3,1137.78,COMPLETED,2025-12-27 10:53:41.465448
9321,828,167,5,3620.8,CANCELLED,2026-04-17 20:48:41.465448
9322,54,16,4,4396.52,PENDING,2025-09-22 05:48:41.465448
9323,92,133,1,1159.56,COMPLETED,2025-10-26 07:06:41.465448
9324,839,144,1,496.1,PENDING,2026-08-06 08:10:41.465448
9325,277,21,1,1966.11,COMPLETED,2026-01-09 21:04:41.465448
9326,319,168,1,1267.72,PENDING,2026-05-25 11:03:41.465448
9327,241,33,4,2199.24,PENDING,2026-02-28 20:04:41.465448
9328,971,69,3,5201.46,COMPLETED,2026-01-24 01:05:41.465448
9329,570,106,1,1244.36,COMPLETED,2025-12-10 20:04:41.465448
9330,837,144,3,1488.3,CANCELLED,2026-08-13 19:22:41.465448
9331,501,131,5,4828.9,PENDING,2026-08-11 18:02:41.465448
9332,234,60,5,9384.0,COMPLETED,2025-11-13 18:32:41.465448
9333,246,82,3,5143.71,PENDING,2025-11-08 18:16:41.465448
9334,271,142,4,1823.52,COMPLETED,2026-05-21 23:49:41.465448
9335,936,185,1,751.74,COMPLETED,2026-03-17 08:19:41.465448
9336,872,142,4,1823.52,COMPLETED,2026-05-07 07:35:41.465448
9337,319,50,3,2878.83,CANCELLED,2026-05-23 02:52:41.465448
9338,160,155,5,5066.0,COMPLETED,2026-01-01 13:20:41.465448
9339,269,93,5,5133.0,COMPLETED,2026-07-18 16:54:41.465448
9340,191,66,1,466.35,PENDING,2026-08-02 01:56:41.465448
9341,704,26,5,8181.3,PENDING,2026-04-15 01:09:41.465448
9342,979,27,2,144.56,COMPLETED,2026-04-17 16:44:41.465448
9343,205,142,4,1823.52,COMPLETED,2026-05-29 12:53:41.465448
9344,934,13,5,8370.4,PENDING,2025-11-27 04:32:41.465448
9345,313,107,2,3150.78,COMPLETED,2026-06-19 03:08:41.465448
9346,887,156,1,551.03,COMPLETED,2026-07-22 01:37:41.465448
9347,5,90,3,420.66,CANCELLED,2026-04-24 20:52:41.465448
9348,508,164,4,7713.2,CANCELLED,2026-09-11 11:22:41.465448
9349,204,122,2,2585.52,COMPLETED,2025-12-24 23:22:41.465448
9350,743,67,5,7584.95,CANCELLED,2026-05-02 00:52:41.465448
9351,147,131,3,2897.34,PENDING,2026-01-04 10:51:41.465448
9352,136,162,1,1243.83,CANCELLED,2026-03-23 15:10:41.465448
9353,50,7,4,2612.64,CANCELLED,2025-10-02 01:11:41.465448
9354,245,123,2,3601.28,CANCELLED,2026-07-17 05:24:41.465448
9355,609,102,1,439.03,COMPLETED,2026-05-09 02:26:41.465448
9356,282,41,4,4838.52,COMPLETED,2026-07-03 20:43:41.465448
9357,978,160,1,1505.58,COMPLETED,2026-03-24 02:44:41.465448
9358,782,190,5,8916.95,COMPLETED,2025-10-31 22:44:41.465448
9359,804,153,4,613.56,COMPLETED,2025-11-19 13:54:41.465448
9360,598,137,3,2827.5,COMPLETED,2026-04-18 12:59:41.465448
9361,759,145,3,1708.02,CANCELLED,2026-05-16 20:07:41.465448
9362,513,27,2,144.56,CANCELLED,2026-05-13 01:59:41.465448
9363,402,188,4,450.24,PENDING,2026-05-19 10:54:41.465448
9364,390,151,2,433.4,COMPLETED,2026-07-20 01:05:41.465448
9365,254,188,4,450.24,CANCELLED,2025-12-22 09:57:41.465448
9366,211,185,5,3758.7,COMPLETED,2026-05-03 06:33:41.465448
9367,924,161,1,1901.12,PENDING,2026-08-07 13:10:41.465448
9368,118,68,2,914.02,PENDING,2026-05-29 09:00:41.465448
9369,154,169,3,5536.02,COMPLETED,2026-05-12 07:25:41.465448
9370,617,148,4,2179.16,PENDING,2026-02-03 11:00:41.465448
9371,749,60,4,7507.2,COMPLETED,2026-03-18 16:45:41.465448
9372,556,56,5,8816.1,CANCELLED,2026-07-12 04:34:41.465448
9373,81,118,4,6204.76,PENDING,2025-12-16 05:34:41.465448
9374,399,62,4,7664.84,COMPLETED,2026-03-17 05:38:41.465448
9375,887,150,4,5193.2,PENDING,2025-11-18 19:15:41.465448
9376,221,104,4,955.88,CANCELLED,2025-12-27 20:57:41.465448
9377,972,23,1,1660.54,CANCELLED,2026-05-24 03:01:41.465448
9378,932,25,1,1531.11,COMPLETED,2026-09-10 14:53:41.465448
9379,355,1,5,7840.4,COMPLETED,2026-05-22 14:31:41.465448
9380,149,32,3,3811.02,COMPLETED,2026-04-11 16:59:41.465448
9381,143,192,4,5005.44,CANCELLED,2026-07-20 21:11:41.465448
9382,5,140,2,2932.9,CANCELLED,2026-05-05 13:08:41.465448
9383,23,144,5,2480.5,COMPLETED,2025-12-10 09:02:41.465448
9384,985,54,1,402.7,CANCELLED,2026-04-02 18:58:41.465448
9385,66,24,1,1350.3,CANCELLED,2026-02-25 21:20:41.465448
9386,450,198,2,2045.68,CANCELLED,2026-01-28 16:03:41.465448
9387,79,9,2,642.82,PENDING,2026-06-05 10:51:41.465448
9388,591,141,3,485.97,COMPLETED,2026-07-15 05:30:41.465448
9389,586,112,1,386.81,COMPLETED,2026-05-22 08:35:41.465448
9390,773,86,2,2842.5,CANCELLED,2025-11-28 10:40:41.465448
9391,635,89,1,1378.63,COMPLETED,2026-07-07 05:05:41.465448
9392,632,47,5,1455.1,COMPLETED,2026-03-01 08:23:41.465448
9393,261,98,1,1627.75,PENDING,2026-09-11 07:59:41.465448
9394,98,56,5,8816.1,COMPLETED,2026-03-31 07:23:41.465448
9395,902,1,2,3136.16,COMPLETED,2026-05-25 02:01:41.465448
9396,787,29,4,7957.28,COMPLETED,2026-04-03 14:35:41.465448
9397,478,145,3,1708.02,PENDING,2026-07-09 18:43:41.465448
9398,134,3,1,1093.46,COMPLETED,2026-04-20 16:00:41.465448
9399,737,103,1,1791.26,COMPLETED,2026-04-13 07:39:41.465448
9400,882,135,1,475.62,COMPLETED,2026-06-20 09:37:41.465448
9401,492,183,1,379.26,PENDING,2025-10-11 15:31:41.465448
9402,409,86,1,1421.25,CANCELLED,2026-04-15 03:33:41.465448
9403,894,26,5,8181.3,COMPLETED,2025-12-13 02:19:41.465448
9404,407,184,4,1003.32,COMPLETED,2026-07-25 18:05:41.465448
9405,705,200,4,4312.56,COMPLETED,2026-04-27 22:09:41.465448
9406,499,155,4,4052.8,PENDING,2026-08-22 00:58:41.465448
9407,928,98,3,4883.25,PENDING,2026-01-30 11:22:41.465448
9408,956,161,4,7604.48,CANCELLED,2025-11-07 13:10:41.465448
9409,637,30,3,3373.8,COMPLETED,2026-08-15 15:38:41.465448
9410,161,17,5,4620.9,COMPLETED,2026-04-16 00:08:41.465448
9411,299,107,3,4726.17,COMPLETED,2025-10-04 20:38:41.465448
9412,967,33,3,1649.43,PENDING,2026-01-03 12:09:41.465448
9413,896,104,2,477.94,PENDING,2026-08-14 17:24:41.465448
9414,144,115,4,7396.4,COMPLETED,2026-08-04 01:39:41.465448
9415,403,193,2,2080.42,COMPLETED,2026-08-13 10:42:41.465448
9416,889,28,2,3714.4,COMPLETED,2026-03-26 09:54:41.465448
9417,62,175,5,928.05,CANCELLED,2026-06-15 23:53:41.465448
9418,356,140,5,7332.25,PENDING,2026-02-06 09:59:41.465448
9419,275,56,3,5289.66,PENDING,2025-09-18 13:13:41.465448
9420,754,76,1,368.91,COMPLETED,2025-11-06 08:58:41.465448
9421,520,52,2,2238.94,COMPLETED,2026-03-21 06:31:41.465448
9422,135,190,4,7133.56,COMPLETED,2026-03-27 17:25:41.465448
9423,52,187,2,1683.34,CANCELLED,2025-12-15 13:30:41.465448
9424,813,165,2,2853.78,COMPLETED,2026-02-11 08:03:41.465448
9425,776,1,2,3136.16,PENDING,2026-05-14 00:25:41.465448
9426,793,60,4,7507.2,COMPLETED,2026-08-11 14:59:41.465448
9427,981,153,1,153.39,COMPLETED,2025-12-30 09:51:41.465448
9428,899,24,1,1350.3,COMPLETED,2026-04-11 11:29:41.465448
9429,238,192,3,3754.08,COMPLETED,2025-12-26 21:32:41.465448
9430,504,113,4,7948.84,COMPLETED,2026-08-22 18:19:41.465448
9431,197,18,1,573.96,COMPLETED,2025-11-21 11:09:41.465448
9432,287,150,1,1298.3,PENDING,2026-08-05 04:24:41.465448
9433,365,53,1,1409.28,COMPLETED,2026-01-22 16:00:41.465448
9434,361,181,2,971.06,COMPLETED,2026-04-06 08:42:41.465448
9435,944,177,5,1842.3,COMPLETED,2025-10-28 05:04:41.465448
9436,368,35,3,1834.62,PENDING,2025-12-01 10:20:41.465448
9437,355,1,5,7840.4,CANCELLED,2025-11-02 06:54:41.465448
9438,44,147,4,7939.92,CANCELLED,2025-12-26 21:32:41.465448
9439,276,54,5,2013.5,COMPLETED,2026-07-25 02:53:41.465448
9440,856,44,4,6561.2,CANCELLED,2026-08-25 02:53:41.465448
9441,342,67,4,6067.96,PENDING,2025-11-08 11:08:41.465448
9442,842,50,3,2878.83,COMPLETED,2026-05-13 12:47:41.465448
9443,355,31,2,1381.82,CANCELLED,2026-04-14 21:33:41.465448
9444,797,53,4,5637.12,COMPLETED,2026-03-02 20:02:41.465448
9445,330,187,1,841.67,COMPLETED,2025-10-18 04:22:41.465448
9446,839,113,3,5961.63,PENDING,2025-10-04 08:35:41.465448
9447,444,184,4,1003.32,COMPLETED,2026-03-13 00:46:41.465448
9448,650,169,1,1845.34,PENDING,2026-08-05 02:05:41.465448
9449,821,6,2,1627.02,COMPLETED,2025-12-19 02:43:41.465448
9450,393,20,3,4126.44,COMPLETED,2026-04-08 18:36:41.465448
9451,729,135,2,951.24,COMPLETED,2026-05-17 03:39:41.465448
9452,847,14,1,720.93,COMPLETED,2026-05-19 16:24:41.465448
9453,331,14,4,2883.72,COMPLETED,2026-05-24 15:27:41.465448
9454,721,27,3,216.84,COMPLETED,2026-07-20 21:02:41.465448
9455,605,104,2,477.94,COMPLETED,2026-07-14 00:09:41.465448
9456,205,111,2,1513.24,PENDING,2026-02-11 19:17:41.465448
9457,527,8,2,2365.04,COMPLETED,2026-07-25 16:21:41.465448
9458,35,161,3,5703.36,COMPLETED,2026-06-08 11:46:41.465448
9459,526,23,4,6642.16,COMPLETED,2026-03-18 05:28:41.465448
9460,962,2,3,4554.24,COMPLETED,2026-06-13 12:08:41.465448
9461,204,183,2,758.52,CANCELLED,2026-04-27 06:01:41.465448
9462,412,131,3,2897.34,CANCELLED,2025-11-14 16:21:41.465448
9463,83,36,2,1802.76,COMPLETED,2026-03-10 00:23:41.465448
9464,659,69,5,8669.1,COMPLETED,2026-03-16 04:42:41.465448
9465,67,36,4,3605.52,COMPLETED,2026-08-22 15:12:41.465448
9466,402,129,2,2764.66,COMPLETED,2025-09-21 13:57:41.465448
9467,80,19,2,1051.36,PENDING,2026-04-26 22:01:41.465448
9468,224,39,3,5533.59,PENDING,2026-04-13 18:15:41.465448
9469,275,16,3,3297.39,COMPLETED,2026-08-24 05:22:41.465448
9470,748,94,5,9579.9,CANCELLED,2026-08-21 05:21:41.465448
9471,839,152,5,2923.15,PENDING,2025-10-20 12:03:41.465448
9472,294,46,5,56.9,PENDING,2026-06-21 08:47:41.465448
9473,622,98,5,8138.75,COMPLETED,2025-10-01 23:37:41.465448
9474,491,137,1,942.5,CANCELLED,2025-12-28 11:16:41.465448
9475,71,74,3,593.16,COMPLETED,2026-01-25 18:48:41.465448
9476,630,179,5,3041.2,COMPLETED,2025-12-18 11:03:41.465448
9477,778,93,1,1026.6,COMPLETED,2025-11-16 18:30:41.465448
9478,300,32,5,6351.7,COMPLETED,2026-08-23 17:34:41.465448
9479,605,24,3,4050.9,COMPLETED,2026-06-30 16:34:41.465448
9480,876,78,1,22.1,COMPLETED,2026-09-09 00:08:41.465448
9481,683,142,2,911.76,CANCELLED,2026-03-09 06:12:41.465448
9482,644,52,2,2238.94,COMPLETED,2026-01-14 02:10:41.465448
9483,759,120,5,7553.5,PENDING,2025-12-19 05:56:41.465448
9484,176,111,1,756.62,COMPLETED,2026-01-15 23:15:41.465448
9485,254,54,2,805.4,COMPLETED,2026-09-02 07:05:41.465448
9486,292,195,4,6596.52,CANCELLED,2026-07-27 15:58:41.465448
9487,575,72,5,1677.9,PENDING,2025-09-24 02:09:41.465448
9488,176,86,3,4263.75,COMPLETED,2026-07-22 04:21:41.465448
9489,672,177,4,1473.84,CANCELLED,2026-05-31 10:12:41.465448
9490,389,163,2,2379.0,COMPLETED,2026-05-08 09:52:41.465448
9491,70,103,1,1791.26,COMPLETED,2025-09-28 16:44:41.465448
9492,877,94,2,3831.96,CANCELLED,2025-11-17 00:23:41.465448
9493,914,104,1,238.97,CANCELLED,2026-06-02 05:47:41.465448
9494,80,66,2,932.7,COMPLETED,2026-06-14 18:21:41.465448
9495,118,38,4,5322.4,CANCELLED,2025-10-07 09:44:41.465448
9496,983,178,4,2746.32,CANCELLED,2025-11-08 20:19:41.465448
9497,782,110,4,7999.68,COMPLETED,2026-06-19 06:30:41.465448
9498,895,158,4,3809.84,PENDING,2025-09-14 13:20:41.465448
9499,462,62,5,9581.05,COMPLETED,2025-11-04 18:07:41.465448
9500,607,186,1,508.09,PENDING,2025-09-23 03:53:41.465448
9501,291,30,4,4498.4,COMPLETED,2026-01-08 05:18:41.465448
9502,674,15,4,4809.28,COMPLETED,2026-06-16 07:51:41.465448
9503,875,182,3,3057.36,COMPLETED,2025-12-01 15:37:41.465448
9504,397,160,3,4516.74,COMPLETED,2026-09-06 12:25:41.465448
9505,391,199,2,1037.34,COMPLETED,2026-04-26 20:44:41.465448
9506,792,156,3,1653.09,COMPLETED,2026-08-02 13:40:41.465448
9507,287,130,3,5750.73,COMPLETED,2026-03-13 10:56:41.465448
9508,509,45,4,2949.56,PENDING,2026-07-04 18:29:41.465448
9509,806,91,2,3484.86,COMPLETED,2026-03-06 22:41:41.465448
9510,885,85,2,1991.44,CANCELLED,2025-11-22 02:48:41.465448
9511,942,45,3,2212.17,COMPLETED,2026-05-01 04:17:41.465448
9512,498,174,2,1917.1,PENDING,2026-07-28 21:11:41.465448
9513,299,158,4,3809.84,PENDING,2026-05-15 20:37:41.465448
9514,73,4,1,904.74,COMPLETED,2026-08-28 06:59:41.465448
9515,278,167,2,1448.32,PENDING,2026-08-26 19:00:41.465448
9516,207,146,2,2133.92,CANCELLED,2025-09-14 08:05:41.465448
9517,811,44,3,4920.9,CANCELLED,2025-12-13 23:34:41.465448
9518,886,193,4,4160.84,COMPLETED,2026-08-21 03:15:41.465448
9519,890,79,1,316.1,COMPLETED,2025-12-10 01:30:41.465448
9520,84,173,2,2536.14,COMPLETED,2026-01-23 01:26:41.465448
9521,54,108,4,166.12,COMPLETED,2025-10-22 13:29:41.465448
9522,560,137,4,3770.0,COMPLETED,2026-06-30 22:26:41.465448
9523,844,160,3,4516.74,COMPLETED,2026-06-19 04:14:41.465448
9524,841,14,2,1441.86,CANCELLED,2025-11-06 17:02:41.465448
9525,729,148,2,1089.58,CANCELLED,2026-01-29 10:09:41.465448
9526,654,48,5,7182.4,COMPLETED,2026-02-09 11:37:41.465448
9527,421,163,3,3568.5,CANCELLED,2026-03-23 17:46:41.465448
9528,170,88,1,360.98,COMPLETED,2026-01-04 13:14:41.465448
9529,635,179,1,608.24,COMPLETED,2026-02-10 10:10:41.465448
9530,713,111,5,3783.1,CANCELLED,2026-08-26 19:36:41.465448
9531,518,48,1,1436.48,CANCELLED,2026-05-10 00:42:41.465448
9532,901,94,1,1915.98,COMPLETED,2026-08-14 18:19:41.465448
9533,752,194,2,3447.52,COMPLETED,2026-08-20 13:14:41.465448
9534,868,163,3,3568.5,COMPLETED,2026-03-30 15:53:41.465448
9535,711,58,3,4827.72,PENDING,2025-12-26 14:59:41.465448
9536,510,168,5,6338.6,COMPLETED,2025-09-20 15:04:41.465448
9537,363,67,2,3033.98,CANCELLED,2026-05-23 17:41:41.465448
9538,251,26,3,4908.78,CANCELLED,2026-04-10 00:21:41.465448
9539,628,159,1,818.21,COMPLETED,2025-10-22 01:54:41.465448
9540,64,55,5,5949.85,COMPLETED,2026-07-23 15:03:41.465448
9541,683,25,4,6124.44,COMPLETED,2026-04-13 19:51:41.465448
9542,840,62,1,1916.21,PENDING,2026-07-04 07:09:41.465448
9543,808,2,2,3036.16,COMPLETED,2025-09-29 20:39:41.465448
9544,557,200,4,4312.56,COMPLETED,2026-04-23 18:19:41.465448
9545,508,117,1,507.96,CANCELLED,2026-02-03 05:01:41.465448
9546,453,120,4,6042.8,PENDING,2026-08-26 23:24:41.465448
9547,303,35,3,1834.62,COMPLETED,2025-12-20 16:17:41.465448
9548,961,159,3,2454.63,COMPLETED,2025-12-08 20:08:41.465448
9549,468,89,1,1378.63,PENDING,2026-03-27 21:06:41.465448
9550,760,44,3,4920.9,COMPLETED,2025-10-30 06:18:41.465448
9551,632,44,5,8201.5,COMPLETED,2025-11-19 07:39:41.465448
9552,868,136,2,113.06,COMPLETED,2026-04-14 11:04:41.465448
9553,755,58,3,4827.72,COMPLETED,2026-08-16 20:05:41.465448
9554,864,104,2,477.94,COMPLETED,2026-04-09 13:25:41.465448
9555,4,187,1,841.67,COMPLETED,2026-07-04 17:41:41.465448
9556,480,57,5,6208.45,CANCELLED,2026-05-09 09:27:41.465448
9557,930,174,1,958.55,COMPLETED,2026-08-21 22:16:41.465448
9558,173,138,5,7490.25,COMPLETED,2025-11-06 01:44:41.465448
9559,498,77,1,1438.1,COMPLETED,2025-09-27 02:01:41.465448
9560,785,131,5,4828.9,COMPLETED,2026-03-05 12:36:41.465448
9561,27,113,5,9936.05,CANCELLED,2025-11-20 22:32:41.465448
9562,673,144,3,1488.3,COMPLETED,2025-09-26 11:36:41.465448
9563,890,142,2,911.76,COMPLETED,2026-05-23 14:15:41.465448
9564,432,15,1,1202.32,COMPLETED,2026-02-22 06:20:41.465448
9565,932,47,2,582.04,COMPLETED,2026-04-10 16:25:41.465448
9566,617,94,3,5747.94,COMPLETED,2025-12-05 04:43:41.465448
9567,114,30,1,1124.6,CANCELLED,2026-01-31 23:56:41.465448
9568,185,175,1,185.61,CANCELLED,2026-07-19 21:17:41.465448
9569,332,95,1,1715.94,CANCELLED,2026-09-12 13:45:41.465448
9570,977,76,2,737.82,PENDING,2026-01-25 16:19:41.465448
9571,325,193,2,2080.42,COMPLETED,2026-01-14 11:08:41.465448
9572,178,41,4,4838.52,COMPLETED,2025-11-13 01:34:41.465448
9573,874,10,2,1681.94,CANCELLED,2026-06-02 09:52:41.465448
9574,275,158,1,952.46,COMPLETED,2026-05-03 16:06:41.465448
9575,11,143,3,5323.95,COMPLETED,2025-12-18 05:16:41.465448
9576,812,14,4,2883.72,COMPLETED,2026-04-12 23:32:41.465448
9577,63,133,3,3478.68,COMPLETED,2026-04-10 19:37:41.465448
9578,398,68,4,1828.04,PENDING,2026-09-11 04:34:41.465448
9579,194,98,4,6511.0,COMPLETED,2026-05-28 01:14:41.465448
9580,588,136,1,56.53,COMPLETED,2026-03-08 05:42:41.465448
9581,161,159,3,2454.63,PENDING,2025-10-22 18:36:41.465448
9582,736,147,1,1984.98,PENDING,2026-01-24 03:39:41.465448
9583,535,5,2,520.4,CANCELLED,2026-01-13 21:35:41.465448
9584,516,48,5,7182.4,COMPLETED,2025-09-25 03:12:41.465448
9585,819,155,4,4052.8,COMPLETED,2025-11-21 09:46:41.465448
9586,668,86,4,5685.0,CANCELLED,2026-06-03 03:46:41.465448
9587,453,129,1,1382.33,COMPLETED,2025-11-14 21:41:41.465448
9588,733,14,1,720.93,COMPLETED,2026-08-14 17:33:41.465448
9589,255,96,1,292.7,PENDING,2026-06-20 18:34:41.465448
9590,434,98,1,1627.75,CANCELLED,2025-10-09 01:28:41.465448
9591,194,23,4,6642.16,COMPLETED,2026-09-12 17:30:41.465448
9592,672,81,2,2722.8,CANCELLED,2025-09-23 22:18:41.465448
9593,998,149,2,3065.82,COMPLETED,2026-06-30 04:59:41.465448
9594,289,194,3,5171.28,PENDING,2026-06-21 22:55:41.465448
9595,802,176,1,604.1,CANCELLED,2026-03-08 08:40:41.465448
9596,407,70,1,1673.05,COMPLETED,2026-03-13 20:10:41.465448
9597,340,193,1,1040.21,COMPLETED,2026-06-15 22:25:41.465448
9598,519,74,5,988.6,COMPLETED,2026-06-14 15:51:41.465448
9599,925,1,3,4704.24,COMPLETED,2026-06-17 21:27:41.465448
9600,100,17,1,924.18,COMPLETED,2026-07-16 19:32:41.465448
9601,25,54,5,2013.5,CANCELLED,2026-06-12 23:30:41.465448
9602,392,105,1,1707.95,PENDING,2026-03-20 19:09:41.465448
9603,286,110,1,1999.92,PENDING,2025-10-05 00:36:41.465448
9604,774,119,1,705.76,PENDING,2025-12-15 22:25:41.465448
9605,429,100,2,268.08,COMPLETED,2026-04-23 02:00:41.465448
9606,741,77,2,2876.2,COMPLETED,2025-10-23 21:31:41.465448
9607,392,115,3,5547.3,COMPLETED,2025-10-09 06:57:41.465448
9608,628,65,1,1715.95,COMPLETED,2025-11-03 14:48:41.465448
9609,401,107,2,3150.78,PENDING,2026-09-04 16:11:41.465448
9610,457,55,4,4759.88,CANCELLED,2025-12-09 05:03:41.465448
9611,716,21,3,5898.33,COMPLETED,2026-02-14 09:15:41.465448
9612,532,158,1,952.46,CANCELLED,2026-08-31 16:30:41.465448
9613,553,126,5,6094.25,PENDING,2026-02-15 05:31:41.465448
9614,621,6,1,813.51,COMPLETED,2026-05-23 00:44:41.465448
9615,151,144,2,992.2,PENDING,2026-06-13 00:04:41.465448
9616,326,105,4,6831.8,PENDING,2026-05-01 21:29:41.465448
9617,710,5,1,260.2,COMPLETED,2026-08-10 16:12:41.465448
9618,350,186,5,2540.45,CANCELLED,2026-07-29 03:00:41.465448
9619,511,137,1,942.5,COMPLETED,2026-01-25 00:24:41.465448
9620,533,55,3,3569.91,COMPLETED,2025-11-26 21:43:41.465448
9621,444,9,4,1285.64,COMPLETED,2025-10-13 16:10:41.465448
9622,366,154,4,4410.68,PENDING,2025-10-21 14:26:41.465448
9623,142,148,5,2723.95,COMPLETED,2026-08-23 11:05:41.465448
9624,935,128,4,1661.56,PENDING,2026-01-23 15:22:41.465448
9625,259,57,3,3725.07,COMPLETED,2026-04-20 05:16:41.465448
9626,832,111,4,3026.48,CANCELLED,2026-08-29 07:47:41.465448
9627,646,115,1,1849.1,PENDING,2025-12-12 09:56:41.465448
9628,65,20,3,4126.44,CANCELLED,2026-09-10 22:28:41.465448
9629,564,3,2,2186.92,COMPLETED,2026-04-23 01:29:41.465448
9630,84,8,1,1182.52,CANCELLED,2026-08-01 15:51:41.465448
9631,724,1,5,7840.4,CANCELLED,2025-11-13 19:46:41.465448
9632,627,163,2,2379.0,PENDING,2026-03-07 13:18:41.465448
9633,793,151,5,1083.5,PENDING,2026-01-26 11:28:41.465448
9634,7,113,2,3974.42,COMPLETED,2026-08-02 05:33:41.465448
9635,172,168,4,5070.88,COMPLETED,2026-08-09 02:40:41.465448
9636,491,173,3,3804.21,COMPLETED,2026-01-30 02:25:41.465448
9637,320,139,5,6170.2,COMPLETED,2026-08-09 17:16:41.465448
9638,922,19,5,2628.4,CANCELLED,2026-05-06 10:35:41.465448
9639,92,152,5,2923.15,COMPLETED,2026-05-20 11:07:41.465448
9640,127,174,3,2875.65,COMPLETED,2025-10-08 04:13:41.465448
9641,126,39,2,3689.06,COMPLETED,2025-12-11 19:22:41.465448
9642,628,83,5,4424.3,PENDING,2026-02-17 02:51:41.465448
9643,503,23,1,1660.54,COMPLETED,2026-02-03 02:10:41.465448
9644,702,44,1,1640.3,CANCELLED,2026-03-27 08:52:41.465448
9645,761,188,5,562.8,PENDING,2025-12-02 02:43:41.465448
9646,188,92,2,687.08,PENDING,2026-04-01 05:11:41.465448
9647,758,187,5,4208.35,CANCELLED,2026-08-11 05:09:41.465448
9648,762,168,4,5070.88,COMPLETED,2025-10-25 14:09:41.465448
9649,626,67,5,7584.95,COMPLETED,2026-03-13 14:12:41.465448
9650,962,191,2,1562.52,COMPLETED,2025-10-02 02:16:41.465448
9651,813,3,1,1093.46,CANCELLED,2025-11-10 06:45:41.465448
9652,934,164,1,1928.3,COMPLETED,2025-12-12 21:57:41.465448
9653,544,14,3,2162.79,COMPLETED,2025-11-17 19:17:41.465448
9654,736,96,2,585.4,COMPLETED,2026-07-13 10:38:41.465448
9655,423,177,2,736.92,COMPLETED,2025-10-06 19:11:41.465448
9656,996,46,4,45.52,COMPLETED,2026-01-21 02:03:41.465448
9657,960,178,2,1373.16,PENDING,2026-03-14 06:08:41.465448
9658,941,121,3,3553.23,COMPLETED,2025-10-23 14:26:41.465448
9659,242,63,3,4942.98,COMPLETED,2026-03-04 22:12:41.465448
9660,218,71,4,6189.28,COMPLETED,2025-10-05 23:25:41.465448
9661,722,77,5,7190.5,COMPLETED,2026-02-08 08:08:41.465448
9662,96,97,4,7143.8,CANCELLED,2026-08-22 08:50:41.465448
9663,746,42,2,3579.86,COMPLETED,2026-03-18 01:42:41.465448
9664,89,51,2,3484.56,COMPLETED,2026-07-25 03:55:41.465448
9665,894,58,4,6436.96,COMPLETED,2026-03-12 17:08:41.465448
9666,624,140,3,4399.35,PENDING,2026-02-23 08:43:41.465448
9667,290,171,3,1183.53,COMPLETED,2026-09-03 06:55:41.465448
9668,289,113,4,7948.84,PENDING,2026-09-04 14:52:41.465448
9669,775,173,2,2536.14,PENDING,2026-02-26 16:26:41.465448
9670,712,14,4,2883.72,COMPLETED,2026-03-27 16:35:41.465448
9671,115,51,1,1742.28,COMPLETED,2025-12-15 17:37:41.465448
9672,141,114,4,1951.44,CANCELLED,2026-08-27 09:56:41.465448
9673,905,125,2,1561.94,COMPLETED,2025-12-16 08:34:41.465448
9674,736,185,3,2255.22,COMPLETED,2025-10-08 05:23:41.465448
9675,33,39,3,5533.59,COMPLETED,2025-10-25 08:49:41.465448
9676,289,2,1,1518.08,COMPLETED,2025-09-26 16:39:41.465448
9677,380,134,3,4801.02,COMPLETED,2026-07-11 00:27:41.465448
9678,875,167,3,2172.48,COMPLETED,2026-08-23 01:41:41.465448
9679,638,73,4,3427.0,COMPLETED,2026-05-25 22:06:41.465448
9680,303,23,2,3321.08,COMPLETED,2025-12-24 15:06:41.465448
9681,927,140,2,2932.9,COMPLETED,2026-08-18 02:51:41.465448
9682,217,8,2,2365.04,CANCELLED,2026-02-22 00:59:41.465448
9683,128,155,2,2026.4,COMPLETED,2025-10-10 22:52:41.465448
9684,825,145,3,1708.02,COMPLETED,2026-02-01 10:48:41.465448
9685,241,130,3,5750.73,PENDING,2026-07-22 14:36:41.465448
9686,215,2,4,6072.32,CANCELLED,2025-11-24 16:21:41.465448
9687,862,9,3,964.23,COMPLETED,2026-06-06 01:02:41.465448
9688,958,56,1,1763.22,COMPLETED,2026-08-23 04:43:41.465448
9689,789,80,2,2610.84,PENDING,2026-04-22 09:12:41.465448
9690,865,128,3,1246.17,COMPLETED,2026-01-25 09:26:41.465448
9691,96,16,3,3297.39,COMPLETED,2026-07-30 12:40:41.465448
9692,294,183,5,1896.3,PENDING,2026-08-10 23:43:41.465448
9693,352,198,2,2045.68,CANCELLED,2026-05-18 08:37:41.465448
9694,225,198,3,3068.52,COMPLETED,2026-07-07 23:08:41.465448
9695,354,142,1,455.88,COMPLETED,2026-05-21 03:08:41.465448
9696,464,69,5,8669.1,CANCELLED,2025-12-29 21:11:41.465448
9697,400,47,1,291.02,COMPLETED,2025-12-23 08:50:41.465448
9698,526,100,2,268.08,PENDING,2025-12-13 20:06:41.465448
9699,575,40,4,3690.48,PENDING,2026-04-26 09:09:41.465448
9700,310,86,1,1421.25,PENDING,2026-04-13 12:47:41.465448
9701,746,17,5,4620.9,COMPLETED,2025-10-09 13:58:41.465448
9702,335,146,2,2133.92,COMPLETED,2026-02-18 11:47:41.465448
9703,99,141,3,485.97,COMPLETED,2026-06-21 03:29:41.465448
9704,434,106,1,1244.36,COMPLETED,2025-11-19 16:33:41.465448
9705,316,184,4,1003.32,PENDING,2026-06-18 07:15:41.465448
9706,457,192,3,3754.08,COMPLETED,2026-03-29 01:47:41.465448
9707,814,130,1,1916.91,CANCELLED,2026-04-01 02:11:41.465448
9708,701,130,5,9584.55,COMPLETED,2026-04-17 22:16:41.465448
9709,218,198,2,2045.68,PENDING,2026-03-12 12:38:41.465448
9710,592,135,1,475.62,CANCELLED,2026-06-12 14:44:41.465448
9711,780,105,3,5123.85,COMPLETED,2025-11-10 12:02:41.465448
9712,287,113,4,7948.84,COMPLETED,2025-09-17 15:18:41.465448
9713,390,197,1,1066.92,PENDING,2026-08-14 09:16:41.465448
9714,49,139,2,2468.08,PENDING,2025-11-13 00:33:41.465448
9715,171,108,5,207.65,CANCELLED,2026-09-11 13:54:41.465448
9716,452,22,4,1786.16,COMPLETED,2026-01-01 22:59:41.465448
9717,800,93,3,3079.8,COMPLETED,2026-01-09 21:27:41.465448
9718,280,52,2,2238.94,COMPLETED,2025-10-12 13:48:41.465448
9719,3,70,5,8365.25,PENDING,2026-07-16 07:19:41.465448
9720,147,33,4,2199.24,COMPLETED,2026-04-17 06:41:41.465448
9721,722,198,4,4091.36,COMPLETED,2026-01-07 20:50:41.465448
9722,565,64,1,858.69,COMPLETED,2026-07-31 20:47:41.465448
9723,53,102,3,1317.09,COMPLETED,2026-05-25 05:17:41.465448
9724,374,165,1,1426.89,CANCELLED,2025-10-28 03:47:41.465448
9725,585,146,5,5334.8,COMPLETED,2026-05-05 16:25:41.465448
9726,580,58,3,4827.72,COMPLETED,2026-07-22 09:47:41.465448
9727,178,143,5,8873.25,COMPLETED,2025-10-01 14:37:41.465448
9728,14,131,5,4828.9,COMPLETED,2026-07-19 15:07:41.465448
9729,722,113,4,7948.84,COMPLETED,2025-10-20 14:10:41.465448
9730,151,57,5,6208.45,COMPLETED,2025-12-30 12:01:41.465448
9731,651,59,5,6071.25,PENDING,2026-06-21 18:17:41.465448
9732,586,21,1,1966.11,COMPLETED,2025-12-04 17:01:41.465448
9733,642,179,2,1216.48,COMPLETED,2026-08-26 00:34:41.465448
9734,32,192,5,6256.8,COMPLETED,2026-01-07 02:18:41.465448
9735,153,103,3,5373.78,CANCELLED,2026-07-22 03:20:41.465448
9736,147,154,1,1102.67,CANCELLED,2026-01-02 05:01:41.465448
9737,129,9,2,642.82,COMPLETED,2026-01-21 19:19:41.465448
9738,459,185,3,2255.22,COMPLETED,2026-01-15 19:35:41.465448
9739,793,53,5,7046.4,COMPLETED,2025-10-16 11:56:41.465448
9740,414,136,5,282.65,COMPLETED,2025-09-13 23:45:41.465448
9741,96,48,2,2872.96,CANCELLED,2026-08-09 07:53:41.465448
9742,234,171,2,789.02,COMPLETED,2026-02-24 17:04:41.465448
9743,338,55,5,5949.85,CANCELLED,2026-08-11 15:36:41.465448
9744,560,39,3,5533.59,PENDING,2026-04-19 15:10:41.465448
9745,910,126,2,2437.7,COMPLETED,2026-05-30 06:43:41.465448
9746,216,14,4,2883.72,COMPLETED,2026-09-05 01:06:41.465448
9747,250,90,1,140.22,COMPLETED,2025-12-15 10:13:41.465448
9748,518,198,4,4091.36,PENDING,2026-08-15 11:16:41.465448
9749,139,163,4,4758.0,PENDING,2026-07-13 12:08:41.465448
9750,505,148,2,1089.58,COMPLETED,2026-07-20 13:16:41.465448
9751,612,20,2,2750.96,COMPLETED,2026-02-12 18:30:41.465448
9752,641,29,1,1989.32,COMPLETED,2026-05-13 07:42:41.465448
9753,789,139,5,6170.2,COMPLETED,2026-04-15 04:34:41.465448
9754,863,57,1,1241.69,COMPLETED,2025-10-01 10:22:41.465448
9755,146,34,5,9860.05,COMPLETED,2025-10-06 19:02:41.465448
9756,898,57,2,2483.38,PENDING,2026-03-21 18:05:41.465448
9757,986,189,3,1158.12,COMPLETED,2026-07-21 17:34:41.465448
9758,641,105,5,8539.75,COMPLETED,2026-03-23 19:09:41.465448
9759,281,2,4,6072.32,CANCELLED,2026-09-05 04:27:41.465448
9760,522,103,1,1791.26,COMPLETED,2026-03-15 18:32:41.465448
9761,632,130,3,5750.73,PENDING,2026-01-19 09:04:41.465448
9762,275,34,1,1972.01,COMPLETED,2026-04-26 08:17:41.465448
9763,251,138,5,7490.25,COMPLETED,2026-06-02 04:44:41.465448
9764,689,92,4,1374.16,COMPLETED,2026-07-08 05:47:41.465448
9765,981,74,1,197.72,COMPLETED,2025-10-20 10:37:41.465448
9766,549,33,4,2199.24,COMPLETED,2026-01-06 23:49:41.465448
9767,909,182,2,2038.24,COMPLETED,2026-02-17 03:04:41.465448
9768,461,149,1,1532.91,CANCELLED,2026-01-15 17:41:41.465448
9769,407,18,5,2869.8,COMPLETED,2025-10-21 01:10:41.465448
9770,686,144,5,2480.5,COMPLETED,2026-07-29 17:38:41.465448
9771,927,153,5,766.95,PENDING,2025-11-10 13:37:41.465448
9772,55,132,4,635.52,COMPLETED,2025-12-07 10:45:41.465448
9773,695,111,4,3026.48,COMPLETED,2026-03-22 23:42:41.465448
9774,932,63,5,8238.3,CANCELLED,2026-03-04 21:42:41.465448
9775,263,134,2,3200.68,COMPLETED,2025-12-21 13:46:41.465448
9776,160,166,4,1448.52,COMPLETED,2026-08-31 02:21:41.465448
9777,685,169,4,7381.36,PENDING,2026-03-02 01:38:41.465448
9778,520,66,3,1399.05,CANCELLED,2026-03-18 04:55:41.465448
9779,37,63,2,3295.32,COMPLETED,2026-01-10 01:38:41.465448
9780,274,56,2,3526.44,PENDING,2026-08-05 02:12:41.465448
9781,918,73,5,4283.75,COMPLETED,2025-09-29 15:01:41.465448
9782,707,142,4,1823.52,CANCELLED,2025-12-24 10:15:41.465448
9783,481,128,4,1661.56,COMPLETED,2025-12-31 02:28:41.465448
9784,77,30,4,4498.4,PENDING,2026-05-05 07:10:41.465448
9785,552,197,4,4267.68,COMPLETED,2026-03-19 18:06:41.465448
9786,105,141,5,809.95,COMPLETED,2026-02-21 03:29:41.465448
9787,61,120,2,3021.4,COMPLETED,2026-03-01 03:21:41.465448
9788,412,46,1,11.38,COMPLETED,2025-09-14 09:50:41.465448
9789,242,89,2,2757.26,PENDING,2025-10-08 00:59:41.465448
9790,872,127,5,2764.2,COMPLETED,2026-03-06 00:43:41.465448
9791,531,34,3,5916.03,COMPLETED,2026-04-10 05:11:41.465448
9792,620,165,4,5707.56,PENDING,2026-06-27 21:14:41.465448
9793,182,187,3,2525.01,CANCELLED,2025-12-07 22:58:41.465448
9794,615,1,3,4704.24,CANCELLED,2026-01-18 20:11:41.465448
9795,268,64,1,858.69,COMPLETED,2026-01-25 01:58:41.465448
9796,445,168,5,6338.6,PENDING,2025-12-02 01:28:41.465448
9797,834,141,5,809.95,COMPLETED,2025-09-21 09:07:41.465448
9798,491,115,2,3698.2,CANCELLED,2026-01-13 12:08:41.465448
9799,207,7,1,653.16,CANCELLED,2026-07-12 18:53:41.465448
9800,673,108,4,166.12,COMPLETED,2025-10-16 02:01:41.465448
9801,838,66,5,2331.75,PENDING,2025-09-15 10:28:41.465448
9802,897,134,3,4801.02,COMPLETED,2026-09-11 04:12:41.465448
9803,306,39,3,5533.59,COMPLETED,2026-06-26 02:19:41.465448
9804,672,129,1,1382.33,COMPLETED,2026-03-16 11:52:41.465448
9805,150,171,4,1578.04,COMPLETED,2025-09-22 15:52:41.465448
9806,460,119,2,1411.52,COMPLETED,2026-01-18 22:17:41.465448
9807,170,22,3,1339.62,COMPLETED,2026-03-10 07:21:41.465448
9808,564,164,4,7713.2,COMPLETED,2025-11-01 22:16:41.465448
9809,543,16,2,2198.26,PENDING,2025-09-19 03:56:41.465448
9810,90,129,4,5529.32,PENDING,2026-06-07 19:54:41.465448
9811,969,108,4,166.12,CANCELLED,2026-08-05 11:07:41.465448
9812,168,149,3,4598.73,COMPLETED,2026-02-10 08:28:41.465448
9813,153,128,1,415.39,PENDING,2025-11-24 05:54:41.465448
9814,272,166,2,724.26,CANCELLED,2026-07-13 23:39:41.465448
9815,869,39,2,3689.06,COMPLETED,2026-07-14 03:19:41.465448
9816,899,74,2,395.44,COMPLETED,2026-05-17 22:13:41.465448
9817,498,58,3,4827.72,COMPLETED,2026-08-10 07:41:41.465448
9818,697,158,3,2857.38,COMPLETED,2026-01-31 12:59:41.465448
9819,129,124,3,4206.48,COMPLETED,2026-02-08 10:03:41.465448
9820,827,11,5,2348.25,COMPLETED,2025-11-22 16:21:41.465448
9821,962,42,4,7159.72,COMPLETED,2026-04-11 16:06:41.465448
9822,407,156,1,551.03,COMPLETED,2025-10-15 20:41:41.465448
9823,50,145,3,1708.02,CANCELLED,2026-01-09 07:19:41.465448
9824,254,108,2,83.06,CANCELLED,2026-09-10 05:31:41.465448
9825,527,78,3,66.3,COMPLETED,2025-11-28 03:51:41.465448
9826,841,18,4,2295.84,COMPLETED,2025-12-16 08:08:41.465448
9827,231,85,3,2987.16,COMPLETED,2025-10-01 13:21:41.465448
9828,844,187,1,841.67,CANCELLED,2026-05-28 22:27:41.465448
9829,57,71,3,4641.96,CANCELLED,2025-10-20 06:51:41.465448
9830,433,93,3,3079.8,COMPLETED,2026-01-20 23:43:41.465448
9831,716,199,3,1556.01,COMPLETED,2026-08-15 23:34:41.465448
9832,517,130,3,5750.73,CANCELLED,2026-03-25 03:17:41.465448
9833,728,28,1,1857.2,COMPLETED,2026-03-31 21:51:41.465448
9834,190,108,5,207.65,COMPLETED,2025-09-14 19:54:41.465448
9835,193,52,3,3358.41,PENDING,2026-07-09 23:36:41.465448
9836,73,134,5,8001.7,CANCELLED,2025-11-22 08:31:41.465448
9837,547,125,2,1561.94,PENDING,2026-03-01 07:46:41.465448
9838,912,92,4,1374.16,CANCELLED,2025-12-15 21:58:41.465448
9839,308,124,2,2804.32,COMPLETED,2026-08-20 13:13:41.465448
9840,761,123,4,7202.56,PENDING,2025-10-04 23:48:41.465448
9841,886,142,4,1823.52,COMPLETED,2026-01-24 15:57:41.465448
9842,847,48,4,5745.92,CANCELLED,2025-11-29 21:52:41.465448
9843,765,25,1,1531.11,COMPLETED,2025-12-03 04:14:41.465448
9844,269,23,2,3321.08,COMPLETED,2025-12-28 10:44:41.465448
9845,195,200,3,3234.42,CANCELLED,2026-03-19 14:35:41.465448
9846,381,120,4,6042.8,COMPLETED,2025-09-15 07:13:41.465448
9847,779,93,1,1026.6,COMPLETED,2026-06-05 07:05:41.465448
9848,294,166,3,1086.39,CANCELLED,2026-04-07 09:34:41.465448
9849,551,48,4,5745.92,PENDING,2026-07-26 03:39:41.465448
9850,221,195,3,4947.39,PENDING,2026-08-17 20:09:41.465448
9851,275,91,4,6969.72,COMPLETED,2026-03-29 00:18:41.465448
9852,328,91,1,1742.43,COMPLETED,2026-05-30 15:26:41.465448
9853,444,67,4,6067.96,COMPLETED,2025-10-28 02:02:41.465448
9854,652,175,4,742.44,COMPLETED,2026-01-28 05:09:41.465448
9855,83,75,5,6199.5,COMPLETED,2026-02-17 22:58:41.465448
9856,653,83,1,884.86,PENDING,2026-05-04 15:04:41.465448
9857,387,109,4,3927.44,COMPLETED,2025-11-24 21:14:41.465448
9858,143,174,1,958.55,PENDING,2026-06-05 11:53:41.465448
9859,638,99,3,2473.8,PENDING,2026-06-05 01:12:41.465448
9860,870,195,1,1649.13,CANCELLED,2025-10-27 06:09:41.465448
9861,939,200,1,1078.14,COMPLETED,2025-12-05 13:07:41.465448
9862,866,140,3,4399.35,COMPLETED,2026-07-08 03:27:41.465448
9863,604,109,4,3927.44,COMPLETED,2026-07-04 18:37:41.465448
9864,246,6,4,3254.04,COMPLETED,2026-04-27 12:09:41.465448
9865,517,45,4,2949.56,COMPLETED,2026-07-15 21:08:41.465448
9866,390,118,2,3102.38,COMPLETED,2025-11-25 13:11:41.465448
9867,133,178,5,3432.9,PENDING,2026-03-02 11:23:41.465448
9868,347,92,3,1030.62,COMPLETED,2025-10-28 06:39:41.465448
9869,990,149,1,1532.91,CANCELLED,2026-02-19 02:24:41.465448
9870,533,6,1,813.51,CANCELLED,2025-12-28 23:03:41.465448
9871,90,171,5,1972.55,COMPLETED,2026-07-28 09:25:41.465448
9872,817,40,2,1845.24,COMPLETED,2026-03-28 04:55:41.465448
9873,481,195,5,8245.65,COMPLETED,2026-01-07 06:11:41.465448
9874,274,15,1,1202.32,COMPLETED,2025-10-07 11:57:41.465448
9875,516,106,3,3733.08,PENDING,2026-01-11 01:58:41.465448
9876,835,29,3,5967.96,COMPLETED,2026-05-07 11:17:41.465448
9877,350,62,5,9581.05,PENDING,2026-01-01 00:15:41.465448
9878,571,34,2,3944.02,COMPLETED,2026-03-09 13:55:41.465448
9879,208,185,1,751.74,COMPLETED,2026-09-02 20:04:41.465448
9880,237,178,3,2059.74,CANCELLED,2025-09-14 09:53:41.465448
9881,332,118,3,4653.57,COMPLETED,2026-06-30 22:05:41.465448
9882,456,137,5,4712.5,PENDING,2026-02-08 07:40:41.465448
9883,500,191,2,1562.52,COMPLETED,2026-05-10 06:36:41.465448
9884,184,144,4,1984.4,COMPLETED,2025-09-23 14:22:41.465448
9885,934,96,5,1463.5,COMPLETED,2025-12-08 13:51:41.465448
9886,848,181,4,1942.12,COMPLETED,2026-02-08 08:18:41.465448
9887,168,118,2,3102.38,COMPLETED,2025-11-19 23:47:41.465448
9888,166,144,1,496.1,PENDING,2025-12-22 05:37:41.465448
9889,344,148,2,1089.58,COMPLETED,2026-08-09 05:09:41.465448
9890,313,57,5,6208.45,COMPLETED,2026-04-17 23:17:41.465448
9891,886,48,2,2872.96,COMPLETED,2026-05-27 14:53:41.465448
9892,761,36,5,4506.9,COMPLETED,2026-06-29 03:25:41.465448
9893,852,106,3,3733.08,PENDING,2026-03-25 06:40:41.465448
9894,985,44,5,8201.5,COMPLETED,2026-04-01 12:54:41.465448
9895,270,188,1,112.56,COMPLETED,2026-08-06 19:20:41.465448
9896,11,182,2,2038.24,COMPLETED,2025-10-05 14:21:41.465448
9897,735,90,3,420.66,COMPLETED,2025-11-04 03:37:41.465448
9898,949,101,5,9603.5,CANCELLED,2026-04-01 13:17:41.465448
9899,433,186,4,2032.36,COMPLETED,2026-06-16 08:53:41.465448
9900,485,100,2,268.08,COMPLETED,2026-07-15 10:26:41.465448
9901,544,198,3,3068.52,PENDING,2025-10-17 20:32:41.465448
9902,710,151,5,1083.5,COMPLETED,2026-01-31 11:32:41.465448
9903,295,171,5,1972.55,COMPLETED,2026-09-11 14:44:41.465448
9904,910,21,3,5898.33,COMPLETED,2026-03-09 18:01:41.465448
9905,388,171,1,394.51,COMPLETED,2025-09-30 23:55:41.465448
9906,424,159,5,4091.05,COMPLETED,2025-11-10 18:38:41.465448
9907,247,74,1,197.72,COMPLETED,2025-10-10 17:43:41.465448
9908,27,174,3,2875.65,PENDING,2026-09-08 12:24:41.465448
9909,454,138,5,7490.25,COMPLETED,2026-01-08 05:25:41.465448
9910,891,46,4,45.52,CANCELLED,2026-06-30 08:22:41.465448
9911,492,106,5,6221.8,PENDING,2026-02-28 17:07:41.465448
9912,303,195,5,8245.65,PENDING,2026-08-03 13:11:41.465448
9913,306,121,5,5922.05,CANCELLED,2025-10-08 11:25:41.465448
9914,167,38,2,2661.2,PENDING,2026-05-03 22:39:41.465448
9915,657,66,1,466.35,COMPLETED,2026-05-04 12:33:41.465448
9916,302,27,5,361.4,CANCELLED,2026-06-30 23:53:41.465448
9917,648,31,4,2763.64,COMPLETED,2026-07-29 17:20:41.465448
9918,392,149,3,4598.73,COMPLETED,2026-02-25 07:45:41.465448
9919,15,13,4,6696.32,COMPLETED,2025-11-17 05:48:41.465448
9920,368,7,1,653.16,PENDING,2026-06-28 10:10:41.465448
9921,28,188,3,337.68,COMPLETED,2026-09-05 16:58:41.465448
9922,269,184,1,250.83,COMPLETED,2025-11-20 06:33:41.465448
9923,319,170,3,3032.13,COMPLETED,2026-07-07 05:00:41.465448
9924,169,101,1,1920.7,COMPLETED,2026-07-12 07:53:41.465448
9925,63,167,4,2896.64,CANCELLED,2025-12-21 12:30:41.465448
9926,985,117,4,2031.84,CANCELLED,2026-07-21 19:01:41.465448
9927,6,90,4,560.88,COMPLETED,2025-10-02 22:50:41.465448
9928,887,116,1,1169.61,COMPLETED,2026-09-12 06:56:41.465448
9929,679,164,5,9641.5,COMPLETED,2026-07-30 07:34:41.465448
9930,36,54,1,402.7,COMPLETED,2025-10-14 17:57:41.465448
9931,795,144,2,992.2,PENDING,2026-08-14 23:12:41.465448
9932,529,69,4,6935.28,CANCELLED,2026-08-16 07:36:41.465448
9933,607,14,3,2162.79,CANCELLED,2026-08-07 22:21:41.465448
9934,942,123,1,1800.64,COMPLETED,2025-11-21 15:46:41.465448
9935,636,99,2,1649.2,PENDING,2026-09-08 08:31:41.465448
9936,170,87,5,3004.8,CANCELLED,2026-07-04 23:15:41.465448
9937,872,52,3,3358.41,PENDING,2026-08-18 18:01:41.465448
9938,625,137,3,2827.5,PENDING,2025-11-09 11:32:41.465448
9939,362,192,5,6256.8,CANCELLED,2026-03-05 03:28:41.465448
9940,974,111,1,756.62,CANCELLED,2026-06-24 08:28:41.465448
9941,967,127,1,552.84,PENDING,2026-06-23 07:04:41.465448
9942,911,73,4,3427.0,COMPLETED,2026-09-01 15:05:41.465448
9943,532,27,2,144.56,CANCELLED,2025-11-15 17:30:41.465448
9944,864,168,5,6338.6,COMPLETED,2026-02-15 12:35:41.465448
9945,720,91,1,1742.43,COMPLETED,2026-01-04 10:44:41.465448
9946,210,37,4,5867.12,COMPLETED,2026-06-09 11:24:41.465448
9947,439,48,2,2872.96,PENDING,2026-02-28 00:07:41.465448
9948,897,2,2,3036.16,COMPLETED,2026-05-10 14:44:41.465448
9949,107,51,1,1742.28,CANCELLED,2026-06-27 09:05:41.465448
9950,511,7,3,1959.48,CANCELLED,2026-01-20 01:35:41.465448
9951,759,173,2,2536.14,COMPLETED,2026-05-06 09:56:41.465448
9952,699,3,5,5467.3,COMPLETED,2026-03-06 00:24:41.465448
9953,901,130,4,7667.64,PENDING,2025-10-31 06:53:41.465448
9954,240,32,5,6351.7,COMPLETED,2026-04-12 10:02:41.465448
9955,868,198,1,1022.84,PENDING,2026-03-22 01:17:41.465448
9956,95,165,2,2853.78,COMPLETED,2025-10-12 16:45:41.465448
9957,339,64,5,4293.45,COMPLETED,2026-04-01 18:04:41.465448
9958,951,97,4,7143.8,COMPLETED,2026-05-04 08:59:41.465448
9959,317,102,4,1756.12,CANCELLED,2026-09-02 18:46:41.465448
9960,435,157,2,1264.8,CANCELLED,2026-03-14 08:31:41.465448
9961,832,175,5,928.05,PENDING,2026-08-29 18:19:41.465448
9962,109,45,3,2212.17,CANCELLED,2026-04-27 00:16:41.465448
9963,934,177,1,368.46,CANCELLED,2026-01-15 16:22:41.465448
9964,509,72,5,1677.9,CANCELLED,2025-11-01 08:35:41.465448
9965,283,51,3,5226.84,CANCELLED,2025-10-24 16:03:41.465448
9966,249,93,5,5133.0,COMPLETED,2026-05-04 11:17:41.465448
9967,491,61,3,4412.88,COMPLETED,2025-09-30 07:16:41.465448
9968,642,104,2,477.94,COMPLETED,2025-09-19 04:59:41.465448
9969,425,126,1,1218.85,CANCELLED,2026-09-07 06:59:41.465448
9970,181,164,3,5784.9,CANCELLED,2025-09-14 05:37:41.465448
9971,191,86,4,5685.0,PENDING,2026-03-13 03:18:41.465448
9972,924,116,4,4678.44,COMPLETED,2025-11-06 07:10:41.465448
9973,989,20,1,1375.48,COMPLETED,2026-08-09 02:44:41.465448
9974,870,72,2,671.16,COMPLETED,2026-09-08 23:34:41.465448
9975,158,175,2,371.22,PENDING,2026-03-08 17:03:41.465448
9976,937,186,3,1524.27,COMPLETED,2026-06-23 14:16:41.465448
9977,908,182,2,2038.24,COMPLETED,2026-09-06 15:37:41.465448
9978,45,115,5,9245.5,COMPLETED,2026-01-11 18:41:41.465448
9979,57,176,4,2416.4,COMPLETED,2026-07-11 06:45:41.465448
9980,244,192,4,5005.44,CANCELLED,2026-07-25 20:21:41.465448
9981,310,191,1,781.26,CANCELLED,2025-10-08 06:01:41.465448
9982,18,175,3,556.83,COMPLETED,2026-05-24 17:24:41.465448
9983,448,31,2,1381.82,COMPLETED,2026-08-05 10:51:41.465448
9984,625,159,1,818.21,COMPLETED,2026-06-24 13:19:41.465448
9985,236,193,2,2080.42,CANCELLED,2026-01-01 12:53:41.465448
9986,291,122,3,3878.28,COMPLETED,2026-06-13 14:28:41.465448
9987,574,145,1,569.34,CANCELLED,2026-03-23 10:03:41.465448
9988,399,125,2,1561.94,CANCELLED,2026-06-13 00:00:41.465448
9989,277,2,5,7590.4,COMPLETED,2026-05-18 08:23:41.465448
9990,394,20,3,4126.44,COMPLETED,2025-11-18 08:05:41.465448
9991,488,174,3,2875.65,PENDING,2026-03-27 12:58:41.465448
9992,49,177,1,368.46,COMPLETED,2025-10-01 02:25:41.465448
9993,459,131,2,1931.56,COMPLETED,2025-11-10 02:05:41.465448
9994,501,128,2,830.78,COMPLETED,2026-02-24 08:52:41.465448
9995,880,137,2,1885.0,COMPLETED,2026-06-26 05:39:41.465448
9996,396,40,3,2767.86,COMPLETED,2026-07-19 16:11:41.465448
9997,452,105,4,6831.8,COMPLETED,2026-06-20 10:56:41.465448
9998,790,72,3,1006.74,PENDING,2026-06-08 11:26:41.465448
9999,442,74,2,395.44,COMPLETED,2026-09-07 09:58:41.465448
10000,193,29,1,1989.32,COMPLETED,2025-12-10 10:55:41.465448
